spectrum,VDISP,VDISP_ERR,Z,Z_ERR,ZWARNING,SPECTROFLUX_U,SPECTROFLUX_G,SPECTROFLUX_R,SPECTROFLUX_I,SPECTROFLUX_Z,SPECTROFLUX_IVAR_U,SPECTROFLUX_IVAR_G,SPECTROFLUX_IVAR_R,SPECTROFLUX_IVAR_I,SPECTROFLUX_IVAR_Z,SPECTROSYNFLUX_U,SPECTROSYNFLUX_G,SPECTROSYNFLUX_R,SPECTROSYNFLUX_I,SPECTROSYNFLUX_Z,SPECTROSYNFLUX_IVAR_U,SPECTROSYNFLUX_IVAR_G,SPECTROSYNFLUX_IVAR_R,SPECTROSYNFLUX_IVAR_I,SPECTROSYNFLUX_IVAR_Z,object_id
"{'flux': array([-0.7598071, -0.7598776, -0.7599481, ..., 12.85719  , 12.857147 ,
       12.857103 ], dtype=float32), 'ivar': array([0., 0., 0., ..., 0., 0., 0.], dtype=float32), 'lsf_sigma': array([0.        , 0.        , 0.        , ..., 0.71502537, 0.        ,
       0.        ], dtype=float32), 'lambda': array([3787.913 , 3788.7854, 3789.658 , ..., 9217.221 , 9219.344 ,
       9221.467 ], dtype=float32), 'mask': array([ True,  True,  True, ...,  True,  True,  True])}",105.505005,20.927553,0.10262886,8.222167e-06,False,5.3518333,12.263675,24.013086,34.642445,42.15221,1.0975173,3.3579903,2.8741612,1.465873,0.67511564,4.9112315,12.204352,23.770727,35.197113,41.473743,2.9794621,3.4843051,2.7628505,1.749405,0.9556925,b'    461628614023079936'
"{'flux': array([16.363224 , 16.364405 , 16.365583 , ...,  5.773368 ,  5.773328 ,
        5.7732882], dtype=float32), 'ivar': array([0., 0., 0., ..., 0., 0., 0.], dtype=float32), 'lsf_sigma': array([0.        , 0.        , 0.        , ..., 0.7191302 , 0.74684024,
       0.        ], dtype=float32), 'lambda': array([3787.913 , 3788.7854, 3789.658 , ..., 9217.221 , 9219.344 ,
       9221.467 ], dtype=float32), 'mask': array([ True,  True,  True, ...,  True,  True,  True])}",55.352123,22.274382,0.062189225,6.463034e-06,False,14.140302,29.679224,42.053524,54.868134,58.079845,1.0975173,3.3579903,2.8741612,1.465873,0.67511564,7.690519,29.695498,42.11439,54.396683,60.402206,2.9794621,3.4843051,2.7628505,1.749405,0.9556925,b'    461629163778893824'
"{'flux': array([28.391745 , 28.393688 , 28.39563  , ...,  6.5476627,  6.547614 ,
        6.547565 ], dtype=float32), 'ivar': array([0., 0., 0., ..., 0., 0., 0.], dtype=float32), 'lsf_sigma': array([0.        , 0.        , 0.        , ..., 0.7175728 , 0.74693173,
       0.        ], dtype=float32), 'lambda': array([3787.913 , 3788.7854, 3789.658 , ..., 9217.221 , 9219.344 ,
       9221.467 ], dtype=float32), 'mask': array([ True,  True,  True, ...,  True,  True,  True])}",194.91913,17.321861,0.19192226,3.501745e-05,False,3.3916295,11.895378,38.43006,67.63889,95.490585,1.0975173,3.3579903,2.8741612,1.465873,0.67511564,4.216338,11.737471,38.523895,66.93014,95.52421,2.9794621,3.4843051,2.7628505,1.749405,0.9556925,b'    461629438656800768'
"{'flux': array([6.3791437, 6.376995 , 6.37485  , ..., 5.3064747, 5.306595 ,
       5.306715 ], dtype=float32), 'ivar': array([0., 0., 0., ..., 0., 0., 0.], dtype=float32), 'lsf_sigma': array([0., 0., 0., ..., 0., 0., 0.], dtype=float32), 'lambda': array([3787.913 , 3788.7854, 3789.658 , ..., 9217.221 , 9219.344 ,
       9221.467 ], dtype=float32), 'mask': array([ True,  True,  True, ...,  True,  True,  True])}",155.83717,9.551984,0.079991534,2.457931e-05,False,10.137599,31.837166,80.322784,120.463264,159.33002,1.0975173,3.3579903,2.8741612,1.465873,0.67511564,7.4470496,31.827032,79.98427,120.42404,158.76749,2.9794621,3.4843051,2.7628505,1.749405,0.9556925,b'    461729494214928384'
"{'flux': array([13.263488 , 13.259022 , 13.2545595, ..., 19.111935 , 19.112368 ,
       19.1128   ], dtype=float32), 'ivar': array([0., 0., 0., ..., 0., 0., 0.], dtype=float32), 'lsf_sigma': array([0., 0., 0., ..., 0., 0., 0.], dtype=float32), 'lambda': array([3787.913 , 3788.7854, 3789.658 , ..., 9217.221 , 9219.344 ,
       9221.467 ], dtype=float32), 'mask': array([ True,  True,  True, ...,  True,  True,  True])}",0.0,0.0,0.00026295814,2.3932893e-05,False,0.68696594,5.859431,19.737005,32.28379,42.351173,1.0975173,3.3579903,2.8741612,1.465873,0.67511564,0.6885859,5.796001,19.507244,32.110058,41.76281,2.9794621,3.4843051,2.7628505,1.749405,0.9556925,b'    461730043970742272'
"{'flux': array([1.6115434, 1.6110431, 1.6105436, ..., 6.2921033, 6.292274 ,
       6.2924438], dtype=float32), 'ivar': array([0., 0., 0., ..., 0., 0., 0.], dtype=float32), 'lsf_sigma': array([0., 0., 0., ..., 0., 0., 0.], dtype=float32), 'lambda': array([3787.913 , 3788.7854, 3789.658 , ..., 9217.221 , 9219.344 ,
       9221.467 ], dtype=float32), 'mask': array([ True,  True,  True, ...,  True,  True,  True])}",0.0,0.0,-0.00017316252,9.387824e-06,False,10.017099,43.601776,90.1,117.201065,135.69026,1.0975173,3.3579903,2.8741612,1.465873,0.67511564,11.358241,43.35127,90.079956,116.80843,134.16806,2.9794621,3.4843051,2.7628505,1.749405,0.9556925,b'    461731693238183936'
"{'flux': array([ 2.2652678,  2.264569 ,  6.845962 , ..., 11.634929 , 11.635248 ,
       11.635566 ], dtype=float32), 'ivar': array([0.        , 0.02335365, 0.        , ..., 0.        , 0.        ,
       0.        ], dtype=float32), 'lsf_sigma': array([0.       , 1.0570521, 1.0390148, ..., 0.       , 0.       ,
       0.       ], dtype=float32), 'lambda': array([3787.913 , 3788.7854, 3789.658 , ..., 9217.221 , 9219.344 ,
       9221.467 ], dtype=float32), 'mask': array([ True, False,  True, ...,  True,  True,  True])}",168.86984,13.246572,0.15208249,3.2180145e-05,False,3.3083196,11.299306,32.773262,52.953476,71.18188,1.0975173,3.3579903,2.8741612,1.465873,0.67511564,3.4936612,11.240003,32.773758,52.443428,71.70524,2.9794621,3.4843051,2.7628505,1.749405,0.9556925,b'    461740764209113088'
"{'flux': array([18.153217, 18.147217, 15.03947 , ..., 74.357506, 74.35927 ,
       74.36103 ], dtype=float32), 'ivar': array([0.        , 0.01322032, 0.        , ..., 0.        , 0.        ,
       0.        ], dtype=float32), 'lsf_sigma': array([0.       , 1.0573564, 1.0466237, ..., 0.       , 0.       ,
       0.       ], dtype=float32), 'lambda': array([3787.913 , 3788.7854, 3789.658 , ..., 9217.221 , 9219.344 ,
       9221.467 ], dtype=float32), 'mask': array([ True, False,  True, ...,  True,  True,  True])}",0.0,20.627567,0.043599978,7.737884e-06,False,8.115567,14.420575,22.82252,31.048029,37.1996,1.0975173,3.3579903,2.8741612,1.465873,0.67511564,7.434284,14.368945,22.803782,30.751585,36.758366,2.9794621,3.4843051,2.7628505,1.749405,0.9556925,b'    461742963232368640'
"{'flux': array([ 1.2479684,  1.2475711,  3.674088 , ..., 13.407541 , 13.407888 ,
       13.408233 ], dtype=float32), 'ivar': array([0.        , 0.01599168, 0.        , ..., 0.        , 0.        ,
       0.        ], dtype=float32), 'lsf_sigma': array([0.       , 1.0574911, 1.0383344, ..., 0.       , 0.       ,
       0.       ], dtype=float32), 'lambda': array([3787.913 , 3788.7854, 3789.658 , ..., 9217.221 , 9219.344 ,
       9221.467 ], dtype=float32), 'mask': array([ True, False,  True, ...,  True,  True,  True])}",0.0,0.0,0.00016999073,8.78844e-06,False,151.55626,304.58728,450.23706,515.04736,543.7966,1.0975173,3.3579903,2.8741612,1.465873,0.67511564,148.08574,305.1834,448.90717,516.09155,536.85834,2.9794621,3.4843051,2.7628505,1.749405,0.9556925,b'    461744612499810304'
"{'flux': array([-0.4637739 , -0.46361822,  1.0589294 , ..., 10.722383  ,
       10.722628  , 10.722873  ], dtype=float32), 'ivar': array([0.        , 0.02326636, 0.        , ..., 0.        , 0.        ,
       0.        ], dtype=float32), 'lsf_sigma': array([0.       , 1.0575539, 1.0388362, ..., 0.       , 0.       ,
       0.       ], dtype=float32), 'lambda': array([3787.913 , 3788.7854, 3789.658 , ..., 9217.221 , 9219.344 ,
       9221.467 ], dtype=float32), 'mask': array([ True, False,  True, ...,  True,  True,  True])}",28.59474,30.900932,0.03219464,5.463286e-06,False,23.042257,33.885967,53.098476,68.53867,81.63781,1.0975173,3.3579903,2.8741612,1.465873,0.67511564,18.65198,33.757874,52.729725,68.361496,82.06654,2.9794621,3.4843051,2.7628505,1.749405,0.9556925,b'    461745162255624192'
"{'flux': array([-1.0853875 , -1.0850221 , -0.26722202, ...,  6.818087  ,
        6.818241  ,  6.818396  ], dtype=float32), 'ivar': array([0.        , 0.02947227, 0.        , ..., 0.        , 0.        ,
       0.        ], dtype=float32), 'lsf_sigma': array([0.       , 1.0536673, 1.0440156, ..., 0.       , 0.       ,
       0.       ], dtype=float32), 'lambda': array([3787.913 , 3788.7854, 3789.658 , ..., 9217.221 , 9219.344 ,
       9221.467 ], dtype=float32), 'mask': array([ True, False,  True, ...,  True,  True,  True])}",145.22461,14.571218,0.13547221,3.3781995e-05,False,6.5908837,15.746602,39.795204,61.90408,83.56737,1.0975173,3.3579903,2.8741612,1.465873,0.67511564,5.644112,15.691956,39.64355,61.801495,84.12844,2.9794621,3.4843051,2.7628505,1.749405,0.9556925,b'    461757531761436672'
"{'flux': array([ 4.79099  ,  4.7893524,  3.1793687, ..., 18.53172  , 18.532124 ,
       18.532528 ], dtype=float32), 'ivar': array([0.        , 0.02558806, 0.        , ..., 0.        , 0.        ,
       0.        ], dtype=float32), 'lsf_sigma': array([0.       , 1.0536561, 1.0434195, ..., 0.       , 0.       ,
       0.       ], dtype=float32), 'lambda': array([3787.913 , 3788.7854, 3789.658 , ..., 9217.221 , 9219.344 ,
       9221.467 ], dtype=float32), 'mask': array([ True, False,  True, ...,  True,  True,  True])}",29.722874,63.220863,0.14342192,7.217075e-06,False,7.373247,13.376561,24.076065,34.909065,38.521057,1.0975173,3.3579903,2.8741612,1.465873,0.67511564,6.395094,13.322196,23.979406,34.96813,39.733402,2.9794621,3.4843051,2.7628505,1.749405,0.9556925,b'    461757806639343616'
"{'flux': array([-0.9895348, -0.9891899, -1.8681154, ..., 14.980983 , 14.981292 ,
       14.981602 ], dtype=float32), 'ivar': array([0.        , 0.02519029, 0.        , ..., 0.        , 0.        ,
       0.        ], dtype=float32), 'lsf_sigma': array([0.       , 1.0536468, 1.0439378, ..., 0.       , 0.       ,
       0.       ], dtype=float32), 'lambda': array([3787.913 , 3788.7854, 3789.658 , ..., 9217.221 , 9219.344 ,
       9221.467 ], dtype=float32), 'mask': array([ True, False,  True, ...,  True,  True,  True])}",0.0,0.0,-7.885219e-05,2.194991e-05,False,102.256996,124.63192,98.38166,79.19001,64.844734,1.0975173,3.3579903,2.8741612,1.465873,0.67511564,88.45486,124.52953,98.266556,78.798485,65.13374,2.9794621,3.4843051,2.7628505,1.749405,0.9556925,b'    461758081517250560'
"{'flux': array([-1.5172743, -1.5167414,  0.6575035, ...,  3.6173768,  3.6174502,
        3.617523 ], dtype=float32), 'ivar': array([0.        , 0.01119969, 0.        , ..., 0.        , 0.        ,
       0.        ], dtype=float32), 'lsf_sigma': array([0.       , 1.0536205, 1.0304091, ..., 0.       , 0.       ,
       0.       ], dtype=float32), 'lambda': array([3787.913 , 3788.7854, 3789.658 , ..., 9217.221 , 9219.344 ,
       9221.467 ], dtype=float32), 'mask': array([ True, False,  True, ...,  True,  True,  True])}",187.97452,11.889258,0.14915383,2.6922791e-05,False,6.610561,22.797682,61.922707,92.520546,122.95651,1.0975173,3.3579903,2.8741612,1.465873,0.67511564,6.457471,22.766758,61.879,92.887245,122.49737,2.9794621,3.4843051,2.7628505,1.749405,0.9556925,b'    461758631273064448'
"{'flux': array([-3.9302716, -3.9289212, -3.5997145, ..., 12.6611805, 12.661451 ,
       12.661724 ], dtype=float32), 'ivar': array([0.        , 0.01875831, 0.        , ..., 0.        , 0.        ,
       0.        ], dtype=float32), 'lsf_sigma': array([0.       , 1.0536034, 1.0299468, ..., 0.       , 0.       ,
       0.       ], dtype=float32), 'lambda': array([3787.913 , 3788.7854, 3789.658 , ..., 9217.221 , 9219.344 ,
       9221.467 ], dtype=float32), 'mask': array([ True, False,  True, ...,  True,  True,  True])}",92.0538,7.847381,0.07425181,2.0327552e-05,False,7.6958866,28.372566,66.29905,97.367645,127.128204,1.0975173,3.3579903,2.8741612,1.465873,0.67511564,7.8027997,28.344215,66.171486,97.64834,126.38789,2.9794621,3.4843051,2.7628505,1.749405,0.9556925,b'    461758906150971392'
"{'flux': array([-2.6655517 , -2.664607  , -2.6636639 , ..., -0.08230612,
       -0.08230773, -0.08230935], dtype=float32), 'ivar': array([0., 0., 0., ..., 0., 0., 0.], dtype=float32), 'lsf_sigma': array([0.       , 0.       , 1.0533797, ..., 0.       , 0.       ,
       0.       ], dtype=float32), 'lambda': array([3787.913 , 3788.7854, 3789.658 , ..., 9217.221 , 9219.344 ,
       9221.467 ], dtype=float32), 'mask': array([ True,  True,  True, ...,  True,  True,  True])}",112.115295,18.213598,0.14284444,9.966578e-06,False,8.24083,14.686944,30.584822,47.31337,60.32586,1.0975173,3.3579903,2.8741612,1.465873,0.67511564,7.494223,14.621014,30.486969,47.058292,60.024506,2.9794621,3.4843051,2.7628505,1.749405,0.9556925,b'    461759730784692224'
"{'flux': array([4.631468 , 4.6295543, 5.966979 , ..., 3.7539496, 3.7539861,
       3.7540228], dtype=float32), 'ivar': array([0.        , 0.02823286, 0.        , ..., 0.        , 0.        ,
       0.        ], dtype=float32), 'lsf_sigma': array([0.       , 1.0534071, 1.0379943, ..., 0.       , 0.       ,
       0.       ], dtype=float32), 'lambda': array([3787.913 , 3788.7854, 3789.658 , ..., 9217.221 , 9219.344 ,
       9221.467 ], dtype=float32), 'mask': array([ True, False,  True, ...,  True,  True,  True])}",105.23779,34.591057,0.09983847,7.737926e-06,False,18.860794,32.657063,42.817486,57.722054,58.92403,1.0975173,3.3579903,2.8741612,1.465873,0.67511564,10.407991,32.778778,42.94066,56.672127,60.44155,2.9794621,3.4843051,2.7628505,1.749405,0.9556925,b'    461761105174226944'
"{'flux': array([-3.7361586, -3.7351048, -1.1245186, ..., 10.05372  , 10.054041 ,
       10.054362 ], dtype=float32), 'ivar': array([0.        , 0.03830491, 0.        , ..., 0.        , 0.        ,
       0.        ], dtype=float32), 'lsf_sigma': array([0.       , 1.051007 , 1.0285667, ..., 0.       , 0.       ,
       0.       ], dtype=float32), 'lambda': array([3787.913 , 3788.7854, 3789.658 , ..., 9217.221 , 9219.344 ,
       9221.467 ], dtype=float32), 'mask': array([ True, False,  True, ...,  True,  True,  True])}",0.0,0.0,7.9152196e-05,2.6986165e-05,False,-0.7394875,1.4051676,7.7588096,30.82891,63.10234,1.0975173,3.3579903,2.8741612,1.465873,0.67511564,-0.3832236,1.3686438,7.4366407,30.858574,63.089012,2.9794621,3.4843051,2.7628505,1.749405,0.9556925,b'    461762204685854720'
"{'flux': array([ 0.5655585 ,  0.5653974 , -0.40009496, ...,  3.6021643 ,
        3.6022773 ,  3.6023905 ], dtype=float32), 'ivar': array([0.        , 0.05066107, 0.        , ..., 0.        , 0.        ,
       0.        ], dtype=float32), 'lsf_sigma': array([0.       , 1.0509903, 1.0283277, ..., 0.       , 0.       ,
       0.       ], dtype=float32), 'lambda': array([3787.913 , 3788.7854, 3789.658 , ..., 9217.221 , 9219.344 ,
       9221.467 ], dtype=float32), 'mask': array([ True, False,  True, ...,  True,  True,  True])}",52.53729,23.109663,0.059544276,9.171665e-06,False,4.9911237,11.084721,19.262316,27.347095,33.288105,1.0975173,3.3579903,2.8741612,1.465873,0.67511564,3.6253152,11.05186,19.295319,27.115503,33.58479,2.9794621,3.4843051,2.7628505,1.749405,0.9556925,b'    461762479563761664'
"{'flux': array([37.579872, 37.569675, 41.120415, ..., 25.763021, 25.76389 ,
       25.76476 ], dtype=float32), 'ivar': array([0.        , 0.00980311, 0.        , ..., 0.        , 0.        ,
       0.        ], dtype=float32), 'lsf_sigma': array([0.       , 1.0509669, 1.029642 , ..., 0.       , 0.       ,
       0.       ], dtype=float32), 'lambda': array([3787.913 , 3788.7854, 3789.658 , ..., 9217.221 , 9219.344 ,
       9221.467 ], dtype=float32), 'mask': array([ True, False,  True, ...,  True,  True,  True])}",43.047363,8.868793,0.022886809,1.579437e-05,False,13.615396,33.951202,73.87784,108.81802,142.72522,1.0975173,3.3579903,2.8741612,1.465873,0.67511564,13.426724,34.082123,73.13481,109.11289,141.91353,2.9794621,3.4843051,2.7628505,1.749405,0.9556925,b'    461762754441668608'
"{'flux': array([ 4.626519 ,  4.6252127,  4.6239085, ..., 10.009484 , 10.009804 ,
       10.010122 ], dtype=float32), 'ivar': array([0., 0., 0., ..., 0., 0., 0.], dtype=float32), 'lsf_sigma': array([0.       , 0.       , 1.0506815, ..., 0.       , 0.       ,
       0.       ], dtype=float32), 'lambda': array([3787.913 , 3788.7854, 3789.658 , ..., 9217.221 , 9219.344 ,
       9221.467 ], dtype=float32), 'mask': array([ True,  True,  True, ...,  True,  True,  True])}",39.330997,41.332493,0.016795354,1.2558286e-05,False,6.9741087,14.464746,20.860838,25.246752,28.273163,1.0975173,3.3579903,2.8741612,1.465873,0.67511564,8.900186,14.288888,20.838892,25.004198,27.341166,2.9794621,3.4843051,2.7628505,1.749405,0.9556925,b'    461763579075389440'
"{'flux': array([4.1946063, 4.193427 , 4.19225  , ..., 7.6419816, 7.642226 ,
       7.6424713], dtype=float32), 'ivar': array([0., 0., 0., ..., 0., 0., 0.], dtype=float32), 'lsf_sigma': array([0.       , 0.       , 1.0506433, ..., 0.       , 0.       ,
       0.       ], dtype=float32), 'lambda': array([3787.913 , 3788.7854, 3789.658 , ..., 9217.221 , 9219.344 ,
       9221.467 ], dtype=float32), 'mask': array([ True,  True,  True, ...,  True,  True,  True])}",0.0,0.0,1.3485823,0.0003173558,False,26.225351,31.400915,44.980164,48.470493,49.238472,1.0975173,3.3579903,2.8741612,1.465873,0.67511564,25.155365,31.176655,44.77243,47.90177,48.899883,2.9794621,3.4843051,2.7628505,1.749405,0.9556925,b'    461763853953296384'
"{'flux': array([20.26646 , 20.260355, 20.25426 , ...,  8.330761,  8.331   ,
        8.331238], dtype=float32), 'ivar': array([0., 0., 0., ..., 0., 0., 0.], dtype=float32), 'lsf_sigma': array([0.       , 0.       , 1.0506026, ..., 0.       , 0.       ,
       0.       ], dtype=float32), 'lambda': array([3787.913 , 3788.7854, 3789.658 , ..., 9217.221 , 9219.344 ,
       9221.467 ], dtype=float32), 'mask': array([ True,  True,  True, ...,  True,  True,  True])}",97.27169,25.119875,0.19937564,9.5825335e-06,False,4.0514975,10.091225,20.877565,31.949078,38.79376,1.0975173,3.3579903,2.8741612,1.465873,0.67511564,5.3276544,10.033659,20.668953,31.67788,38.329327,2.9794621,3.4843051,2.7628505,1.749405,0.9556925,b'    461764128831203328'
"{'flux': array([5.7645516, 5.7628717, 5.761194 , ..., 6.25789  , 6.2580795,
       6.2582693], dtype=float32), 'ivar': array([0., 0., 0., ..., 0., 0., 0.], dtype=float32), 'lsf_sigma': array([0.       , 0.       , 1.0505519, ..., 0.       , 0.       ,
       0.       ], dtype=float32), 'lambda': array([3787.913 , 3788.7854, 3789.658 , ..., 9217.221 , 9219.344 ,
       9221.467 ], dtype=float32), 'mask': array([ True,  True,  True, ...,  True,  True,  True])}",155.76875,23.929289,0.17824371,1.541118e-05,False,7.001802,16.150494,32.785942,52.128674,65.27502,1.0975173,3.3579903,2.8741612,1.465873,0.67511564,9.738556,15.981696,32.82809,51.710476,64.41559,2.9794621,3.4843051,2.7628505,1.749405,0.9556925,b'    461764953464924160'
"{'flux': array([8.722137 , 8.719212 , 8.71629  , ..., 7.7683215, 7.7684994,
       7.7686768], dtype=float32), 'ivar': array([0., 0., 0., ..., 0., 0., 0.], dtype=float32), 'lsf_sigma': array([0.       , 0.       , 1.0505184, ..., 0.       , 0.       ,
       0.       ], dtype=float32), 'lambda': array([3787.913 , 3788.7854, 3789.658 , ..., 9217.221 , 9219.344 ,
       9221.467 ], dtype=float32), 'mask': array([ True,  True,  True, ...,  True,  True,  True])}",151.2798,12.760148,0.16374624,3.558735e-05,False,3.08877,12.829073,35.33063,53.701717,70.79908,1.0975173,3.3579903,2.8741612,1.465873,0.67511564,3.0231218,12.745817,35.259563,53.607723,70.33086,2.9794621,3.4843051,2.7628505,1.749405,0.9556925,b'    461765228342831104'
"{'flux': array([162.37117 , 162.31705 , 162.263   , ...,  91.24401 ,  91.246124,
        91.248245], dtype=float32), 'ivar': array([0., 0., 0., ..., 0., 0., 0.], dtype=float32), 'lsf_sigma': array([0., 0., 0., ..., 0., 0., 0.], dtype=float32), 'lambda': array([3787.913 , 3788.7854, 3789.658 , ..., 9217.221 , 9219.344 ,
       9221.467 ], dtype=float32), 'mask': array([ True,  True,  True, ...,  True,  True,  True])}",0.0,138.99911,0.01654268,1.1610272e-05,False,7.2860928,13.743779,26.506819,38.621803,51.431446,1.0975173,3.3579903,2.8741612,1.465873,0.67511564,6.132392,13.804854,26.258602,38.51551,51.062553,2.9794621,3.4843051,2.7628505,1.749405,0.9556925,b'    461766602732365824'
"{'flux': array([20.258165 , 20.251547 , 20.244938 , ...,  4.6896925,  4.689807 ,
        4.6899204], dtype=float32), 'ivar': array([0., 0., 0., ..., 0., 0., 0.], dtype=float32), 'lsf_sigma': array([0., 0., 0., ..., 0., 0., 0.], dtype=float32), 'lambda': array([3787.913 , 3788.7854, 3789.658 , ..., 9217.221 , 9219.344 ,
       9221.467 ], dtype=float32), 'mask': array([ True,  True,  True, ...,  True,  True,  True])}",0.0,0.0,-9.347778e-06,1.770543e-05,False,0.6445881,9.947452,27.827644,40.20061,48.9077,1.0975173,3.3579903,2.8741612,1.465873,0.67511564,1.2432165,9.913912,27.666372,40.421715,47.656624,2.9794621,3.4843051,2.7628505,1.749405,0.9556925,b'    461767152488179712'
"{'flux': array([ 1.8128985,  1.8122956,  1.8116935, ..., 24.102356 , 24.10292  ,
       24.103483 ], dtype=float32), 'ivar': array([0., 0., 0., ..., 0., 0., 0.], dtype=float32), 'lsf_sigma': array([0., 0., 0., ..., 0., 0., 0.], dtype=float32), 'lambda': array([3787.913 , 3788.7854, 3789.658 , ..., 9217.221 , 9219.344 ,
       9221.467 ], dtype=float32), 'mask': array([ True,  True,  True, ...,  True,  True,  True])}",0.0,65.704124,0.06721155,5.0872773e-06,False,9.036989,15.872603,17.354183,25.423174,23.520359,1.0975173,3.3579903,2.8741612,1.465873,0.67511564,-0.2017303,14.982458,17.534044,23.124485,27.08567,2.9794621,3.4843051,2.7628505,1.749405,0.9556925,b'    461767427366086656'
"{'flux': array([10.476998 , 10.473608 , 10.470222 , ...,  9.669936 ,  9.6701765,
        9.670417 ], dtype=float32), 'ivar': array([0., 0., 0., ..., 0., 0., 0.], dtype=float32), 'lsf_sigma': array([0., 0., 0., ..., 0., 0., 0.], dtype=float32), 'lambda': array([3787.913 , 3788.7854, 3789.658 , ..., 9217.221 , 9219.344 ,
       9221.467 ], dtype=float32), 'mask': array([ True,  True,  True, ...,  True,  True,  True])}",187.65932,16.092394,0.13660361,1.1357881e-05,False,5.2775354,19.57732,46.561863,75.62883,100.704636,1.0975173,3.3579903,2.8741612,1.465873,0.67511564,8.564875,19.351374,46.626682,75.20978,99.76281,2.9794621,3.4843051,2.7628505,1.749405,0.9556925,b'    461767977121900544'
"{'flux': array([12.23092  , 12.226798 , 12.222682 , ...,  7.557888 ,  7.558058 ,
        7.5582294], dtype=float32), 'ivar': array([0., 0., 0., ..., 0., 0., 0.], dtype=float32), 'lsf_sigma': array([0., 0., 0., ..., 0., 0., 0.], dtype=float32), 'lambda': array([3787.913 , 3788.7854, 3789.658 , ..., 9217.221 , 9219.344 ,
       9221.467 ], dtype=float32), 'mask': array([ True,  True,  True, ...,  True,  True,  True])}",79.35431,11.632519,0.09010555,1.8852363e-05,False,6.842015,16.894407,38.158928,57.053852,72.898674,1.0975173,3.3579903,2.8741612,1.465873,0.67511564,5.4166327,16.867336,38.143597,56.629738,73.09247,2.9794621,3.4843051,2.7628505,1.749405,0.9556925,b'    461768526877714432'
"{'flux': array([4.3053083, 4.3038497, 4.3023934, ..., 6.7566094, 6.7567606,
       6.7569118], dtype=float32), 'ivar': array([0., 0., 0., ..., 0., 0., 0.], dtype=float32), 'lsf_sigma': array([0., 0., 0., ..., 0., 0., 0.], dtype=float32), 'lambda': array([3787.913 , 3788.7854, 3789.658 , ..., 9217.221 , 9219.344 ,
       9221.467 ], dtype=float32), 'mask': array([ True,  True,  True, ...,  True,  True,  True])}",87.300964,18.24169,0.06720136,1.1279913e-05,False,5.4246383,13.788517,34.143875,58.90528,76.03487,1.0975173,3.3579903,2.8741612,1.465873,0.67511564,4.2049427,13.812921,33.980534,58.79575,82.14128,2.9794621,3.4843051,2.7628505,1.749405,0.9556925,b'    461768801755621376'
"{'flux': array([ 6.2986603,  6.2964325,  6.294208 , ..., 12.480354 , 12.480601 ,
       12.480847 ], dtype=float32), 'ivar': array([0., 0., 0., ..., 0., 0., 0.], dtype=float32), 'lsf_sigma': array([0., 0., 0., ..., 0., 0., 0.], dtype=float32), 'lambda': array([3787.913 , 3788.7854, 3789.658 , ..., 9217.221 , 9219.344 ,
       9221.467 ], dtype=float32), 'mask': array([ True,  True,  True, ...,  True,  True,  True])}",74.81283,14.674886,0.074332625,8.521513e-06,False,8.361086,18.57348,30.392832,41.662212,48.24079,1.0975173,3.3579903,2.8741612,1.465873,0.67511564,8.333242,18.486269,30.206045,41.389206,46.79135,2.9794621,3.4843051,2.7628505,1.749405,0.9556925,b'    461769351511435264'
"{'flux': array([4.3522396, 4.3506503, 4.3490634, ..., 5.4423585, 5.442455 ,
       5.442552 ], dtype=float32), 'ivar': array([0., 0., 0., ..., 0., 0., 0.], dtype=float32), 'lsf_sigma': array([0., 0., 0., ..., 0., 0., 0.], dtype=float32), 'lambda': array([3787.913 , 3788.7854, 3789.658 , ..., 9217.221 , 9219.344 ,
       9221.467 ], dtype=float32), 'mask': array([ True,  True,  True, ...,  True,  True,  True])}",65.86926,17.521954,0.13426405,8.505812e-06,False,14.408213,24.791098,38.66261,53.83623,62.024647,1.0975173,3.3579903,2.8741612,1.465873,0.67511564,14.830933,24.794956,38.533245,54.50993,61.091873,2.9794621,3.4843051,2.7628505,1.749405,0.9556925,b'    461769901267249152'
"{'flux': array([17.920538 , 17.913494 , 17.90646  , ...,  1.4497105,  1.4497294,
        1.4497486], dtype=float32), 'ivar': array([0., 0., 0., ..., 0., 0., 0.], dtype=float32), 'lsf_sigma': array([0., 0., 0., ..., 0., 0., 0.], dtype=float32), 'lambda': array([3787.913 , 3788.7854, 3789.658 , ..., 9217.221 , 9219.344 ,
       9221.467 ], dtype=float32), 'mask': array([ True,  True,  True, ...,  True,  True,  True])}",239.5353,13.761563,0.19320813,3.291859e-05,False,2.4385526,14.264115,47.128494,75.08291,98.72903,1.0975173,3.3579903,2.8741612,1.465873,0.67511564,4.174585,14.216539,47.095,74.93404,98.643234,2.9794621,3.4843051,2.7628505,1.749405,0.9556925,b'    461771275656783872'
"{'flux': array([10.852927, 10.848989, 10.845055, ..., 12.988095, 12.988332,
       12.988566], dtype=float32), 'ivar': array([0., 0., 0., ..., 0., 0., 0.], dtype=float32), 'lsf_sigma': array([0., 0., 0., ..., 0., 0., 0.], dtype=float32), 'lambda': array([3787.913 , 3788.7854, 3789.658 , ..., 9217.221 , 9219.344 ,
       9221.467 ], dtype=float32), 'mask': array([ True,  True,  True, ...,  True,  True,  True])}",248.66927,24.575428,0.19450073,4.7490263e-05,False,1.1029276,7.9388423,25.295345,42.464897,57.720566,1.0975173,3.3579903,2.8741612,1.465873,0.67511564,2.727692,7.8357973,25.39695,42.20346,58.176216,2.9794621,3.4843051,2.7628505,1.749405,0.9556925,b'    461772100290504704'
"{'flux': array([ 48.33465 ,  48.3152  ,  48.295788, ..., 186.95966 , 186.96182 ,
       186.96396 ], dtype=float32), 'ivar': array([0., 0., 0., ..., 0., 0., 0.], dtype=float32), 'lsf_sigma': array([0., 0., 0., ..., 0., 0., 0.], dtype=float32), 'lambda': array([3787.913 , 3788.7854, 3789.658 , ..., 9217.221 , 9219.344 ,
       9221.467 ], dtype=float32), 'mask': array([ True,  True,  True, ...,  True,  True,  True])}",151.97466,13.775072,0.13651726,2.2976128e-05,False,5.3608932,16.674217,43.91362,68.72217,92.91514,1.0975173,3.3579903,2.8741612,1.465873,0.67511564,6.2757,16.531387,43.896805,68.572266,92.524254,2.9794621,3.4843051,2.7628505,1.749405,0.9556925,b'    461772924924225536'
"{'flux': array([-2.590666 , -2.5899477, -2.5892305, ..., 14.687512 , 14.687993 ,
       14.688473 ], dtype=float32), 'ivar': array([0., 0., 0., ..., 0., 0., 0.], dtype=float32), 'lsf_sigma': array([0., 0., 0., ..., 0., 0., 0.], dtype=float32), 'lambda': array([3787.913 , 3788.7854, 3789.658 , ..., 9217.221 , 9219.344 ,
       9221.467 ], dtype=float32), 'mask': array([ True,  True,  True, ...,  True,  True,  True])}",210.81985,28.2226,0.3256217,7.220179e-05,False,0.95802855,3.4359887,16.4507,28.634596,41.409145,1.0975173,3.3579903,2.8741612,1.465873,0.67511564,1.4001434,3.3755677,16.202116,29.030579,40.6477,2.9794621,3.4843051,2.7628505,1.749405,0.9556925,b'    461773749557946368'
"{'flux': array([13.676183 , 13.671893 , 13.667612 , ...,  6.8486986,  6.8488803,
        6.8490624], dtype=float32), 'ivar': array([0., 0., 0., ..., 0., 0., 0.], dtype=float32), 'lsf_sigma': array([0., 0., 0., ..., 0., 0., 0.], dtype=float32), 'lambda': array([3787.913 , 3788.7854, 3789.658 , ..., 9217.221 , 9219.344 ,
       9221.467 ], dtype=float32), 'mask': array([ True,  True,  True, ...,  True,  True,  True])}",191.41327,17.81576,0.19865769,4.7563386e-05,False,3.316237,9.326064,30.808542,50.3396,68.25408,1.0975173,3.3579903,2.8741612,1.465873,0.67511564,3.4019878,9.29518,30.669727,49.984608,67.194824,2.9794621,3.4843051,2.7628505,1.749405,0.9556925,b'    461774024435853312'
"{'flux': array([2.6637335, 2.662911 , 2.6620898, ..., 4.287728 , 4.287845 ,
       4.2879624], dtype=float32), 'ivar': array([0., 0., 0., ..., 0., 0., 0.], dtype=float32), 'lsf_sigma': array([0., 0., 0., ..., 0., 0., 0.], dtype=float32), 'lambda': array([3787.913 , 3788.7854, 3789.658 , ..., 9217.221 , 9219.344 ,
       9221.467 ], dtype=float32), 'mask': array([ True,  True,  True, ...,  True,  True,  True])}",0.0,0.0,2.1910803,0.0020665068,False,5.5890174,4.856434,6.80425,7.6063914,9.208269,1.0975173,3.3579903,2.8741612,1.465873,0.67511564,4.2374573,4.798792,6.7421184,7.534464,8.755508,2.9794621,3.4843051,2.7628505,1.749405,0.9556925,b'    461774574191667200'
"{'flux': array([17.028563, 17.024105, 17.019657, ...,  8.803969,  8.80428 ,
        8.804591], dtype=float32), 'ivar': array([0., 0., 0., ..., 0., 0., 0.], dtype=float32), 'lsf_sigma': array([0., 0., 0., ..., 0., 0., 0.], dtype=float32), 'lambda': array([3787.913 , 3788.7854, 3789.658 , ..., 9217.221 , 9219.344 ,
       9221.467 ], dtype=float32), 'mask': array([ True,  True,  True, ...,  True,  True,  True])}",177.60417,39.605904,0.4361614,0.0001725213,False,-0.68857646,0.8814357,4.2225404,8.466235,10.149358,1.0975173,3.3579903,2.8741612,1.465873,0.67511564,0.08913414,0.82039267,4.1635833,7.978154,10.032574,2.9794621,3.4843051,2.7628505,1.749405,0.9556925,b'    461775398825388032'
"{'flux': array([6.6421785, 6.6400785, 6.6379824, ..., 5.545245 , 5.5453897,
       5.545535 ], dtype=float32), 'ivar': array([0., 0., 0., ..., 0., 0., 0.], dtype=float32), 'lsf_sigma': array([0., 0., 0., ..., 0., 0., 0.], dtype=float32), 'lambda': array([3787.913 , 3788.7854, 3789.658 , ..., 9217.221 , 9219.344 ,
       9221.467 ], dtype=float32), 'mask': array([ True,  True,  True, ...,  True,  True,  True])}",69.517494,17.09471,0.07431025,1.00141715e-05,False,13.552305,35.241867,51.04991,61.423225,70.47112,1.0975173,3.3579903,2.8741612,1.465873,0.67511564,17.56221,34.47371,51.2803,62.09562,66.02131,2.9794621,3.4843051,2.7628505,1.749405,0.9556925,b'    461775948581201920'
"{'flux': array([ 6.1843944,  6.1825113,  6.1806316, ..., 15.903566 , 15.904013 ,
       15.904458 ], dtype=float32), 'ivar': array([0., 0., 0., ..., 0., 0., 0.], dtype=float32), 'lsf_sigma': array([0., 0., 0., ..., 0., 0., 0.], dtype=float32), 'lambda': array([3787.913 , 3788.7854, 3789.658 , ..., 9217.221 , 9219.344 ,
       9221.467 ], dtype=float32), 'mask': array([ True,  True,  True, ...,  True,  True,  True])}",0.0,0.0,0.00033662116,0.00012991477,False,12.315544,12.433022,9.2659,7.0744843,5.8756485,1.0975173,3.3579903,2.8741612,1.465873,0.67511564,10.28765,12.423152,9.108884,7.1627507,5.621398,2.9794621,3.4843051,2.7628505,1.749405,0.9556925,b'    461776223459108864'
"{'flux': array([17.95194  , 17.94629  , 17.940647 , ...,  4.239291 ,  4.239403 ,
        4.2395144], dtype=float32), 'ivar': array([0., 0., 0., ..., 0., 0., 0.], dtype=float32), 'lsf_sigma': array([0., 0., 0., ..., 0., 0., 0.], dtype=float32), 'lambda': array([3787.913 , 3788.7854, 3789.658 , ..., 9217.221 , 9219.344 ,
       9221.467 ], dtype=float32), 'mask': array([ True,  True,  True, ...,  True,  True,  True])}",0.0,20.810835,0.07254888,1.6036814e-05,False,3.7528524,10.880629,22.271894,32.24682,40.877136,1.0975173,3.3579903,2.8741612,1.465873,0.67511564,3.6212451,10.846064,22.065453,32.294785,39.87457,2.9794621,3.4843051,2.7628505,1.749405,0.9556925,b'    461776773214922752'
"{'flux': array([44.930138, 44.918087, 44.90606 , ..., 28.695114, 28.696095,
       28.697077], dtype=float32), 'ivar': array([0., 0., 0., ..., 0., 0., 0.], dtype=float32), 'lsf_sigma': array([0., 0., 0., ..., 0., 0., 0.], dtype=float32), 'lambda': array([3787.913 , 3788.7854, 3789.658 , ..., 9217.221 , 9219.344 ,
       9221.467 ], dtype=float32), 'mask': array([ True,  True,  True, ...,  True,  True,  True])}",156.59401,10.265906,0.11456403,2.8154258e-05,False,4.2051325,19.132872,54.8368,87.50948,123.038574,1.0975173,3.3579903,2.8741612,1.465873,0.67511564,4.9341946,19.13605,54.57879,87.36244,122.686,2.9794621,3.4843051,2.7628505,1.749405,0.9556925,b'    461777048092829696'
"{'flux': array([-1.0701435, -1.0698162, -1.0694896, ..., 16.320704 , 16.321157 ,
       16.321611 ], dtype=float32), 'ivar': array([0., 0., 0., ..., 0., 0., 0.], dtype=float32), 'lsf_sigma': array([0., 0., 0., ..., 0., 0., 0.], dtype=float32), 'lambda': array([3787.913 , 3788.7854, 3789.658 , ..., 9217.221 , 9219.344 ,
       9221.467 ], dtype=float32), 'mask': array([ True,  True,  True, ...,  True,  True,  True])}",0.0,0.0,1.1859108,0.0005784592,False,6.509915,8.151391,12.0777645,12.920776,13.019659,1.0975173,3.3579903,2.8741612,1.465873,0.67511564,7.044446,8.108132,12.059698,12.889369,11.865656,2.9794621,3.4843051,2.7628505,1.749405,0.9556925,b'    461777322970736640'
"{'flux': array([2.2261345 , 2.2254395 , 2.2247455 , ..., 0.61824656, 0.61826307,
       0.61827964], dtype=float32), 'ivar': array([0., 0., 0., ..., 0., 0., 0.], dtype=float32), 'lsf_sigma': array([0., 0., 0., ..., 0., 0., 0.], dtype=float32), 'lambda': array([3787.913 , 3788.7854, 3789.658 , ..., 9217.221 , 9219.344 ,
       9221.467 ], dtype=float32), 'mask': array([ True,  True,  True, ...,  True,  True,  True])}",183.16853,12.878541,0.15149325,2.6363126e-05,False,5.354019,17.443808,49.02499,77.713875,104.670975,1.0975173,3.3579903,2.8741612,1.465873,0.67511564,6.035108,17.347223,48.98837,77.801605,104.68822,2.9794621,3.4843051,2.7628505,1.749405,0.9556925,b'    461777597848643584'
"{'flux': array([77.04424  , 77.02165  , 76.9991   , ...,  4.9931126,  4.993263 ,
        4.993412 ], dtype=float32), 'ivar': array([0., 0., 0., ..., 0., 0., 0.], dtype=float32), 'lsf_sigma': array([0., 0., 0., ..., 0., 0., 0.], dtype=float32), 'lambda': array([3787.913 , 3788.7854, 3789.658 , ..., 9217.221 , 9219.344 ,
       9221.467 ], dtype=float32), 'mask': array([ True,  True,  True, ...,  True,  True,  True])}",141.48055,16.6547,0.18645349,1.6114367e-05,False,5.413614,11.922056,31.377909,50.096832,65.41668,1.0975173,3.3579903,2.8741612,1.465873,0.67511564,4.7919254,11.819111,31.28478,49.854782,64.73887,2.9794621,3.4843051,2.7628505,1.749405,0.9556925,b'    461777872726550528'
"{'flux': array([0.97449607, 0.97421736, 0.97393906, ..., 0.7545286 , 0.7545522 ,
       0.75457567], dtype=float32), 'ivar': array([0., 0., 0., ..., 0., 0., 0.], dtype=float32), 'lsf_sigma': array([0., 0., 0., ..., 0., 0., 0.], dtype=float32), 'lambda': array([3787.913 , 3788.7854, 3789.658 , ..., 9217.221 , 9219.344 ,
       9221.467 ], dtype=float32), 'mask': array([ True,  True,  True, ...,  True,  True,  True])}",153.58849,9.094911,0.07445111,2.2876253e-05,False,8.043984,28.702494,71.6326,108.79516,145.24057,1.0975173,3.3579903,2.8741612,1.465873,0.67511564,6.9703026,28.81735,71.30671,108.91097,145.29439,2.9794621,3.4843051,2.7628505,1.749405,0.9556925,b'    461778147604457472'
"{'flux': array([1.9896132, 1.9888918, 1.9881718, ..., 3.9342263, 3.934298 ,
       3.9343703], dtype=float32), 'ivar': array([0., 0., 0., ..., 0., 0., 0.], dtype=float32), 'lsf_sigma': array([0., 0., 0., ..., 0., 0., 0.], dtype=float32), 'lambda': array([3787.913 , 3788.7854, 3789.658 , ..., 9217.221 , 9219.344 ,
       9221.467 ], dtype=float32), 'mask': array([ True,  True,  True, ...,  True,  True,  True])}",0.0,0.0,1.5738915,0.00054535427,False,7.7840776,7.7957497,8.954459,12.079238,12.966922,1.0975173,3.3579903,2.8741612,1.465873,0.67511564,7.717221,7.731258,8.959161,11.957952,12.141684,2.9794621,3.4843051,2.7628505,1.749405,0.9556925,b'    461778697360271360'
"{'flux': array([4.8532414, 4.851617 , 4.8499947, ..., 6.2188234, 6.2189655,
       6.219109 ], dtype=float32), 'ivar': array([0., 0., 0., ..., 0., 0., 0.], dtype=float32), 'lsf_sigma': array([0., 0., 0., ..., 0., 0., 0.], dtype=float32), 'lambda': array([3787.913 , 3788.7854, 3789.658 , ..., 9217.221 , 9219.344 ,
       9221.467 ], dtype=float32), 'mask': array([ True,  True,  True, ...,  True,  True,  True])}",243.86137,11.643371,0.17062974,2.9533518e-05,False,6.167971,19.631155,62.52118,99.20718,133.18394,1.0975173,3.3579903,2.8741612,1.465873,0.67511564,6.7324452,19.567255,62.285496,99.22241,132.90126,2.9794621,3.4843051,2.7628505,1.749405,0.9556925,b'    461778972238178304'
"{'flux': array([28.441051, 28.431704, 28.422369, ..., 21.39685 , 21.397366,
       21.397879], dtype=float32), 'ivar': array([0., 0., 0., ..., 0., 0., 0.], dtype=float32), 'lsf_sigma': array([0., 0., 0., ..., 0., 0., 0.], dtype=float32), 'lambda': array([3787.913 , 3788.7854, 3789.658 , ..., 9217.221 , 9219.344 ,
       9221.467 ], dtype=float32), 'mask': array([ True,  True,  True, ...,  True,  True,  True])}",216.01996,12.912677,0.13437243,3.3864333e-05,False,5.513712,18.419914,54.21287,85.524376,119.69118,1.0975173,3.3579903,2.8741612,1.465873,0.67511564,5.1665435,18.369217,54.117943,85.45725,118.448204,2.9794621,3.4843051,2.7628505,1.749405,0.9556925,b'    461779247116085248'
"{'flux': array([-4.0398245, -4.0385394, -4.037256 , ...,  7.678288 ,  7.678486 ,
        7.678684 ], dtype=float32), 'ivar': array([0., 0., 0., ..., 0., 0., 0.], dtype=float32), 'lsf_sigma': array([0., 0., 0., ..., 0., 0., 0.], dtype=float32), 'lambda': array([3787.913 , 3788.7854, 3789.658 , ..., 9217.221 , 9219.344 ,
       9221.467 ], dtype=float32), 'mask': array([ True,  True,  True, ...,  True,  True,  True])}",87.4216,15.254189,0.13804588,9.503158e-06,False,7.1467633,15.769188,33.64875,51.872425,67.148285,1.0975173,3.3579903,2.8741612,1.465873,0.67511564,7.5294776,15.682273,33.575226,51.67209,66.24589,2.9794621,3.4843051,2.7628505,1.749405,0.9556925,b'    461779796871899136'
"{'flux': array([ 0.9173492 ,  0.9170309 ,  0.91671306, ..., 13.138094  ,
       13.13837   , 13.138644  ], dtype=float32), 'ivar': array([0., 0., 0., ..., 0., 0., 0.], dtype=float32), 'lsf_sigma': array([0., 0., 0., ..., 0., 0., 0.], dtype=float32), 'lambda': array([3787.913 , 3788.7854, 3789.658 , ..., 9217.221 , 9219.344 ,
       9221.467 ], dtype=float32), 'mask': array([ True,  True,  True, ...,  True,  True,  True])}",201.53122,15.629479,0.17250614,4.2473046e-05,False,2.9128923,10.7625885,34.226753,53.99102,74.83981,1.0975173,3.3579903,2.8741612,1.465873,0.67511564,3.5449765,10.735647,33.89507,54.280106,73.751526,2.9794621,3.4843051,2.7628505,1.749405,0.9556925,b'    461780071749806080'
"{'flux': array([0.66730416, 0.6670519 , 0.6668    , ..., 9.874617  , 9.874771  ,
       9.874926  ], dtype=float32), 'ivar': array([0., 0., 0., ..., 0., 0., 0.], dtype=float32), 'lsf_sigma': array([0., 0., 0., ..., 0., 0., 0.], dtype=float32), 'lambda': array([3787.913 , 3788.7854, 3789.658 , ..., 9217.221 , 9219.344 ,
       9221.467 ], dtype=float32), 'mask': array([ True,  True,  True, ...,  True,  True,  True])}",191.29236,9.476253,0.12735844,2.3307079e-05,False,6.831649,26.652662,76.170845,118.481544,166.43994,1.0975173,3.3579903,2.8741612,1.465873,0.67511564,7.976609,26.623547,75.92701,118.77633,164.81638,2.9794621,3.4843051,2.7628505,1.749405,0.9556925,b'    461780896383526912'
"{'flux': array([-7.334977, -7.332574, -7.330175, ..., 11.055416, 11.055683,
       11.05595 ], dtype=float32), 'ivar': array([0., 0., 0., ..., 0., 0., 0.], dtype=float32), 'lsf_sigma': array([0., 0., 0., ..., 0., 0., 0.], dtype=float32), 'lambda': array([3787.913 , 3788.7854, 3789.658 , ..., 9217.221 , 9219.344 ,
       9221.467 ], dtype=float32), 'mask': array([ True,  True,  True, ...,  True,  True,  True])}",154.12274,12.210006,0.090510555,2.206882e-05,False,2.8060148,14.447566,40.86394,67.12983,93.61922,1.0975173,3.3579903,2.8741612,1.465873,0.67511564,3.6822772,14.531525,40.954796,66.95138,94.68458,2.9794621,3.4843051,2.7628505,1.749405,0.9556925,b'    461781171261433856'
"{'flux': array([ 2.3307903,  2.3299553,  2.3291218, ..., 16.548674 , 16.548986 ,
       16.549301 ], dtype=float32), 'ivar': array([0., 0., 0., ..., 0., 0., 0.], dtype=float32), 'lsf_sigma': array([0., 0., 0., ..., 0., 0., 0.], dtype=float32), 'lambda': array([3787.913 , 3788.7854, 3789.658 , ..., 9217.221 , 9219.344 ,
       9221.467 ], dtype=float32), 'mask': array([ True,  True,  True, ...,  True,  True,  True])}",172.71805,10.338407,0.10626145,2.8582232e-05,False,6.0671105,18.22177,49.70073,76.04183,105.73184,1.0975173,3.3579903,2.8741612,1.465873,0.67511564,4.9129157,18.20111,49.593777,76.17079,104.6094,2.9794621,3.4843051,2.7628505,1.749405,0.9556925,b'    461781446139340800'
"{'flux': array([6.0034356, 6.0011444, 5.9988565, ..., 7.0753303, 7.0754375,
       7.075543 ], dtype=float32), 'ivar': array([0., 0., 0., ..., 0., 0., 0.], dtype=float32), 'lsf_sigma': array([0., 0., 0., ..., 0., 0., 0.], dtype=float32), 'lambda': array([3787.913 , 3788.7854, 3789.658 , ..., 9217.221 , 9219.344 ,
       9221.467 ], dtype=float32), 'mask': array([ True,  True,  True, ...,  True,  True,  True])}",126.38199,13.384085,0.12955686,8.174623e-06,False,7.450389,18.137173,42.29262,66.65146,86.33669,1.0975173,3.3579903,2.8741612,1.465873,0.67511564,8.469009,18.07151,42.117245,65.85502,85.767334,2.9794621,3.4843051,2.7628505,1.749405,0.9556925,b'    461782270773061632'
"{'flux': array([-2.47988  , -2.4789577, -2.4780366, ...,  4.079839 ,  4.0799074,
        4.0799756], dtype=float32), 'ivar': array([0., 0., 0., ..., 0., 0., 0.], dtype=float32), 'lsf_sigma': array([0., 0., 0., ..., 0., 0., 0.], dtype=float32), 'lambda': array([3787.913 , 3788.7854, 3789.658 , ..., 9217.221 , 9219.344 ,
       9221.467 ], dtype=float32), 'mask': array([ True,  True,  True, ...,  True,  True,  True])}",184.22197,7.8296967,0.08986455,2.003724e-05,False,8.855145,34.232483,103.75073,172.7337,251.05661,1.0975173,3.3579903,2.8741612,1.465873,0.67511564,7.998264,34.598125,102.625496,172.53772,253.22382,2.9794621,3.4843051,2.7628505,1.749405,0.9556925,b'    461782545650968576'
"{'flux': array([ 8.099063,  8.096214,  8.09337 , ..., 11.483126, 11.483357,
       11.483588], dtype=float32), 'ivar': array([0., 0., 0., ..., 0., 0., 0.], dtype=float32), 'lsf_sigma': array([0., 0., 0., ..., 0., 0., 0.], dtype=float32), 'lambda': array([3787.913 , 3788.7854, 3789.658 , ..., 9217.221 , 9219.344 ,
       9221.467 ], dtype=float32), 'mask': array([ True,  True,  True, ...,  True,  True,  True])}",79.93085,27.743347,0.1398616,8.154784e-06,False,10.713829,18.862127,29.674995,42.08778,46.04876,1.0975173,3.3579903,2.8741612,1.465873,0.67511564,8.721572,18.904133,29.263948,41.970654,45.55102,2.9794621,3.4843051,2.7628505,1.749405,0.9556925,b'    461782820528875520'
"{'flux': array([0.8803427 , 0.88003904, 0.87973577, ..., 0.56782424, 0.56783634,
       0.5678484 ], dtype=float32), 'ivar': array([0., 0., 0., ..., 0., 0., 0.], dtype=float32), 'lsf_sigma': array([0., 0., 0., ..., 0., 0., 0.], dtype=float32), 'lambda': array([3787.913 , 3788.7854, 3789.658 , ..., 9217.221 , 9219.344 ,
       9221.467 ], dtype=float32), 'mask': array([ True,  True,  True, ...,  True,  True,  True])}",23.760376,21.378036,0.03177869,1.0418059e-05,False,11.769267,23.905724,42.17041,55.939533,67.80427,1.0975173,3.3579903,2.8741612,1.465873,0.67511564,12.417581,23.895805,41.904167,56.24009,67.38722,2.9794621,3.4843051,2.7628505,1.749405,0.9556925,b'    461783370284689408'
"{'flux': array([ 2.6435993,  2.6425683,  2.641539 , ..., 22.302603 , 22.302906 ,
       22.303211 ], dtype=float32), 'ivar': array([0., 0., 0., ..., 0., 0., 0.], dtype=float32), 'lsf_sigma': array([0., 0., 0., ..., 0., 0., 0.], dtype=float32), 'lambda': array([3787.913 , 3788.7854, 3789.658 , ..., 9217.221 , 9219.344 ,
       9221.467 ], dtype=float32), 'mask': array([ True,  True,  True, ...,  True,  True,  True])}",144.24663,26.303839,0.042723317,9.66335e-06,False,5.85473,10.434565,18.80572,26.266819,33.047184,1.0975173,3.3579903,2.8741612,1.465873,0.67511564,4.6535273,10.436186,18.63471,26.436811,32.911903,2.9794621,3.4843051,2.7628505,1.749405,0.9556925,b'    461783645162596352'
"{'flux': array([ 0.5621676 ,  0.5619492 ,  0.56173116, ..., 23.98198   ,
       23.982311  , 23.982645  ], dtype=float32), 'ivar': array([0., 0., 0., ..., 0., 0., 0.], dtype=float32), 'lsf_sigma': array([0., 0., 0., ..., 0., 0., 0.], dtype=float32), 'lambda': array([3787.913 , 3788.7854, 3789.658 , ..., 9217.221 , 9219.344 ,
       9221.467 ], dtype=float32), 'mask': array([ True,  True,  True, ...,  True,  True,  True])}",140.91345,19.641884,0.18508616,5.1603904e-05,False,2.8066058,5.863087,18.9813,30.101007,40.29967,1.0975173,3.3579903,2.8741612,1.465873,0.67511564,1.6476223,5.809027,18.901653,30.42374,40.72511,2.9794621,3.4843051,2.7628505,1.749405,0.9556925,b'    461783920040503296'
"{'flux': array([21.929295 , 21.923029 , 21.91677  , ...,  5.5375404,  5.5377135,
        5.5378866], dtype=float32), 'ivar': array([0., 0., 0., ..., 0., 0., 0.], dtype=float32), 'lsf_sigma': array([0., 0., 0., ..., 0., 0., 0.], dtype=float32), 'lambda': array([3787.913 , 3788.7854, 3789.658 , ..., 9217.221 , 9219.344 ,
       9221.467 ], dtype=float32), 'mask': array([ True,  True,  True, ...,  True,  True,  True])}",144.18758,10.072011,0.09188278,9.714152e-06,False,16.907272,42.57151,97.87941,151.62761,200.31808,1.0975173,3.3579903,2.8741612,1.465873,0.67511564,17.627241,42.344654,97.57228,152.24828,197.96123,2.9794621,3.4843051,2.7628505,1.749405,0.9556925,b'    461784194918410240'
"{'flux': array([20.480152, 20.474277, 20.468409, ..., 24.425247, 24.426006,
       24.426764], dtype=float32), 'ivar': array([0., 0., 0., ..., 0., 0., 0.], dtype=float32), 'lsf_sigma': array([0., 0., 0., ..., 0., 0., 0.], dtype=float32), 'lambda': array([3787.913 , 3788.7854, 3789.658 , ..., 9217.221 , 9219.344 ,
       9221.467 ], dtype=float32), 'mask': array([ True,  True,  True, ...,  True,  True,  True])}",113.29574,34.24076,0.13018593,8.990973e-06,False,8.357916,15.961245,29.132921,40.286827,46.202644,1.0975173,3.3579903,2.8741612,1.465873,0.67511564,6.381292,15.926841,28.969458,40.466335,46.464264,2.9794621,3.4843051,2.7628505,1.749405,0.9556925,b'    461785019552131072'
"{'flux': array([9.738293 , 9.73547  , 9.732653 , ..., 6.056315 , 6.0565004,
       6.0566854], dtype=float32), 'ivar': array([0., 0., 0., ..., 0., 0., 0.], dtype=float32), 'lsf_sigma': array([0., 0., 0., ..., 0., 0., 0.], dtype=float32), 'lambda': array([3787.913 , 3788.7854, 3789.658 , ..., 9217.221 , 9219.344 ,
       9221.467 ], dtype=float32), 'mask': array([ True,  True,  True, ...,  True,  True,  True])}",151.26927,9.719353,0.13457762,2.7387376e-05,False,6.414576,19.53976,54.81626,82.197235,109.837975,1.0975173,3.3579903,2.8741612,1.465873,0.67511564,5.6089587,19.466288,54.668327,82.57924,110.43113,2.9794621,3.4843051,2.7628505,1.749405,0.9556925,b'    461785294430038016'
"{'flux': array([0.97024703, 0.9699656 , 0.9696847 , ..., 2.6435206 , 2.6436014 ,
       2.643682  ], dtype=float32), 'ivar': array([0., 0., 0., ..., 0., 0., 0.], dtype=float32), 'lsf_sigma': array([0., 0., 0., ..., 0., 0., 0.], dtype=float32), 'lambda': array([3787.913 , 3788.7854, 3789.658 , ..., 9217.221 , 9219.344 ,
       9221.467 ], dtype=float32), 'mask': array([ True,  True,  True, ...,  True,  True,  True])}",204.75238,13.400504,0.17466763,4.0746807e-05,False,2.637857,11.824846,40.612717,65.26515,90.060394,1.0975173,3.3579903,2.8741612,1.465873,0.67511564,2.7498586,11.785899,40.469967,65.49624,89.07846,2.9794621,3.4843051,2.7628505,1.749405,0.9556925,b'    461785569307944960'
"{'flux': array([3.8653696, 3.8643491, 3.8633304, ..., 4.2052298, 4.205376 ,
       4.205523 ], dtype=float32), 'ivar': array([0., 0., 0., ..., 0., 0., 0.], dtype=float32), 'lsf_sigma': array([0., 0., 0., ..., 0., 0., 0.], dtype=float32), 'lambda': array([3787.913 , 3788.7854, 3789.658 , ..., 9217.221 , 9219.344 ,
       9221.467 ], dtype=float32), 'mask': array([ True,  True,  True, ...,  True,  True,  True])}",70.13128,38.434452,0.10595303,1.0613711e-05,False,2.8141875,7.3048315,15.405876,23.041035,28.431086,1.0975173,3.3579903,2.8741612,1.465873,0.67511564,2.2393076,7.228386,15.36136,23.399395,28.225693,2.9794621,3.4843051,2.7628505,1.749405,0.9556925,b'    461785844185851904'
"{'flux': array([ 2.7083907,  2.707618 ,  2.7068467, ..., -0.7983106, -0.7983356,
       -0.7983606], dtype=float32), 'ivar': array([0., 0., 0., ..., 0., 0., 0.], dtype=float32), 'lsf_sigma': array([0., 0., 0., ..., 0., 0., 0.], dtype=float32), 'lambda': array([3787.913 , 3788.7854, 3789.658 , ..., 9217.221 , 9219.344 ,
       9221.467 ], dtype=float32), 'mask': array([ True,  True,  True, ...,  True,  True,  True])}",147.48697,12.112092,0.15138587,3.5492714e-05,False,3.1484473,12.669512,39.340664,60.45465,81.99767,1.0975173,3.3579903,2.8741612,1.465873,0.67511564,2.920447,12.653025,39.1993,60.79469,81.27818,2.9794621,3.4843051,2.7628505,1.749405,0.9556925,b'    461786393941665792'
"{'flux': array([13.21743 , 13.213443, 13.209464, ..., 18.775995, 18.776531,
       18.77707 ], dtype=float32), 'ivar': array([0., 0., 0., ..., 0., 0., 0.], dtype=float32), 'lsf_sigma': array([0., 0., 0., ..., 0., 0., 0.], dtype=float32), 'lambda': array([3787.913 , 3788.7854, 3789.658 , ..., 9217.221 , 9219.344 ,
       9221.467 ], dtype=float32), 'mask': array([ True,  True,  True, ...,  True,  True,  True])}",106.25455,10.168624,0.09082689,2.7430262e-05,False,6.3468847,18.786472,47.32933,70.87729,95.30677,1.0975173,3.3579903,2.8741612,1.465873,0.67511564,4.43148,18.704447,47.457264,71.23962,95.26325,2.9794621,3.4843051,2.7628505,1.749405,0.9556925,b'    461786668819572736'
"{'flux': array([5.1965766 , 5.194934  , 5.1932936 , ..., 0.92424756, 0.92427164,
       0.9242958 ], dtype=float32), 'ivar': array([0., 0., 0., ..., 0., 0., 0.], dtype=float32), 'lsf_sigma': array([0., 0., 0., ..., 0., 0., 0.], dtype=float32), 'lambda': array([3787.913 , 3788.7854, 3789.658 , ..., 9217.221 , 9219.344 ,
       9221.467 ], dtype=float32), 'mask': array([ True,  True,  True, ...,  True,  True,  True])}",58.67737,27.979897,0.04291617,4.7927533e-05,False,3.0089743,4.7337246,9.125281,12.041412,13.290555,1.2821673,2.498815,1.8667278,0.91100675,0.41848174,1.8811724,4.670631,9.010748,12.005114,13.408017,2.0725417,2.5388877,1.9917716,0.99429256,0.4636288,b'    461786942674069504'
"{'flux': array([5.1965766 , 5.194934  , 5.1932936 , ..., 0.92424756, 0.92427164,
       0.9242958 ], dtype=float32), 'ivar': array([0., 0., 0., ..., 0., 0., 0.], dtype=float32), 'lsf_sigma': array([0., 0., 0., ..., 0., 0., 0.], dtype=float32), 'lambda': array([3787.913 , 3788.7854, 3789.658 , ..., 9217.221 , 9219.344 ,
       9221.467 ], dtype=float32), 'mask': array([ True,  True,  True, ...,  True,  True,  True])}",0.0,0.0,0.00020251582,3.5128538e-05,False,2.1896596,5.4792037,15.817844,21.993927,25.42334,1.0975173,3.3579903,2.8741612,1.465873,0.67511564,-0.0070895464,5.430678,15.766853,22.293283,24.804071,2.9794621,3.4843051,2.7628505,1.749405,0.9556925,b'    461786943697479680'
"{'flux': array([4.7739534, 4.772517 , 4.7710834, ..., 5.616992 , 5.617153 ,
       5.6173143], dtype=float32), 'ivar': array([0., 0., 0., ..., 0., 0., 0.], dtype=float32), 'lsf_sigma': array([0., 0., 0., ..., 0., 0., 0.], dtype=float32), 'lambda': array([3787.913 , 3788.7854, 3789.658 , ..., 9217.221 , 9219.344 ,
       9221.467 ], dtype=float32), 'mask': array([ True,  True,  True, ...,  True,  True,  True])}",225.61865,9.883701,0.13629244,2.929489e-05,False,6.305164,24.201782,73.28762,115.5699,161.2747,1.0975173,3.3579903,2.8741612,1.465873,0.67511564,5.938557,24.099533,73.315926,115.93692,160.4997,2.9794621,3.4843051,2.7628505,1.749405,0.9556925,b'    461787218575386624'
"{'flux': array([ 3.2362504,  3.2352633,  3.2342775, ..., 15.416768 , 15.4172   ,
       15.417631 ], dtype=float32), 'ivar': array([0., 0., 0., ..., 0., 0., 0.], dtype=float32), 'lsf_sigma': array([0., 0., 0., ..., 0., 0., 0.], dtype=float32), 'lambda': array([3787.913 , 3788.7854, 3789.658 , ..., 9217.221 , 9219.344 ,
       9221.467 ], dtype=float32), 'mask': array([ True,  True,  True, ...,  True,  True,  True])}",234.1813,14.633398,0.17082663,4.458006e-05,False,1.4623644,9.923345,39.272358,70.906,104.34151,1.0975173,3.3579903,2.8741612,1.465873,0.67511564,2.7895186,9.815692,39.429306,70.8299,105.157295,2.9794621,3.4843051,2.7628505,1.749405,0.9556925,b'    461787768331200512'
"{'flux': array([ 6.1699514,  6.1681237,  6.1663   , ..., 14.471371 , 14.471798 ,
       14.472224 ], dtype=float32), 'ivar': array([0., 0., 0., ..., 0., 0., 0.], dtype=float32), 'lsf_sigma': array([0., 0., 0., ..., 0., 0., 0.], dtype=float32), 'lambda': array([3787.913 , 3788.7854, 3789.658 , ..., 9217.221 , 9219.344 ,
       9221.467 ], dtype=float32), 'mask': array([ True,  True,  True, ...,  True,  True,  True])}",137.64902,17.647,0.19963312,1.9276495e-05,False,6.288956,11.389867,25.366795,38.35679,47.715424,1.0975173,3.3579903,2.8741612,1.465873,0.67511564,5.371996,11.277929,25.449163,38.43867,48.30092,2.9794621,3.4843051,2.7628505,1.749405,0.9556925,b'    461788043209107456'
"{'flux': array([1.3149271, 1.3145349, 1.3141433, ..., 4.3200126, 4.3201385,
       4.320265 ], dtype=float32), 'ivar': array([0., 0., 0., ..., 0., 0., 0.], dtype=float32), 'lsf_sigma': array([0., 0., 0., ..., 0., 0., 0.], dtype=float32), 'lambda': array([3787.913 , 3788.7854, 3789.658 , ..., 9217.221 , 9219.344 ,
       9221.467 ], dtype=float32), 'mask': array([ True,  True,  True, ...,  True,  True,  True])}",249.90482,14.883238,0.19725053,4.4492324e-05,False,2.7862105,12.03605,46.14403,77.473434,104.70087,1.0975173,3.3579903,2.8741612,1.465873,0.67511564,2.6812,11.993346,46.193085,77.311745,105.44854,2.9794621,3.4843051,2.7628505,1.749405,0.9556925,b'    461789142720735232'
"{'flux': array([ 3.593847 ,  3.5927696,  3.5916932, ..., 12.241684 , 12.242037 ,
       12.24239  ], dtype=float32), 'ivar': array([0., 0., 0., ..., 0., 0., 0.], dtype=float32), 'lsf_sigma': array([0., 0., 0., ..., 0., 0., 0.], dtype=float32), 'lambda': array([3787.913 , 3788.7854, 3789.658 , ..., 9217.221 , 9219.344 ,
       9221.467 ], dtype=float32), 'mask': array([ True,  True,  True, ...,  True,  True,  True])}",205.04271,13.773924,0.13728277,4.66876e-05,False,30.031185,36.000534,65.90211,97.85477,133.10727,1.0975173,3.3579903,2.8741612,1.465873,0.67511564,33.842144,35.88452,65.94637,97.52718,135.16212,2.9794621,3.4843051,2.7628505,1.749405,0.9556925,b'    461789417598642176'
"{'flux': array([16.034338, 16.02946 , 16.02459 , ..., 55.477055, 55.478615,
       55.48018 ], dtype=float32), 'ivar': array([0., 0., 0., ..., 0., 0., 0.], dtype=float32), 'lsf_sigma': array([0., 0., 0., ..., 0., 0., 0.], dtype=float32), 'lambda': array([3787.913 , 3788.7854, 3789.658 , ..., 9217.221 , 9219.344 ,
       9221.467 ], dtype=float32), 'mask': array([ True,  True,  True, ...,  True,  True,  True])}",206.35092,11.446836,0.18337813,3.0198336e-05,False,5.0403523,16.008377,53.349083,84.842354,115.67054,1.0975173,3.3579903,2.8741612,1.465873,0.67511564,4.8772097,16.002546,53.07159,85.02053,114.59666,2.9794621,3.4843051,2.7628505,1.749405,0.9556925,b'    461789692476549120'
"{'flux': array([21.39918 , 21.392288, 21.385406, ..., 17.25685 , 17.257284,
       17.257717], dtype=float32), 'ivar': array([0., 0., 0., ..., 0., 0., 0.], dtype=float32), 'lsf_sigma': array([0., 0., 0., ..., 0., 0., 0.], dtype=float32), 'lambda': array([3787.913 , 3788.7854, 3789.658 , ..., 9217.221 , 9219.344 ,
       9221.467 ], dtype=float32), 'mask': array([ True,  True,  True, ...,  True,  True,  True])}",182.63705,11.399528,0.16990437,3.2395208e-05,False,6.657438,17.966871,53.50283,82.09328,106.91684,1.0975173,3.3579903,2.8741612,1.465873,0.67511564,4.3303385,17.909508,53.34716,81.98955,106.48109,2.9794621,3.4843051,2.7628505,1.749405,0.9556925,b'    461789967354456064'
"{'flux': array([ 3.7452986,  3.7441378,  3.7429783, ..., 11.397261 , 11.397571 ,
       11.39788  ], dtype=float32), 'ivar': array([0., 0., 0., ..., 0., 0., 0.], dtype=float32), 'lsf_sigma': array([0., 0., 0., ..., 0., 0., 0.], dtype=float32), 'lambda': array([3787.913 , 3788.7854, 3789.658 , ..., 9217.221 , 9219.344 ,
       9221.467 ], dtype=float32), 'mask': array([ True,  True,  True, ...,  True,  True,  True])}",850.0,-3.0,0.56800884,7.953842e-05,True,14.974498,17.068983,213.01736,260.03394,350.07266,1.0975173,3.3579903,2.8741612,1.465873,0.67511564,15.542818,12.912833,210.31618,259.7255,341.0244,2.9794621,3.4843051,2.7628505,1.749405,0.9556925,b'    461790242232363008'
"{'flux': array([5.6427164, 5.640959 , 5.639204 , ..., 1.5703475, 1.5703899,
       1.5704321], dtype=float32), 'ivar': array([0., 0., 0., ..., 0., 0., 0.], dtype=float32), 'lsf_sigma': array([0., 0., 0., ..., 0., 0., 0.], dtype=float32), 'lambda': array([3787.913 , 3788.7854, 3789.658 , ..., 9217.221 , 9219.344 ,
       9221.467 ], dtype=float32), 'mask': array([ True,  True,  True, ...,  True,  True,  True])}",80.327866,17.967323,0.075683534,1.9473795e-05,False,2.1762466,14.074613,35.987263,57.87398,77.63742,1.0975173,3.3579903,2.8741612,1.465873,0.67511564,3.8777635,14.024256,35.786903,57.998196,77.27407,2.9794621,3.4843051,2.7628505,1.749405,0.9556925,b'    461790791988176896'
"{'flux': array([13.804895 , 13.799903 , 13.794919 , ...,  3.3042748,  3.3043356,
        3.3043966], dtype=float32), 'ivar': array([0., 0., 0., ..., 0., 0., 0.], dtype=float32), 'lsf_sigma': array([0., 0., 0., ..., 0., 0., 0.], dtype=float32), 'lambda': array([3787.913 , 3788.7854, 3789.658 , ..., 9217.221 , 9219.344 ,
       9221.467 ], dtype=float32), 'mask': array([ True,  True,  True, ...,  True,  True,  True])}",0.0,0.0,0.8053973,0.00036099748,False,9.314318,12.349651,16.192947,17.552097,20.734262,1.0975173,3.3579903,2.8741612,1.465873,0.67511564,8.39833,12.312513,16.124262,17.658869,20.654156,2.9794621,3.4843051,2.7628505,1.749405,0.9556925,b'    461791066866083840'
"{'flux': array([12.2174835, 12.213344 , 12.209211 , ..., 13.738714 , 13.739021 ,
       13.739326 ], dtype=float32), 'ivar': array([0., 0., 0., ..., 0., 0., 0.], dtype=float32), 'lsf_sigma': array([0., 0., 0., ..., 0., 0., 0.], dtype=float32), 'lambda': array([3787.913 , 3788.7854, 3789.658 , ..., 9217.221 , 9219.344 ,
       9221.467 ], dtype=float32), 'mask': array([ True,  True,  True, ...,  True,  True,  True])}",41.560642,19.157211,0.040631935,8.400122e-06,False,7.572948,19.428064,34.521545,45.907215,55.713673,1.0975173,3.3579903,2.8741612,1.465873,0.67511564,9.044292,19.396593,34.301304,45.959793,55.009857,2.9794621,3.4843051,2.7628505,1.749405,0.9556925,b'    461791341743990784'
"{'flux': array([11.227935 , 11.224491 , 11.221052 , ...,  5.4494886,  5.4496393,
        5.44979  ], dtype=float32), 'ivar': array([0., 0., 0., ..., 0., 0., 0.], dtype=float32), 'lsf_sigma': array([0., 0., 0., ..., 0., 0., 0.], dtype=float32), 'lambda': array([3787.913 , 3788.7854, 3789.658 , ..., 9217.221 , 9219.344 ,
       9221.467 ], dtype=float32), 'mask': array([ True,  True,  True, ...,  True,  True,  True])}",0.0,45.164597,0.009270805,7.659623e-06,False,10.37415,20.489864,30.670496,36.84454,44.198883,1.0975173,3.3579903,2.8741612,1.465873,0.67511564,12.82896,20.427322,30.324165,36.82797,42.800545,2.9794621,3.4843051,2.7628505,1.749405,0.9556925,b'    461791891499804672'
"{'flux': array([13.166762 , 13.162006 , 13.157256 , ...,  4.7323866,  4.732474 ,
        4.7325616], dtype=float32), 'ivar': array([0., 0., 0., ..., 0., 0., 0.], dtype=float32), 'lsf_sigma': array([0., 0., 0., ..., 0., 0., 0.], dtype=float32), 'lambda': array([3787.913 , 3788.7854, 3789.658 , ..., 9217.221 , 9219.344 ,
       9221.467 ], dtype=float32), 'mask': array([ True,  True,  True, ...,  True,  True,  True])}",196.14516,15.10207,0.17325357,3.906202e-05,False,2.0326188,11.687934,38.78394,61.66741,85.03485,1.0975173,3.3579903,2.8741612,1.465873,0.67511564,3.8339417,11.666492,38.54415,62.12273,84.01335,2.9794621,3.4843051,2.7628505,1.749405,0.9556925,b'    461792441255618560'
"{'flux': array([3.9513187, 3.9499912, 3.9486659, ..., 3.3332405, 3.3333166,
       3.3333924], dtype=float32), 'ivar': array([0., 0., 0., ..., 0., 0., 0.], dtype=float32), 'lsf_sigma': array([0., 0., 0., ..., 0., 0., 0.], dtype=float32), 'lambda': array([3787.913 , 3788.7854, 3789.658 , ..., 9217.221 , 9219.344 ,
       9221.467 ], dtype=float32), 'mask': array([ True,  True,  True, ...,  True,  True,  True])}",0.0,0.0,1.1114213,0.00038964464,False,14.625941,18.673588,26.746935,26.029245,25.730644,1.0975173,3.3579903,2.8741612,1.465873,0.67511564,14.401313,18.623827,26.606197,26.399591,25.653158,2.9794621,3.4843051,2.7628505,1.749405,0.9556925,b'    461792991011432448'
"{'flux': array([-3.721764 , -3.7203605, -3.7189586, ..., 15.651612 , 15.651858 ,
       15.652105 ], dtype=float32), 'ivar': array([0., 0., 0., ..., 0., 0., 0.], dtype=float32), 'lsf_sigma': array([0., 0., 0., ..., 0., 0., 0.], dtype=float32), 'lambda': array([3787.913 , 3788.7854, 3789.658 , ..., 9217.221 , 9219.344 ,
       9221.467 ], dtype=float32), 'mask': array([ True,  True,  True, ...,  True,  True,  True])}",183.37013,20.65247,0.2204783,5.0938674e-05,False,1.1441028,6.173587,21.135408,35.736248,48.699524,1.0975173,3.3579903,2.8741612,1.465873,0.67511564,2.0401018,6.0580826,21.0684,35.652996,48.45955,2.9794621,3.4843051,2.7628505,1.749405,0.9556925,b'    461793265889339392'
"{'flux': array([12.617167 , 12.6128645, 12.608567 , ..., 15.950248 , 15.950597 ,
       15.950947 ], dtype=float32), 'ivar': array([0., 0., 0., ..., 0., 0., 0.], dtype=float32), 'lsf_sigma': array([0., 0., 0., ..., 0., 0., 0.], dtype=float32), 'lambda': array([3787.913 , 3788.7854, 3789.658 , ..., 9217.221 , 9219.344 ,
       9221.467 ], dtype=float32), 'mask': array([ True,  True,  True, ...,  True,  True,  True])}",0.0,72.4286,0.028054075,5.752206e-06,False,23.44869,14.05702,20.21208,24.452587,27.588001,1.0975173,3.3579903,2.8741612,1.465873,0.67511564,8.776819,13.912243,20.020718,24.240372,28.378798,2.9794621,3.4843051,2.7628505,1.749405,0.9556925,b'    461793540767246336'
"{'flux': array([ 7.9310193,  7.928259 ,  7.925503 , ..., 14.822791 , 14.823098 ,
       14.823404 ], dtype=float32), 'ivar': array([0., 0., 0., ..., 0., 0., 0.], dtype=float32), 'lsf_sigma': array([0., 0., 0., ..., 0., 0., 0.], dtype=float32), 'lambda': array([3787.913 , 3788.7854, 3789.658 , ..., 9217.221 , 9219.344 ,
       9221.467 ], dtype=float32), 'mask': array([ True,  True,  True, ...,  True,  True,  True])}",133.6829,11.450793,0.16991866,5.451144e-06,False,10.865362,30.706264,62.400116,95.445404,113.63718,1.0975173,3.3579903,2.8741612,1.465873,0.67511564,14.891116,30.558329,62.627766,94.86425,113.129456,2.9794621,3.4843051,2.7628505,1.749405,0.9556925,b'    461794365400967168'
"{'flux': array([1.4034674 , 1.4029872 , 1.4025081 , ..., 0.06270116, 0.06270252,
       0.06270389], dtype=float32), 'ivar': array([0., 0., 0., ..., 0., 0., 0.], dtype=float32), 'lsf_sigma': array([0., 0., 0., ..., 0., 0., 0.], dtype=float32), 'lambda': array([3787.913 , 3788.7854, 3789.658 , ..., 9217.221 , 9219.344 ,
       9221.467 ], dtype=float32), 'mask': array([ True,  True,  True, ...,  True,  True,  True])}",0.0,0.0,1.4928868,0.00072345085,False,16.029451,11.159027,14.222133,19.495386,19.004126,1.0975173,3.3579903,2.8741612,1.465873,0.67511564,12.792592,11.159308,14.275828,18.974422,19.266071,2.9794621,3.4843051,2.7628505,1.749405,0.9556925,b'    461794640278874112'
"{'flux': array([5.657374 , 5.6564293, 5.6554866, ..., 7.782212 , 7.782212 ,
       7.782212 ], dtype=float32), 'ivar': array([0., 0., 0., ..., 0., 0., 0.], dtype=float32), 'lsf_sigma': array([0., 0., 0., ..., 0., 0., 0.], dtype=float32), 'lambda': array([ 3.7896580e+03,  3.7905305e+03,  3.7914033e+03, ...,
       -1.0000000e+00, -1.0000000e+00, -1.0000000e+00], dtype=float32), 'mask': array([ True,  True,  True, ...,  True,  True,  True])}",111.97968,19.829548,0.07262332,1.0861282e-05,False,5.382872,14.874242,30.48655,45.860264,57.85322,0.9964863,5.256684,2.2860131,1.1454041,0.48073253,5.7683606,14.652491,30.51123,45.90918,57.649975,3.5592263,5.1594167,2.4163275,1.190896,0.58247447,b'    462833402882582528'
"{'flux': array([ 3.614611 ,  3.6139586,  3.6133077, ..., 22.780678 , 22.780678 ,
       22.780678 ], dtype=float32), 'ivar': array([0., 0., 0., ..., 0., 0., 0.], dtype=float32), 'lsf_sigma': array([0., 0., 0., ..., 0., 0., 0.], dtype=float32), 'lambda': array([ 3.7896580e+03,  3.7905305e+03,  3.7914033e+03, ...,
       -1.0000000e+00, -1.0000000e+00, -1.0000000e+00], dtype=float32), 'mask': array([ True,  True,  True, ...,  True,  True,  True])}",125.14625,7.903427,0.07404796,1.8769786e-05,False,6.1208973,29.070889,72.812744,112.4291,148.88266,0.9964863,5.256684,2.2860131,1.1454041,0.48073253,7.0039587,29.009027,72.79315,112.14237,148.57072,3.5592263,5.1594167,2.4163275,1.190896,0.58247447,b'    462833677760489472'
"{'flux': array([ 2.5797033,  2.5792637,  2.578825 , ..., 13.07087  , 13.07087  ,
       13.07087  ], dtype=float32), 'ivar': array([0., 0., 0., ..., 0., 0., 0.], dtype=float32), 'lsf_sigma': array([0., 0., 0., ..., 0., 0., 0.], dtype=float32), 'lambda': array([ 3.7896580e+03,  3.7905305e+03,  3.7914033e+03, ...,
       -1.0000000e+00, -1.0000000e+00, -1.0000000e+00], dtype=float32), 'mask': array([ True,  True,  True, ...,  True,  True,  True])}",248.93718,15.772161,0.17480592,4.2222404e-05,False,2.7010741,12.553539,43.0222,68.09695,90.6261,0.9964863,5.256684,2.2860131,1.1454041,0.48073253,2.4677804,12.47491,42.986423,68.07882,90.82718,3.5592263,5.1594167,2.4163275,1.190896,0.58247447,b'    462833952638396416'
"{'flux': array([8.297384 , 8.295992 , 8.2946005, ..., 7.840294 , 7.840294 ,
       7.840294 ], dtype=float32), 'ivar': array([0., 0., 0., ..., 0., 0., 0.], dtype=float32), 'lsf_sigma': array([0.        , 0.        , 0.        , ..., 0.88542944, 0.88542944,
       0.88542944], dtype=float32), 'lambda': array([ 3.7896580e+03,  3.7905305e+03,  3.7914033e+03, ...,
       -1.0000000e+00, -1.0000000e+00, -1.0000000e+00], dtype=float32), 'mask': array([ True,  True,  True, ...,  True,  True,  True])}",22.935268,33.80617,0.042207032,8.478891e-06,False,9.509977,18.911055,29.267199,37.55836,42.654938,0.9964863,5.256684,2.2860131,1.1454041,0.48073253,9.973298,18.767515,29.267437,37.77576,42.529266,3.5592263,5.1594167,2.4163275,1.190896,0.58247447,b'    462834227516303360'
"{'flux': array([6.680058 , 6.6789613, 6.6778646, ..., 6.8245883, 6.8245883,
       6.8245883], dtype=float32), 'ivar': array([0., 0., 0., ..., 0., 0., 0.], dtype=float32), 'lsf_sigma': array([0.        , 0.        , 0.        , ..., 0.88561887, 0.88561887,
       0.88561887], dtype=float32), 'lambda': array([ 3.7896580e+03,  3.7905305e+03,  3.7914033e+03, ...,
       -1.0000000e+00, -1.0000000e+00, -1.0000000e+00], dtype=float32), 'mask': array([ True,  True,  True, ...,  True,  True,  True])}",201.6267,36.83762,0.27542183,2.5001284e-05,False,5.1605673,9.053645,20.630434,29.00194,39.30931,0.9964863,5.256684,2.2860131,1.1454041,0.48073253,3.7853274,8.973706,20.629719,29.039232,38.965702,3.5592263,5.1594167,2.4163275,1.190896,0.58247447,b'    462834777272117248'
"{'flux': array([10.381303, 10.379491, 10.377681, ..., 11.371849, 11.371849,
       11.371849], dtype=float32), 'ivar': array([0., 0., 0., ..., 0., 0., 0.], dtype=float32), 'lsf_sigma': array([0., 0., 0., ..., 0., 0., 0.], dtype=float32), 'lambda': array([ 3.7896580e+03,  3.7905305e+03,  3.7914033e+03, ...,
       -1.0000000e+00, -1.0000000e+00, -1.0000000e+00], dtype=float32), 'mask': array([ True,  True,  True, ...,  True,  True,  True])}",22.770468,61.17753,0.12913181,8.444654e-06,False,11.474733,23.076416,38.573532,51.99847,58.493076,0.9964863,5.256684,2.2860131,1.1454041,0.48073253,9.039698,22.968586,38.619484,51.835552,58.17934,3.5592263,5.1594167,2.4163275,1.190896,0.58247447,b'    462835052150024192'
"{'flux': array([-0.23528355, -0.23524502, -0.23520651, ...,  9.473767  ,
        9.473767  ,  9.473767  ], dtype=float32), 'ivar': array([0., 0., 0., ..., 0., 0., 0.], dtype=float32), 'lsf_sigma': array([0., 0., 0., ..., 0., 0., 0.], dtype=float32), 'lambda': array([ 3.7896580e+03,  3.7905305e+03,  3.7914033e+03, ...,
       -1.0000000e+00, -1.0000000e+00, -1.0000000e+00], dtype=float32), 'mask': array([ True,  True,  True, ...,  True,  True,  True])}",158.03665,21.21486,0.17105025,3.1562788e-05,False,1.4350988,6.8269587,18.714367,30.08192,39.10777,0.9964863,5.256684,2.2860131,1.1454041,0.48073253,2.1557498,6.733187,18.9097,30.083359,40.21176,3.5592263,5.1594167,2.4163275,1.190896,0.58247447,b'    462835327027931136'
"{'flux': array([ 6.0046396,  6.0036025,  6.002566 , ..., 15.34877  , 15.34877  ,
       15.34877  ], dtype=float32), 'ivar': array([0., 0., 0., ..., 0., 0., 0.], dtype=float32), 'lsf_sigma': array([0., 0., 0., ..., 0., 0., 0.], dtype=float32), 'lambda': array([ 3.7896580e+03,  3.7905305e+03,  3.7914033e+03, ...,
       -1.0000000e+00, -1.0000000e+00, -1.0000000e+00], dtype=float32), 'mask': array([ True,  True,  True, ...,  True,  True,  True])}",246.43579,13.972334,0.21807234,4.0209594e-05,False,3.8446217,10.538847,37.99866,60.843952,79.579956,0.9964863,5.256684,2.2860131,1.1454041,0.48073253,3.2330346,10.471057,37.981415,60.839966,79.40992,3.5592263,5.1594167,2.4163275,1.190896,0.58247447,b'    462835601905838080'
"{'flux': array([10.803282, 10.801345, 10.799411, ..., 30.139462, 30.139462,
       30.139462], dtype=float32), 'ivar': array([0., 0., 0., ..., 0., 0., 0.], dtype=float32), 'lsf_sigma': array([0.       , 0.       , 0.       , ..., 0.8862281, 0.8862281,
       0.8862281], dtype=float32), 'lambda': array([ 3.7896580e+03,  3.7905305e+03,  3.7914033e+03, ...,
       -1.0000000e+00, -1.0000000e+00, -1.0000000e+00], dtype=float32), 'mask': array([ True,  True,  True, ...,  True,  True,  True])}",204.98555,9.400387,0.13358395,2.6727179e-05,False,9.04551,29.656355,87.07627,134.49393,182.63724,0.9964863,5.256684,2.2860131,1.1454041,0.48073253,7.230195,29.545414,87.15929,134.73247,181.0486,3.5592263,5.1594167,2.4163275,1.190896,0.58247447,b'    462836426539558912'
"{'flux': array([ 7.0452175,  7.0439334,  7.042651 , ..., 15.076748 , 15.076748 ,
       15.076748 ], dtype=float32), 'ivar': array([0., 0., 0., ..., 0., 0., 0.], dtype=float32), 'lsf_sigma': array([0.        , 0.        , 0.        , ..., 0.88633406, 0.88633406,
       0.88633406], dtype=float32), 'lambda': array([ 3.7896580e+03,  3.7905305e+03,  3.7914033e+03, ...,
       -1.0000000e+00, -1.0000000e+00, -1.0000000e+00], dtype=float32), 'mask': array([ True,  True,  True, ...,  True,  True,  True])}",0.0,55.33716,0.042504087,1.2368758e-05,False,9.8775835,24.778566,48.461517,67.3048,81.55045,0.9964863,5.256684,2.2860131,1.1454041,0.48073253,10.293032,24.752386,48.19397,67.532394,81.092674,3.5592263,5.1594167,2.4163275,1.190896,0.58247447,b'    462836701417465856'
"{'flux': array([2.8597345, 2.8592222, 2.8587103, ..., 5.3778353, 5.3778353,
       5.3778353], dtype=float32), 'ivar': array([0., 0., 0., ..., 0., 0., 0.], dtype=float32), 'lsf_sigma': array([0.        , 0.        , 0.        , ..., 0.88644314, 0.88644314,
       0.88644314], dtype=float32), 'lambda': array([ 3.7896580e+03,  3.7905305e+03,  3.7914033e+03, ...,
       -1.0000000e+00, -1.0000000e+00, -1.0000000e+00], dtype=float32), 'mask': array([ True,  True,  True, ...,  True,  True,  True])}",46.47681,36.12189,0.17451255,2.1819069e-05,False,3.6452775,7.892812,17.158264,24.845701,31.463818,0.9964863,5.256684,2.2860131,1.1454041,0.48073253,3.1906233,7.849386,17.030584,25.059761,30.857244,3.5592263,5.1594167,2.4163275,1.190896,0.58247447,b'    462836976295372800'
"{'flux': array([5.2463427, 5.245429 , 5.244517 , ..., 7.702693 , 7.702693 ,
       7.702693 ], dtype=float32), 'ivar': array([0., 0., 0., ..., 0., 0., 0.], dtype=float32), 'lsf_sigma': array([0., 0., 0., ..., 0., 0., 0.], dtype=float32), 'lambda': array([ 3.7896580e+03,  3.7905305e+03,  3.7914033e+03, ...,
       -1.0000000e+00, -1.0000000e+00, -1.0000000e+00], dtype=float32), 'mask': array([ True,  True,  True, ...,  True,  True,  True])}",91.05532,21.279493,0.1337404,1.6590682e-05,False,4.7183614,11.14148,25.891996,38.551132,50.242973,0.9964863,5.256684,2.2860131,1.1454041,0.48073253,3.8983912,11.073289,25.693176,38.84375,49.691902,3.5592263,5.1594167,2.4163275,1.190896,0.58247447,b'    462837251173279744'
"{'flux': array([11.328024 , 11.326006 , 11.323991 , ...,  7.4397945,  7.4397945,
        7.4397945], dtype=float32), 'ivar': array([0., 0., 0., ..., 0., 0., 0.], dtype=float32), 'lsf_sigma': array([0., 0., 0., ..., 0., 0., 0.], dtype=float32), 'lambda': array([ 3.7896580e+03,  3.7905305e+03,  3.7914033e+03, ...,
       -1.0000000e+00, -1.0000000e+00, -1.0000000e+00], dtype=float32), 'mask': array([ True,  True,  True, ...,  True,  True,  True])}",0.0,0.0,0.1997052,3.733482e-05,False,8.867283,10.722667,21.586197,33.282913,39.800327,0.9964863,5.256684,2.2860131,1.1454041,0.48073253,8.394003,10.70107,21.00809,33.88985,37.92298,3.5592263,5.1594167,2.4163275,1.190896,0.58247447,b'    462837526051186688'
"{'flux': array([ 4.8739524,  4.873072 ,  4.872194 , ..., 16.172945 , 16.172945 ,
       16.172945 ], dtype=float32), 'ivar': array([0., 0., 0., ..., 0., 0., 0.], dtype=float32), 'lsf_sigma': array([0., 0., 0., ..., 0., 0., 0.], dtype=float32), 'lambda': array([ 3.7896580e+03,  3.7905305e+03,  3.7914033e+03, ...,
       -1.0000000e+00, -1.0000000e+00, -1.0000000e+00], dtype=float32), 'mask': array([ True,  True,  True, ...,  True,  True,  True])}",201.45847,12.45976,0.15132897,3.505449e-05,False,4.0856137,15.046679,49.95106,78.08055,106.34106,0.9964863,5.256684,2.2860131,1.1454041,0.48073253,3.7283268,15.07785,49.601707,78.44722,104.90489,3.5592263,5.1594167,2.4163275,1.190896,0.58247447,b'    462837800929093632'
"{'flux': array([1.1928738, 1.1926627, 1.1924517, ..., 9.30346  , 9.30346  ,
       9.30346  ], dtype=float32), 'ivar': array([0., 0., 0., ..., 0., 0., 0.], dtype=float32), 'lsf_sigma': array([0., 0., 0., ..., 0., 0., 0.], dtype=float32), 'lambda': array([ 3.7896580e+03,  3.7905305e+03,  3.7914033e+03, ...,
       -1.0000000e+00, -1.0000000e+00, -1.0000000e+00], dtype=float32), 'mask': array([ True,  True,  True, ...,  True,  True,  True])}",0.0,0.0,-0.00018865828,3.1005893e-05,False,0.4454553,0.9949322,5.451497,25.652557,56.662594,0.9964863,5.256684,2.2860131,1.1454041,0.48073253,0.3983067,0.90528566,5.4100533,25.691301,55.56152,3.5592263,5.1594167,2.4163275,1.190896,0.58247447,b'    462838075807000576'
"{'flux': array([4.181544 , 4.180833 , 4.180123 , ..., 5.1933603, 5.1933603,
       5.1933603], dtype=float32), 'ivar': array([0., 0., 0., ..., 0., 0., 0.], dtype=float32), 'lsf_sigma': array([0.       , 0.       , 0.       , ..., 0.8868905, 0.8868905,
       0.8868905], dtype=float32), 'lambda': array([ 3.7896580e+03,  3.7905305e+03,  3.7914033e+03, ...,
       -1.0000000e+00, -1.0000000e+00, -1.0000000e+00], dtype=float32), 'mask': array([ True,  True,  True, ...,  True,  True,  True])}",185.39088,37.94496,0.23490635,8.980763e-06,False,4.849744,10.2958765,22.802488,33.736828,41.27215,0.9964863,5.256684,2.2860131,1.1454041,0.48073253,4.9657354,10.204667,22.41492,33.600887,40.31423,3.5592263,5.1594167,2.4163275,1.190896,0.58247447,b'    462838350684907520'
"{'flux': array([ 9.033256,  9.031595,  9.029937, ..., 37.548416, 37.548416,
       37.548416], dtype=float32), 'ivar': array([0., 0., 0., ..., 0., 0., 0.], dtype=float32), 'lsf_sigma': array([0.        , 0.        , 0.        , ..., 0.86573976, 0.86573976,
       0.86573976], dtype=float32), 'lambda': array([ 3.7896580e+03,  3.7905305e+03,  3.7914033e+03, ...,
       -1.0000000e+00, -1.0000000e+00, -1.0000000e+00], dtype=float32), 'mask': array([ True,  True,  True, ...,  True,  True,  True])}",189.92403,7.4753094,0.09092051,1.9689167e-05,False,10.441254,42.66583,118.65086,185.7114,255.06671,0.9964863,5.256684,2.2860131,1.1454041,0.48073253,9.829231,42.728733,118.28217,185.52596,254.63164,3.5592263,5.1594167,2.4163275,1.190896,0.58247447,b'    462838900440721408'
"{'flux': array([10.9765005, 10.974477 , 10.972456 , ..., 35.985653 , 35.985653 ,
       35.985653 ], dtype=float32), 'ivar': array([0., 0., 0., ..., 0., 0., 0.], dtype=float32), 'lsf_sigma': array([0.      , 0.      , 0.      , ..., 0.865812, 0.865812, 0.865812],
      dtype=float32), 'lambda': array([ 3.7896580e+03,  3.7905305e+03,  3.7914033e+03, ...,
       -1.0000000e+00, -1.0000000e+00, -1.0000000e+00], dtype=float32), 'mask': array([ True,  True,  True, ...,  True,  True,  True])}",118.77909,6.3554144,0.042907353,1.6469843e-05,False,13.786195,47.074932,114.18549,169.3361,222.62837,0.9964863,5.256684,2.2860131,1.1454041,0.48073253,11.712062,47.12485,113.52351,169.49069,221.64886,3.5592263,5.1594167,2.4163275,1.190896,0.58247447,b'    462839175318628352'
"{'flux': array([18.02485 , 18.02141 , 18.017973, ..., 18.727036, 18.727036,
       18.727036], dtype=float32), 'ivar': array([0., 0., 0., ..., 0., 0., 0.], dtype=float32), 'lsf_sigma': array([0., 0., 0., ..., 0., 0., 0.], dtype=float32), 'lambda': array([ 3.7896580e+03,  3.7905305e+03,  3.7914033e+03, ...,
       -1.0000000e+00, -1.0000000e+00, -1.0000000e+00], dtype=float32), 'mask': array([ True,  True,  True, ...,  True,  True,  True])}",101.539925,12.785586,0.040303476,5.3440117e-06,False,24.856773,45.724525,75.91987,104.59525,128.96768,0.9964863,5.256684,2.2860131,1.1454041,0.48073253,24.16665,45.632557,75.67081,104.24004,127.41042,3.5592263,5.1594167,2.4163275,1.190896,0.58247447,b'    462839999952349184'
"{'flux': array([ 9.588158,  9.586314,  9.584474, ..., 17.009212, 17.009212,
       17.009212], dtype=float32), 'ivar': array([0., 0., 0., ..., 0., 0., 0.], dtype=float32), 'lsf_sigma': array([0., 0., 0., ..., 0., 0., 0.], dtype=float32), 'lambda': array([ 3.7896580e+03,  3.7905305e+03,  3.7914033e+03, ...,
       -1.0000000e+00, -1.0000000e+00, -1.0000000e+00], dtype=float32), 'mask': array([ True,  True,  True, ...,  True,  True,  True])}",203.53679,13.4366045,0.19406177,3.381713e-05,False,8.588071,24.781761,61.647808,94.521736,124.06133,0.9964863,5.256684,2.2860131,1.1454041,0.48073253,6.5060086,24.29044,61.959843,94.025856,122.11881,3.5592263,5.1594167,2.4163275,1.190896,0.58247447,b'    462840274830256128'
"{'flux': array([6.805478 , 6.8041897, 6.802902 , ..., 8.995028 , 8.995028 ,
       8.995028 ], dtype=float32), 'ivar': array([0., 0., 0., ..., 0., 0., 0.], dtype=float32), 'lsf_sigma': array([0., 0., 0., ..., 0., 0., 0.], dtype=float32), 'lambda': array([ 3.7896580e+03,  3.7905305e+03,  3.7914033e+03, ...,
       -1.0000000e+00, -1.0000000e+00, -1.0000000e+00], dtype=float32), 'mask': array([ True,  True,  True, ...,  True,  True,  True])}",158.66177,16.235918,0.17078148,2.9596058e-05,False,3.5440397,9.059401,29.059456,47.974216,64.49008,0.9964863,5.256684,2.2860131,1.1454041,0.48073253,2.7553258,8.949125,28.784039,47.3204,63.88888,3.5592263,5.1594167,2.4163275,1.190896,0.58247447,b'    462840824586070016'
"{'flux': array([5.0507617, 5.0498114, 5.0488615, ..., 7.787219 , 7.787219 ,
       7.787219 ], dtype=float32), 'ivar': array([0., 0., 0., ..., 0., 0., 0.], dtype=float32), 'lsf_sigma': array([0., 0., 0., ..., 0., 0., 0.], dtype=float32), 'lambda': array([ 3.7896580e+03,  3.7905305e+03,  3.7914033e+03, ...,
       -1.0000000e+00, -1.0000000e+00, -1.0000000e+00], dtype=float32), 'mask': array([ True,  True,  True, ...,  True,  True,  True])}",132.57227,12.46808,0.17179695,4.817815e-05,False,3.4582224,7.970452,25.67099,42.111637,58.527107,0.9964863,5.256684,2.2860131,1.1454041,0.48073253,2.9388742,7.906395,25.468924,41.874664,57.33815,3.5592263,5.1594167,2.4163275,1.190896,0.58247447,b'    462841099463976960'
"{'flux': array([ 9.128922 ,  9.1270895,  9.1252575, ..., 14.400554 , 14.400554 ,
       14.400554 ], dtype=float32), 'ivar': array([0., 0., 0., ..., 0., 0., 0.], dtype=float32), 'lsf_sigma': array([0., 0., 0., ..., 0., 0., 0.], dtype=float32), 'lambda': array([ 3.7896580e+03,  3.7905305e+03,  3.7914033e+03, ...,
       -1.0000000e+00, -1.0000000e+00, -1.0000000e+00], dtype=float32), 'mask': array([ True,  True,  True, ...,  True,  True,  True])}",157.94919,16.381632,0.12684369,9.834685e-06,False,6.849953,17.312574,41.52558,67.29009,89.13741,0.9964863,5.256684,2.2860131,1.1454041,0.48073253,8.535987,17.100054,41.271187,66.926056,87.02718,3.5592263,5.1594167,2.4163275,1.190896,0.58247447,b'    462841374341883904'
"{'flux': array([2.5602956, 2.559798 , 2.5593007, ..., 3.4200768, 3.4200768,
       3.4200768], dtype=float32), 'ivar': array([0., 0., 0., ..., 0., 0., 0.], dtype=float32), 'lsf_sigma': array([0.       , 0.       , 0.       , ..., 0.8665269, 0.8665269,
       0.8665269], dtype=float32), 'lambda': array([ 3.7896580e+03,  3.7905305e+03,  3.7914033e+03, ...,
       -1.0000000e+00, -1.0000000e+00, -1.0000000e+00], dtype=float32), 'mask': array([ True,  True,  True, ...,  True,  True,  True])}",209.67131,36.101196,0.4772105,0.00016105802,False,0.630707,1.0834998,7.783868,19.411005,31.829466,0.9964863,5.256684,2.2860131,1.1454041,0.48073253,0.06367614,1.0102998,7.6272135,19.114954,30.757397,3.5592263,5.1594167,2.4163275,1.190896,0.58247447,b'    462841649219790848'
"{'flux': array([ 7.602693,  7.601236,  7.599781, ..., 14.995494, 14.995494,
       14.995494], dtype=float32), 'ivar': array([0., 0., 0., ..., 0., 0., 0.], dtype=float32), 'lsf_sigma': array([0.        , 0.        , 0.        , ..., 0.86664784, 0.86664784,
       0.86664784], dtype=float32), 'lambda': array([ 3.7896580e+03,  3.7905305e+03,  3.7914033e+03, ...,
       -1.0000000e+00, -1.0000000e+00, -1.0000000e+00], dtype=float32), 'mask': array([ True,  True,  True, ...,  True,  True,  True])}",177.15227,14.175676,0.13764356,3.7086156e-05,False,4.053197,12.594728,41.43598,70.02512,101.94356,0.9964863,5.256684,2.2860131,1.1454041,0.48073253,4.076172,12.504851,41.188404,69.92991,100.69647,3.5592263,5.1594167,2.4163275,1.190896,0.58247447,b'    462841924097697792'
"{'flux': array([ 4.7349234,  4.733952 ,  4.732982 , ..., 24.40927  , 24.40927  ,
       24.40927  ], dtype=float32), 'ivar': array([0., 0., 0., ..., 0., 0., 0.], dtype=float32), 'lsf_sigma': array([0.      , 0.      , 0.      , ..., 0.866746, 0.866746, 0.866746],
      dtype=float32), 'lambda': array([ 3.7896580e+03,  3.7905305e+03,  3.7914033e+03, ...,
       -1.0000000e+00, -1.0000000e+00, -1.0000000e+00], dtype=float32), 'mask': array([ True,  True,  True, ...,  True,  True,  True])}",208.10413,9.127781,0.12765564,2.4898496e-05,False,6.241568,24.615364,75.42921,119.69426,169.95474,0.9964863,5.256684,2.2860131,1.1454041,0.48073253,6.3310738,24.538805,75.305305,119.69189,166.90135,3.5592263,5.1594167,2.4163275,1.190896,0.58247447,b'    462842198975604736'
"{'flux': array([12.841431, 12.838867, 12.836308, ..., 42.386433, 42.386433,
       42.386433], dtype=float32), 'ivar': array([0., 0., 0., ..., 0., 0., 0.], dtype=float32), 'lsf_sigma': array([0.      , 0.      , 0.      , ..., 0.866792, 0.866792, 0.866792],
      dtype=float32), 'lambda': array([ 3.7896580e+03,  3.7905305e+03,  3.7914033e+03, ...,
       -1.0000000e+00, -1.0000000e+00, -1.0000000e+00], dtype=float32), 'mask': array([ True,  True,  True, ...,  True,  True,  True])}",164.97014,6.960569,0.074120924,1.6980988e-05,False,13.211015,49.13003,130.1011,201.1081,270.43845,0.9964863,5.256684,2.2860131,1.1454041,0.48073253,11.405771,49.33944,129.35303,200.82344,270.34583,3.5592263,5.1594167,2.4163275,1.190896,0.58247447,b'    462842473853511680'
"{'flux': array([ 4.299576 ,  4.2987256,  4.2978754, ..., 12.217574 , 12.217574 ,
       12.217574 ], dtype=float32), 'ivar': array([0., 0., 0., ..., 0., 0., 0.], dtype=float32), 'lsf_sigma': array([0., 0., 0., ..., 0., 0., 0.], dtype=float32), 'lambda': array([ 3.7896580e+03,  3.7905305e+03,  3.7914033e+03, ...,
       -1.0000000e+00, -1.0000000e+00, -1.0000000e+00], dtype=float32), 'mask': array([ True,  True,  True, ...,  True,  True,  True])}",138.55019,10.171141,0.13466732,2.7972374e-05,False,4.9775014,16.686895,49.8908,77.57907,105.17956,0.9964863,5.256684,2.2860131,1.1454041,0.48073253,4.754345,16.633099,49.622486,77.40387,104.48664,3.5592263,5.1594167,2.4163275,1.190896,0.58247447,b'    462843298487232512'
"{'flux': array([ 5.2889447,  5.28787  ,  5.286797 , ..., 16.881292 , 16.881292 ,
       16.881292 ], dtype=float32), 'ivar': array([0., 0., 0., ..., 0., 0., 0.], dtype=float32), 'lsf_sigma': array([0.       , 0.       , 0.       , ..., 0.8672193, 0.8672193,
       0.8672193], dtype=float32), 'lambda': array([ 3.7896580e+03,  3.7905305e+03,  3.7914033e+03, ...,
       -1.0000000e+00, -1.0000000e+00, -1.0000000e+00], dtype=float32), 'mask': array([ True,  True,  True, ...,  True,  True,  True])}",249.0485,15.7631645,0.17355815,4.2840096e-05,False,4.0786366,11.971438,45.064415,79.80967,116.42855,0.9964863,5.256684,2.2860131,1.1454041,0.48073253,4.13951,11.859598,45.017693,79.4626,115.941444,3.5592263,5.1594167,2.4163275,1.190896,0.58247447,b'    462843848243046400'
"{'flux': array([10.175974, 10.174245, 10.172517, ..., 56.680813, 56.680813,
       56.680813], dtype=float32), 'ivar': array([0., 0., 0., ..., 0., 0., 0.], dtype=float32), 'lsf_sigma': array([0.        , 0.        , 0.        , ..., 0.89507586, 0.89507586,
       0.89507586], dtype=float32), 'lambda': array([ 3.7896580e+03,  3.7905305e+03,  3.7914033e+03, ...,
       -1.0000000e+00, -1.0000000e+00, -1.0000000e+00], dtype=float32), 'mask': array([ True,  True,  True, ...,  True,  True,  True])}",256.05814,7.4767785,0.072074726,1.8691926e-05,False,14.016838,64.174484,176.59657,280.8831,387.98758,0.9964863,5.256684,2.2860131,1.1454041,0.48073253,12.556243,64.24011,175.733,279.9217,388.65402,3.5592263,5.1594167,2.4163275,1.190896,0.58247447,b'    462844397998860288'
"{'flux': array([ 4.9111385,  4.9103203,  4.909503 , ..., 19.984468 , 19.984468 ,
       19.984468 ], dtype=float32), 'ivar': array([0., 0., 0., ..., 0., 0., 0.], dtype=float32), 'lsf_sigma': array([0.       , 0.       , 0.       , ..., 0.8951615, 0.8951615,
       0.8951615], dtype=float32), 'lambda': array([ 3.7896580e+03,  3.7905305e+03,  3.7914033e+03, ...,
       -1.0000000e+00, -1.0000000e+00, -1.0000000e+00], dtype=float32), 'mask': array([ True,  True,  True, ...,  True,  True,  True])}",131.81216,9.755463,0.072196424,2.6245401e-05,False,6.739606,25.705687,67.91027,107.55413,145.61421,0.9964863,5.256684,2.2860131,1.1454041,0.48073253,6.0480933,25.867142,67.56307,107.04609,145.94952,3.5592263,5.1594167,2.4163275,1.190896,0.58247447,b'    462844672876767232'
"{'flux': array([ 7.417086 ,  7.4158325,  7.414579 , ..., 17.071972 , 17.071972 ,
       17.071972 ], dtype=float32), 'ivar': array([0., 0., 0., ..., 0., 0., 0.], dtype=float32), 'lsf_sigma': array([0., 0., 0., ..., 0., 0., 0.], dtype=float32), 'lambda': array([ 3.7896580e+03,  3.7905305e+03,  3.7914033e+03, ...,
       -1.0000000e+00, -1.0000000e+00, -1.0000000e+00], dtype=float32), 'mask': array([ True,  True,  True, ...,  True,  True,  True])}",97.723755,8.031611,0.07049934,2.2140364e-05,False,6.9235883,25.503756,62.870678,94.83625,128.12984,0.9964863,5.256684,2.2860131,1.1454041,0.48073253,5.855691,25.522219,62.64452,94.991104,126.22346,3.5592263,5.1594167,2.4163275,1.190896,0.58247447,b'    462844947754674176'
"{'flux': array([19.481298, 19.478006, 19.474718, ..., 18.783743, 18.783743,
       18.783743], dtype=float32), 'ivar': array([0., 0., 0., ..., 0., 0., 0.], dtype=float32), 'lsf_sigma': array([0., 0., 0., ..., 0., 0., 0.], dtype=float32), 'lambda': array([ 3.7896580e+03,  3.7905305e+03,  3.7914033e+03, ...,
       -1.0000000e+00, -1.0000000e+00, -1.0000000e+00], dtype=float32), 'mask': array([ True,  True,  True, ...,  True,  True,  True])}",139.87413,11.220475,0.07448465,2.5285035e-05,False,10.106877,24.732622,60.309677,90.301956,120.62552,0.9964863,5.256684,2.2860131,1.1454041,0.48073253,6.2509975,24.793613,60.003128,90.39415,119.27112,3.5592263,5.1594167,2.4163275,1.190896,0.58247447,b'    462845222632581120'
"{'flux': array([12.95876 , 12.956557, 12.954357, ..., 29.236631, 29.236631,
       29.236631], dtype=float32), 'ivar': array([0., 0., 0., ..., 0., 0., 0.], dtype=float32), 'lsf_sigma': array([0., 0., 0., ..., 0., 0., 0.], dtype=float32), 'lambda': array([ 3.7896580e+03,  3.7905305e+03,  3.7914033e+03, ...,
       -1.0000000e+00, -1.0000000e+00, -1.0000000e+00], dtype=float32), 'mask': array([ True,  True,  True, ...,  True,  True,  True])}",112.56647,6.3794274,0.074225456,1.6738011e-05,False,14.987135,52.747425,113.70826,160.49803,204.16681,0.9964863,5.256684,2.2860131,1.1454041,0.48073253,16.156456,52.38657,113.85119,161.05763,200.4328,3.5592263,5.1594167,2.4163275,1.190896,0.58247447,b'    462845497510488064'
"{'flux': array([15.077169, 15.074607, 15.072046, ..., 24.26731 , 24.26731 ,
       24.26731 ], dtype=float32), 'ivar': array([0., 0., 0., ..., 0., 0., 0.], dtype=float32), 'lsf_sigma': array([0., 0., 0., ..., 0., 0., 0.], dtype=float32), 'lambda': array([ 3.7896580e+03,  3.7905305e+03,  3.7914033e+03, ...,
       -1.0000000e+00, -1.0000000e+00, -1.0000000e+00], dtype=float32), 'mask': array([ True,  True,  True, ...,  True,  True,  True])}",124.249916,7.5968795,0.07339233,1.859026e-05,False,11.987913,37.2107,91.72585,138.19878,184.80693,0.9964863,5.256684,2.2860131,1.1454041,0.48073253,8.988946,37.248707,91.3622,138.23724,183.09312,3.5592263,5.1594167,2.4163275,1.190896,0.58247447,b'    462845772388395008'
"{'flux': array([ 8.323087,  8.321718,  8.320352, ..., 28.581604, 28.581604,
       28.581604], dtype=float32), 'ivar': array([0., 0., 0., ..., 0., 0., 0.], dtype=float32), 'lsf_sigma': array([0., 0., 0., ..., 0., 0., 0.], dtype=float32), 'lambda': array([ 3.7896580e+03,  3.7905305e+03,  3.7914033e+03, ...,
       -1.0000000e+00, -1.0000000e+00, -1.0000000e+00], dtype=float32), 'mask': array([ True,  True,  True, ...,  True,  True,  True])}",124.30579,8.009869,0.07312165,1.7681048e-05,False,11.32046,41.18469,98.10311,147.00618,191.15836,0.9964863,5.256684,2.2860131,1.1454041,0.48073253,12.219117,41.183243,97.59297,147.15561,189.97815,3.5592263,5.1594167,2.4163275,1.190896,0.58247447,b'    462846047266301952'
"{'flux': array([ 1.3751509,  1.3749127,  1.3746748, ..., 10.700366 , 10.700366 ,
       10.700366 ], dtype=float32), 'ivar': array([0., 0., 0., ..., 0., 0., 0.], dtype=float32), 'lsf_sigma': array([0.        , 0.        , 0.        , ..., 0.89567333, 0.89567333,
       0.89567333], dtype=float32), 'lambda': array([ 3.7896580e+03,  3.7905305e+03,  3.7914033e+03, ...,
       -1.0000000e+00, -1.0000000e+00, -1.0000000e+00], dtype=float32), 'mask': array([ True,  True,  True, ...,  True,  True,  True])}",109.84445,11.481635,0.08967724,2.9101902e-05,False,4.892998,17.08279,43.385826,64.984566,87.18161,0.9964863,5.256684,2.2860131,1.1454041,0.48073253,4.321194,17.114195,43.058956,65.13334,86.41926,3.5592263,5.1594167,2.4163275,1.190896,0.58247447,b'    462846597022115840'
"{'flux': array([14.517545, 14.515064, 14.512588, ..., 33.932186, 33.932186,
       33.932186], dtype=float32), 'ivar': array([0., 0., 0., ..., 0., 0., 0.], dtype=float32), 'lsf_sigma': array([0.       , 0.       , 0.       , ..., 0.8957482, 0.8957482,
       0.8957482], dtype=float32), 'lambda': array([ 3.7896580e+03,  3.7905305e+03,  3.7914033e+03, ...,
       -1.0000000e+00, -1.0000000e+00, -1.0000000e+00], dtype=float32), 'mask': array([ True,  True,  True, ...,  True,  True,  True])}",118.038,5.6234155,0.071441755,1.4659404e-05,False,16.251074,54.41701,129.00526,189.13159,244.23643,0.9964863,5.256684,2.2860131,1.1454041,0.48073253,15.112751,54.48707,128.40334,189.7495,241.69366,3.5592263,5.1594167,2.4163275,1.190896,0.58247447,b'    462846871900022784'
"{'flux': array([19.019361 , 19.01601  , 19.01266  , ...,  3.1806657,  3.1806657,
        3.1806657], dtype=float32), 'ivar': array([0., 0., 0., ..., 0., 0., 0.], dtype=float32), 'lsf_sigma': array([0.       , 0.       , 0.       , ..., 0.8958216, 0.8958216,
       0.8958216], dtype=float32), 'lambda': array([ 3.7896580e+03,  3.7905305e+03,  3.7914033e+03, ...,
       -1.0000000e+00, -1.0000000e+00, -1.0000000e+00], dtype=float32), 'mask': array([ True,  True,  True, ...,  True,  True,  True])}",0.0,0.0,0.1983366,3.6715657e-05,False,22.215988,21.957644,28.478441,36.78204,39.175686,0.9964863,5.256684,2.2860131,1.1454041,0.48073253,24.504436,21.807629,28.17774,37.10813,36.563877,3.5592263,5.1594167,2.4163275,1.190896,0.58247447,b'    462847146777929728'
"{'flux': array([-3.4289975, -3.4284058, -3.4278147, ...,  6.7644997,  6.7644997,
        6.7644997], dtype=float32), 'ivar': array([0., 0., 0., ..., 0., 0., 0.], dtype=float32), 'lsf_sigma': array([0., 0., 0., ..., 0., 0., 0.], dtype=float32), 'lambda': array([ 3.7896580e+03,  3.7905305e+03,  3.7914033e+03, ...,
       -1.0000000e+00, -1.0000000e+00, -1.0000000e+00], dtype=float32), 'mask': array([ True,  True,  True, ...,  True,  True,  True])}",81.22815,25.062029,0.06158365,8.769586e-06,False,3.2656062,12.813972,27.603262,43.91396,59.06626,0.9964863,5.256684,2.2860131,1.1454041,0.48073253,3.3615248,12.840815,27.484005,43.81274,58.367424,3.5592263,5.1594167,2.4163275,1.190896,0.58247447,b'    462847421655836672'
"{'flux': array([2.7408304, 2.7403731, 2.7399158, ..., 9.094204 , 9.094204 ,
       9.094204 ], dtype=float32), 'ivar': array([0., 0., 0., ..., 0., 0., 0.], dtype=float32), 'lsf_sigma': array([0., 0., 0., ..., 0., 0., 0.], dtype=float32), 'lambda': array([ 3.7896580e+03,  3.7905305e+03,  3.7914033e+03, ...,
       -1.0000000e+00, -1.0000000e+00, -1.0000000e+00], dtype=float32), 'mask': array([ True,  True,  True, ...,  True,  True,  True])}",144.61671,22.658026,0.13380867,5.7023542e-05,False,2.3901489,8.60697,26.133345,45.311607,69.0184,0.9964863,5.256684,2.2860131,1.1454041,0.48073253,2.3040018,8.40457,25.896873,45.12861,68.15951,3.5592263,5.1594167,2.4163275,1.190896,0.58247447,b'    462847696533743616'
"{'flux': array([-0.8526694, -0.8525208, -0.8523724, ...,  5.805967 ,  5.805967 ,
        5.805967 ], dtype=float32), 'ivar': array([0., 0., 0., ..., 0., 0., 0.], dtype=float32), 'lsf_sigma': array([0., 0., 0., ..., 0., 0., 0.], dtype=float32), 'lambda': array([ 3.7896580e+03,  3.7905305e+03,  3.7914033e+03, ...,
       -1.0000000e+00, -1.0000000e+00, -1.0000000e+00], dtype=float32), 'mask': array([ True,  True,  True, ...,  True,  True,  True])}",105.09632,18.308445,0.19861038,3.4069682e-05,False,0.33686087,6.0695925,21.030046,37.572346,55.999676,0.9964863,5.256684,2.2860131,1.1454041,0.48073253,1.4818162,5.919728,21.040937,37.479454,54.73111,3.5592263,5.1594167,2.4163275,1.190896,0.58247447,b'    462847971411650560'
"{'flux': array([ 5.9924417,  5.9913807,  5.9903216, ..., 22.711147 , 22.711147 ,
       22.711147 ], dtype=float32), 'ivar': array([0., 0., 0., ..., 0., 0., 0.], dtype=float32), 'lsf_sigma': array([0., 0., 0., ..., 0., 0., 0.], dtype=float32), 'lambda': array([ 3.7896580e+03,  3.7905305e+03,  3.7914033e+03, ...,
       -1.0000000e+00, -1.0000000e+00, -1.0000000e+00], dtype=float32), 'mask': array([ True,  True,  True, ...,  True,  True,  True])}",155.78995,9.774695,0.08667489,2.6262e-05,False,5.7024593,22.797945,65.15378,106.84137,149.64531,0.9964863,5.256684,2.2860131,1.1454041,0.48073253,5.206317,22.898006,64.789345,105.90526,149.90675,3.5592263,5.1594167,2.4163275,1.190896,0.58247447,b'    462848246289557504'
"{'flux': array([ 4.5032816,  4.502496 ,  4.5017104, ..., 13.962026 , 13.962026 ,
       13.962026 ], dtype=float32), 'ivar': array([0., 0., 0., ..., 0., 0., 0.], dtype=float32), 'lsf_sigma': array([0., 0., 0., ..., 0., 0., 0.], dtype=float32), 'lambda': array([ 3.7896580e+03,  3.7905305e+03,  3.7914033e+03, ...,
       -1.0000000e+00, -1.0000000e+00, -1.0000000e+00], dtype=float32), 'mask': array([ True,  True,  True, ...,  True,  True,  True])}",126.30641,10.105907,0.107297786,2.9060364e-05,False,4.8305664,17.397995,45.3613,67.94786,92.551735,0.9964863,5.256684,2.2860131,1.1454041,0.48073253,4.3862925,17.361462,45.335865,67.721634,90.89152,3.5592263,5.1594167,2.4163275,1.190896,0.58247447,b'    462848521167464448'
"{'flux': array([21.70287  , 21.699064 , 21.695263 , ...,  4.4848976,  4.4848976,
        4.4848976], dtype=float32), 'ivar': array([0., 0., 0., ..., 0., 0., 0.], dtype=float32), 'lsf_sigma': array([0., 0., 0., ..., 0., 0., 0.], dtype=float32), 'lambda': array([ 3.7896580e+03,  3.7905305e+03,  3.7914033e+03, ...,
       -1.0000000e+00, -1.0000000e+00, -1.0000000e+00], dtype=float32), 'mask': array([ True,  True,  True, ...,  True,  True,  True])}",0.0,0.0,0.6617182,4.186371e-05,False,33.777878,37.060028,37.98645,39.7328,41.924526,0.9964863,5.256684,2.2860131,1.1454041,0.48073253,34.315426,36.725414,38.41842,39.322502,41.463737,3.5592263,5.1594167,2.4163275,1.190896,0.58247447,b'    462848796045371392'
"{'flux': array([ 7.6048965,  7.6036615,  7.602428 , ..., 15.155474 , 15.155474 ,
       15.155474 ], dtype=float32), 'ivar': array([0., 0., 0., ..., 0., 0., 0.], dtype=float32), 'lsf_sigma': array([0., 0., 0., ..., 0., 0., 0.], dtype=float32), 'lambda': array([ 3.7896580e+03,  3.7905305e+03,  3.7914033e+03, ...,
       -1.0000000e+00, -1.0000000e+00, -1.0000000e+00], dtype=float32), 'mask': array([ True,  True,  True, ...,  True,  True,  True])}",97.132256,13.208263,0.07528051,5.6580475e-06,False,12.197258,34.222134,66.0566,99.68248,116.28164,0.9964863,5.256684,2.2860131,1.1454041,0.48073253,16.025616,33.863525,65.71487,99.71051,112.4541,3.5592263,5.1594167,2.4163275,1.190896,0.58247447,b'    462849070923278336'
"{'flux': array([-3.2488961, -3.2483425, -3.2477896, ...,  9.780882 ,  9.780882 ,
        9.780882 ], dtype=float32), 'ivar': array([0., 0., 0., ..., 0., 0., 0.], dtype=float32), 'lsf_sigma': array([0., 0., 0., ..., 0., 0., 0.], dtype=float32), 'lambda': array([ 3.7896580e+03,  3.7905305e+03,  3.7914033e+03, ...,
       -1.0000000e+00, -1.0000000e+00, -1.0000000e+00], dtype=float32), 'mask': array([ True,  True,  True, ...,  True,  True,  True])}",116.851494,15.552316,0.07230912,3.655071e-05,False,1.9137853,11.397852,32.17588,54.20124,78.7761,0.9964863,5.256684,2.2860131,1.1454041,0.48073253,2.3208888,11.490687,31.828156,54.019592,77.91747,3.5592263,5.1594167,2.4163275,1.190896,0.58247447,b'    462849345801185280'
"{'flux': array([21.638826, 21.634905, 21.63099 , ...,  4.403387,  4.403387,
        4.403387], dtype=float32), 'ivar': array([0., 0., 0., ..., 0., 0., 0.], dtype=float32), 'lsf_sigma': array([0., 0., 0., ..., 0., 0., 0.], dtype=float32), 'lambda': array([ 3.7896580e+03,  3.7905305e+03,  3.7914033e+03, ...,
       -1.0000000e+00, -1.0000000e+00, -1.0000000e+00], dtype=float32), 'mask': array([ True,  True,  True, ...,  True,  True,  True])}",0.0,0.0,0.8932833,0.00045245842,False,15.725063,15.56922,17.642376,16.192345,18.79816,0.9964863,5.256684,2.2860131,1.1454041,0.48073253,11.396271,15.455894,17.606342,16.031412,17.877792,3.5592263,5.1594167,2.4163275,1.190896,0.58247447,b'    462849895556999168'
"{'flux': array([15.34712  , 15.344037 , 15.34096  , ...,  3.5542793,  3.5542793,
        3.5542793], dtype=float32), 'ivar': array([0., 0., 0., ..., 0., 0., 0.], dtype=float32), 'lsf_sigma': array([0., 0., 0., ..., 0., 0., 0.], dtype=float32), 'lambda': array([ 3.7896580e+03,  3.7905305e+03,  3.7914033e+03, ...,
       -1.0000000e+00, -1.0000000e+00, -1.0000000e+00], dtype=float32), 'mask': array([ True,  True,  True, ...,  True,  True,  True])}",0.0,0.0,1.74058,0.00043989174,False,17.309635,21.19449,24.713434,33.197235,37.210243,0.9964863,5.256684,2.2860131,1.1454041,0.48073253,17.959536,21.078007,24.608047,33.14878,36.402306,3.5592263,5.1594167,2.4163275,1.190896,0.58247447,b'    462850170434906112'
"{'flux': array([ 4.629455 ,  4.628611 ,  4.627768 , ..., 13.8084135, 13.8084135,
       13.8084135], dtype=float32), 'ivar': array([0., 0., 0., ..., 0., 0., 0.], dtype=float32), 'lsf_sigma': array([0., 0., 0., ..., 0., 0., 0.], dtype=float32), 'lambda': array([ 3.7896580e+03,  3.7905305e+03,  3.7914033e+03, ...,
       -1.0000000e+00, -1.0000000e+00, -1.0000000e+00], dtype=float32), 'mask': array([ True,  True,  True, ...,  True,  True,  True])}",210.52887,11.29368,0.19875504,3.363277e-05,False,3.391071,12.437855,44.057106,70.58905,96.6007,0.9964863,5.256684,2.2860131,1.1454041,0.48073253,3.6091936,12.391909,43.788124,70.771454,94.54917,3.5592263,5.1594167,2.4163275,1.190896,0.58247447,b'    462850445312813056'
"{'flux': array([0.666192  , 0.66606516, 0.66593856, ..., 2.8037121 , 2.8037121 ,
       2.8037121 ], dtype=float32), 'ivar': array([0., 0., 0., ..., 0., 0., 0.], dtype=float32), 'lsf_sigma': array([0., 0., 0., ..., 0., 0., 0.], dtype=float32), 'lambda': array([ 3.7896580e+03,  3.7905305e+03,  3.7914033e+03, ...,
       -1.0000000e+00, -1.0000000e+00, -1.0000000e+00], dtype=float32), 'mask': array([ True,  True,  True, ...,  True,  True,  True])}",184.99147,35.31226,0.3560079,0.00011518098,False,-0.011934941,1.1512011,7.354053,13.173711,19.646526,0.9964863,5.256684,2.2860131,1.1454041,0.48073253,0.27237445,1.0983951,7.12071,13.169439,18.538097,3.5592263,5.1594167,2.4163275,1.190896,0.58247447,b'    462850720190720000'
"{'flux': array([ 4.283821 ,  4.283035 ,  4.2822504, ..., 11.8373995, 11.8373995,
       11.8373995], dtype=float32), 'ivar': array([0., 0., 0., ..., 0., 0., 0.], dtype=float32), 'lsf_sigma': array([0., 0., 0., ..., 0., 0., 0.], dtype=float32), 'lambda': array([ 3.7896580e+03,  3.7905305e+03,  3.7914033e+03, ...,
       -1.0000000e+00, -1.0000000e+00, -1.0000000e+00], dtype=float32), 'mask': array([ True,  True,  True, ...,  True,  True,  True])}",228.28664,17.035984,0.23182383,4.6612608e-05,False,2.741749,8.577737,34.79407,58.348095,80.77452,0.9964863,5.256684,2.2860131,1.1454041,0.48073253,2.6151624,8.572365,34.373802,58.333942,78.93953,3.5592263,5.1594167,2.4163275,1.190896,0.58247447,b'    462850995068626944'
"{'flux': array([ 6.986322 ,  6.985009 ,  6.9836984, ..., 22.122889 , 22.122889 ,
       22.122889 ], dtype=float32), 'ivar': array([0., 0., 0., ..., 0., 0., 0.], dtype=float32), 'lsf_sigma': array([0., 0., 0., ..., 0., 0., 0.], dtype=float32), 'lambda': array([ 3.7896580e+03,  3.7905305e+03,  3.7914033e+03, ...,
       -1.0000000e+00, -1.0000000e+00, -1.0000000e+00], dtype=float32), 'mask': array([ True,  True,  True, ...,  True,  True,  True])}",196.91269,9.773146,0.13416794,2.1258787e-05,False,7.4093027,26.840399,75.584236,117.46187,162.89888,0.9964863,5.256684,2.2860131,1.1454041,0.48073253,7.588872,26.815542,75.22554,117.91255,160.55482,3.5592263,5.1594167,2.4163275,1.190896,0.58247447,b'    462851269946533888'
"{'flux': array([ 0.34017277,  0.3401104 ,  0.34004816, ..., 24.37055   ,
       24.37055   , 24.37055   ], dtype=float32), 'ivar': array([0., 0., 0., ..., 0., 0., 0.], dtype=float32), 'lsf_sigma': array([0., 0., 0., ..., 0., 0., 0.], dtype=float32), 'lambda': array([ 3.7896580e+03,  3.7905305e+03,  3.7914033e+03, ...,
       -1.0000000e+00, -1.0000000e+00, -1.0000000e+00], dtype=float32), 'mask': array([ True,  True,  True, ...,  True,  True,  True])}",193.3896,10.146976,0.08868407,2.3886929e-05,False,5.666699,28.899311,78.35438,119.200905,163.49925,0.9964863,5.256684,2.2860131,1.1454041,0.48073253,5.6154394,28.85373,77.94191,119.59151,162.54175,3.5592263,5.1594167,2.4163275,1.190896,0.58247447,b'    462851544824440832'
"{'flux': array([6.316534 , 6.3153887, 6.3142443, ..., 4.2192764, 4.2192764,
       4.2192764], dtype=float32), 'ivar': array([0., 0., 0., ..., 0., 0., 0.], dtype=float32), 'lsf_sigma': array([0., 0., 0., ..., 0., 0., 0.], dtype=float32), 'lambda': array([ 3.7896580e+03,  3.7905305e+03,  3.7914033e+03, ...,
       -1.0000000e+00, -1.0000000e+00, -1.0000000e+00], dtype=float32), 'mask': array([ True,  True,  True, ...,  True,  True,  True])}",31.949644,61.917446,0.072370626,7.999363e-06,False,5.230913,10.423468,17.761282,25.209108,29.136702,0.9964863,5.256684,2.2860131,1.1454041,0.48073253,3.1426485,10.390158,17.46108,24.892967,28.059444,3.5592263,5.1594167,2.4163275,1.190896,0.58247447,b'    462851819702347776'
"{'flux': array([7.5343513, 7.5329695, 7.5315886, ..., 7.64295  , 7.64295  ,
       7.64295  ], dtype=float32), 'ivar': array([0., 0., 0., ..., 0., 0., 0.], dtype=float32), 'lsf_sigma': array([0., 0., 0., ..., 0., 0., 0.], dtype=float32), 'lambda': array([ 3.7896580e+03,  3.7905305e+03,  3.7914033e+03, ...,
       -1.0000000e+00, -1.0000000e+00, -1.0000000e+00], dtype=float32), 'mask': array([ True,  True,  True, ...,  True,  True,  True])}",48.498367,17.935686,0.043269325,8.454701e-06,False,10.200472,20.491188,36.2721,50.186935,60.304985,0.9964863,5.256684,2.2860131,1.1454041,0.48073253,9.40744,20.451992,35.933765,50.175064,58.44623,3.5592263,5.1594167,2.4163275,1.190896,0.58247447,b'    462852094580254720'
"{'flux': array([ 4.016874 ,  4.0160975,  4.015322 , ..., 14.194203 , 14.194203 ,
       14.194203 ], dtype=float32), 'ivar': array([0., 0., 0., ..., 0., 0., 0.], dtype=float32), 'lsf_sigma': array([0., 0., 0., ..., 0., 0., 0.], dtype=float32), 'lambda': array([ 3.7896580e+03,  3.7905305e+03,  3.7914033e+03, ...,
       -1.0000000e+00, -1.0000000e+00, -1.0000000e+00], dtype=float32), 'mask': array([ True,  True,  True, ...,  True,  True,  True])}",260.03772,13.9293785,0.19641279,4.1057938e-05,False,3.2926047,12.024393,46.767296,77.37883,109.14642,0.9964863,5.256684,2.2860131,1.1454041,0.48073253,3.681742,12.017024,46.36518,77.84815,107.14046,3.5592263,5.1594167,2.4163275,1.190896,0.58247447,b'    462852369458161664'
"{'flux': array([ 7.4961324,  7.4946256,  7.493121 , ..., 14.695087 , 14.695087 ,
       14.695087 ], dtype=float32), 'ivar': array([0., 0., 0., ..., 0., 0., 0.], dtype=float32), 'lsf_sigma': array([0., 0., 0., ..., 0., 0., 0.], dtype=float32), 'lambda': array([ 3.7896580e+03,  3.7905305e+03,  3.7914033e+03, ...,
       -1.0000000e+00, -1.0000000e+00, -1.0000000e+00], dtype=float32), 'mask': array([ True,  True,  True, ...,  True,  True,  True])}",227.56267,12.721973,0.19122145,3.836911e-05,False,3.2196233,11.23603,41.19362,67.91291,95.29234,0.9964863,5.256684,2.2860131,1.1454041,0.48073253,3.1884804,11.21397,40.958225,68.00417,93.639915,3.5592263,5.1594167,2.4163275,1.190896,0.58247447,b'    462852644336068608'
"{'flux': array([ 5.228535,  5.227556,  5.226579, ..., 11.350033, 11.350033,
       11.350033], dtype=float32), 'ivar': array([0., 0., 0., ..., 0., 0., 0.], dtype=float32), 'lsf_sigma': array([0., 0., 0., ..., 0., 0., 0.], dtype=float32), 'lambda': array([ 3.7896580e+03,  3.7905305e+03,  3.7914033e+03, ...,
       -1.0000000e+00, -1.0000000e+00, -1.0000000e+00], dtype=float32), 'mask': array([ True,  True,  True, ...,  True,  True,  True])}",118.08285,13.2618065,0.19770181,2.5506411e-05,False,5.5245857,12.120382,32.853043,51.89902,68.45992,0.9964863,5.256684,2.2860131,1.1454041,0.48073253,5.209677,12.010908,32.80575,51.63538,67.350845,3.5592263,5.1594167,2.4163275,1.190896,0.58247447,b'    462852919213975552'
"{'flux': array([15.761652 , 15.758618 , 15.7555895, ..., 10.839246 , 10.839246 ,
       10.839246 ], dtype=float32), 'ivar': array([0., 0., 0., ..., 0., 0., 0.], dtype=float32), 'lsf_sigma': array([0., 0., 0., ..., 0., 0., 0.], dtype=float32), 'lambda': array([ 3.7896580e+03,  3.7905305e+03,  3.7914033e+03, ...,
       -1.0000000e+00, -1.0000000e+00, -1.0000000e+00], dtype=float32), 'mask': array([ True,  True,  True, ...,  True,  True,  True])}",76.903786,14.5321,0.08739535,8.900116e-06,False,21.490984,37.304382,52.723194,72.095085,78.62498,0.9964863,5.256684,2.2860131,1.1454041,0.48073253,17.60842,37.347214,52.357273,71.56405,77.61437,3.5592263,5.1594167,2.4163275,1.190896,0.58247447,b'    462853468969789440'
"{'flux': array([-1.6681135, -1.6677738, -1.6674346, ..., 10.474953 , 10.474953 ,
       10.474953 ], dtype=float32), 'ivar': array([0., 0., 0., ..., 0., 0., 0.], dtype=float32), 'lsf_sigma': array([0., 0., 0., ..., 0., 0., 0.], dtype=float32), 'lambda': array([ 3.7896580e+03,  3.7905305e+03,  3.7914033e+03, ...,
       -1.0000000e+00, -1.0000000e+00, -1.0000000e+00], dtype=float32), 'mask': array([ True,  True,  True, ...,  True,  True,  True])}",179.8882,15.440211,0.18929355,4.333993e-05,False,1.6342301,8.201546,28.387163,47.46196,68.512634,0.9964863,5.256684,2.2860131,1.1454041,0.48073253,2.8196561,8.124822,28.199446,47.601818,66.57016,3.5592263,5.1594167,2.4163275,1.190896,0.58247447,b'    462853743847696384'
"{'flux': array([-1.9600484 , -1.9596741 , -1.9593    , ...,  0.52510947,
        0.52510947,  0.52510947], dtype=float32), 'ivar': array([0., 0., 0., ..., 0., 0., 0.], dtype=float32), 'lsf_sigma': array([0., 0., 0., ..., 0., 0., 0.], dtype=float32), 'lambda': array([ 3.7896580e+03,  3.7905305e+03,  3.7914033e+03, ...,
       -1.0000000e+00, -1.0000000e+00, -1.0000000e+00], dtype=float32), 'mask': array([ True,  True,  True, ...,  True,  True,  True])}",0.0,0.0,4.1937933,0.0002039395,False,0.124788895,1.5086251,11.149634,11.214591,13.227675,0.9964863,5.256684,2.2860131,1.1454041,0.48073253,-0.23612498,1.4441876,10.673224,10.797376,14.000065,3.5592263,5.1594167,2.4163275,1.190896,0.58247447,b'    462854568481417216'
"{'flux': array([ 7.9199047,  7.918383 ,  7.916863 , ..., 22.289854 , 22.289854 ,
       22.289854 ], dtype=float32), 'ivar': array([0., 0., 0., ..., 0., 0., 0.], dtype=float32), 'lsf_sigma': array([0., 0., 0., ..., 0., 0., 0.], dtype=float32), 'lambda': array([ 3.7896580e+03,  3.7905305e+03,  3.7914033e+03, ...,
       -1.0000000e+00, -1.0000000e+00, -1.0000000e+00], dtype=float32), 'mask': array([ True,  True,  True, ...,  True,  True,  True])}",145.39189,9.374857,0.08822914,2.2553319e-05,False,8.356678,27.282696,69.27448,107.828354,149.3312,0.9964863,5.256684,2.2860131,1.1454041,0.48073253,7.9881334,27.286312,68.89186,107.845726,147.7023,3.5592263,5.1594167,2.4163275,1.190896,0.58247447,b'    462854843359324160'
"{'flux': array([-0.33649382, -0.33643776, -0.33638182, ...,  8.607237  ,
        8.607237  ,  8.607237  ], dtype=float32), 'ivar': array([0., 0., 0., ..., 0., 0., 0.], dtype=float32), 'lsf_sigma': array([0., 0., 0., ..., 0., 0., 0.], dtype=float32), 'lambda': array([ 3.7896580e+03,  3.7905305e+03,  3.7914033e+03, ...,
       -1.0000000e+00, -1.0000000e+00, -1.0000000e+00], dtype=float32), 'mask': array([ True,  True,  True, ...,  True,  True,  True])}",77.5573,14.360175,0.10704347,1.2912222e-05,False,3.8437822,11.953542,31.157204,50.78516,69.78775,0.9964863,5.256684,2.2860131,1.1454041,0.48073253,5.0488677,11.917276,30.853432,50.955845,69.04933,3.5592263,5.1594167,2.4163275,1.190896,0.58247447,b'    462855118237231104'
"{'flux': array([ 8.663204,  8.661687,  8.660171, ..., 36.96242 , 36.96242 ,
       36.96242 ], dtype=float32), 'ivar': array([0., 0., 0., ..., 0., 0., 0.], dtype=float32), 'lsf_sigma': array([0., 0., 0., ..., 0., 0., 0.], dtype=float32), 'lambda': array([ 3.7896580e+03,  3.7905305e+03,  3.7914033e+03, ...,
       -1.0000000e+00, -1.0000000e+00, -1.0000000e+00], dtype=float32), 'mask': array([ True,  True,  True, ...,  True,  True,  True])}",103.6596,5.5397906,0.040044546,1.5139509e-05,False,18.74313,56.181385,131.34103,198.9086,266.03772,0.9964863,5.256684,2.2860131,1.1454041,0.48073253,17.649382,56.453987,130.53049,199.09297,265.85916,3.5592263,5.1594167,2.4163275,1.190896,0.58247447,b'    462855393115138048'
"{'flux': array([58.0191  , 58.009605, 58.00013 , ..., 36.846767, 36.846767,
       36.846767], dtype=float32), 'ivar': array([0., 0., 0., ..., 0., 0., 0.], dtype=float32), 'lsf_sigma': array([0., 0., 0., ..., 0., 0., 0.], dtype=float32), 'lambda': array([ 3.7896580e+03,  3.7905305e+03,  3.7914033e+03, ...,
       -1.0000000e+00, -1.0000000e+00, -1.0000000e+00], dtype=float32), 'mask': array([ True,  True,  True, ...,  True,  True,  True])}",0.0,0.0,0.07149258,3.984623e-05,False,74.10485,101.55593,145.92441,215.139,240.67769,0.9964863,5.256684,2.2860131,1.1454041,0.48073253,80.451416,101.16119,145.64963,212.42723,240.88498,3.5592263,5.1594167,2.4163275,1.190896,0.58247447,b'    462855667993044992'
"{'flux': array([-1.661363 , -1.6610774, -1.6607922, ..., 10.657198 , 10.657198 ,
       10.657198 ], dtype=float32), 'ivar': array([0., 0., 0., ..., 0., 0., 0.], dtype=float32), 'lsf_sigma': array([0., 0., 0., ..., 0., 0., 0.], dtype=float32), 'lambda': array([ 3.7896580e+03,  3.7905305e+03,  3.7914033e+03, ...,
       -1.0000000e+00, -1.0000000e+00, -1.0000000e+00], dtype=float32), 'mask': array([ True,  True,  True, ...,  True,  True,  True])}",166.2072,15.796932,0.15421708,4.0389346e-05,False,3.3125026,10.536806,33.212097,53.044765,73.656136,0.9964863,5.256684,2.2860131,1.1454041,0.48073253,3.3636992,10.533579,33.01946,53.179066,73.12151,3.5592263,5.1594167,2.4163275,1.190896,0.58247447,b'    462855942870951936'
"{'flux': array([-2.2270904, -2.226716 , -2.2263422, ..., 14.561157 , 14.561157 ,
       14.561157 ], dtype=float32), 'ivar': array([0., 0., 0., ..., 0., 0., 0.], dtype=float32), 'lsf_sigma': array([0., 0., 0., ..., 0., 0., 0.], dtype=float32), 'lambda': array([ 3.7896580e+03,  3.7905305e+03,  3.7914033e+03, ...,
       -1.0000000e+00, -1.0000000e+00, -1.0000000e+00], dtype=float32), 'mask': array([ True,  True,  True, ...,  True,  True,  True])}",177.88686,11.441641,0.18346573,3.0351568e-05,False,5.4384828,17.071083,52.20027,79.461365,103.50748,0.9964863,5.256684,2.2860131,1.1454041,0.48073253,5.423096,17.005407,52.055874,79.56729,102.01658,3.5592263,5.1594167,2.4163275,1.190896,0.58247447,b'    462856217748858880'
"{'flux': array([3.6496398, 3.6490338, 3.6484287, ..., 5.7987976, 5.7987976,
       5.7987976], dtype=float32), 'ivar': array([0., 0., 0., ..., 0., 0., 0.], dtype=float32), 'lsf_sigma': array([0., 0., 0., ..., 0., 0., 0.], dtype=float32), 'lambda': array([ 3.7896580e+03,  3.7905305e+03,  3.7914033e+03, ...,
       -1.0000000e+00, -1.0000000e+00, -1.0000000e+00], dtype=float32), 'mask': array([ True,  True,  True, ...,  True,  True,  True])}",0.0,51.55928,0.17871387,1.1847373e-05,False,4.2966127,8.063663,16.855474,24.682,31.421703,0.9964863,5.256684,2.2860131,1.1454041,0.48073253,4.181089,8.0279255,16.698538,24.791128,29.951784,3.5592263,5.1594167,2.4163275,1.190896,0.58247447,b'    462856492626765824'
"{'flux': array([ 7.969307 ,  7.968029 ,  7.9667535, ..., 19.232187 , 19.232187 ,
       19.232187 ], dtype=float32), 'ivar': array([0., 0., 0., ..., 0., 0., 0.], dtype=float32), 'lsf_sigma': array([0., 0., 0., ..., 0., 0., 0.], dtype=float32), 'lambda': array([ 3.7896580e+03,  3.7905305e+03,  3.7914033e+03, ...,
       -1.0000000e+00, -1.0000000e+00, -1.0000000e+00], dtype=float32), 'mask': array([ True,  True,  True, ...,  True,  True,  True])}",133.82257,7.4914956,0.10716288,2.5047093e-05,False,5.9792037,23.959335,64.96783,98.00867,131.61223,0.9964863,5.256684,2.2860131,1.1454041,0.48073253,5.4042773,23.969343,64.68702,98.00646,131.33057,3.5592263,5.1594167,2.4163275,1.190896,0.58247447,b'    462856767504672768'
"{'flux': array([ 0.68650126,  0.6863911 ,  0.6862812 , ..., 11.278699  ,
       11.278699  , 11.278699  ], dtype=float32), 'ivar': array([0., 0., 0., ..., 0., 0., 0.], dtype=float32), 'lsf_sigma': array([0., 0., 0., ..., 0., 0., 0.], dtype=float32), 'lambda': array([ 3.7896580e+03,  3.7905305e+03,  3.7914033e+03, ...,
       -1.0000000e+00, -1.0000000e+00, -1.0000000e+00], dtype=float32), 'mask': array([ True,  True,  True, ...,  True,  True,  True])}",69.19738,16.326105,0.07211165,7.5829325e-06,False,8.326434,20.569017,39.501038,58.235977,71.034874,0.9964863,5.256684,2.2860131,1.1454041,0.48073253,9.06154,20.547634,39.19054,58.417355,69.45807,3.5592263,5.1594167,2.4163275,1.190896,0.58247447,b'    462857042382579712'
"{'flux': array([4.5769777, 4.5762253, 4.5754747, ..., 7.2497363, 7.2497363,
       7.2497363], dtype=float32), 'ivar': array([0., 0., 0., ..., 0., 0., 0.], dtype=float32), 'lsf_sigma': array([0., 0., 0., ..., 0., 0., 0.], dtype=float32), 'lambda': array([ 3.7896580e+03,  3.7905305e+03,  3.7914033e+03, ...,
       -1.0000000e+00, -1.0000000e+00, -1.0000000e+00], dtype=float32), 'mask': array([ True,  True,  True, ...,  True,  True,  True])}",79.5185,16.31104,0.10276871,3.8602655e-05,False,2.8549395,9.407556,23.412981,36.102776,47.344055,0.9964863,5.256684,2.2860131,1.1454041,0.48073253,2.7106655,9.341255,23.252651,35.829422,47.75855,3.5592263,5.1594167,2.4163275,1.190896,0.58247447,b'    462857592138393600'
"{'flux': array([4.6725683, 4.6717763, 4.670985 , ..., 7.370455 , 7.370455 ,
       7.370455 ], dtype=float32), 'ivar': array([0., 0., 0., ..., 0., 0., 0.], dtype=float32), 'lsf_sigma': array([0., 0., 0., ..., 0., 0., 0.], dtype=float32), 'lambda': array([ 3.7896580e+03,  3.7905305e+03,  3.7914033e+03, ...,
       -1.0000000e+00, -1.0000000e+00, -1.0000000e+00], dtype=float32), 'mask': array([ True,  True,  True, ...,  True,  True,  True])}",62.89975,18.866665,0.078930385,7.547177e-06,False,7.2527,17.79665,31.361439,44.915592,54.129124,0.9964863,5.256684,2.2860131,1.1454041,0.48073253,6.6148987,17.778204,31.181986,45.13323,52.1373,3.5592263,5.1594167,2.4163275,1.190896,0.58247447,b'    462857867016300544'
"{'flux': array([2.8034902, 2.8030019, 2.8025146, ..., 5.8245325, 5.8245325,
       5.8245325], dtype=float32), 'ivar': array([0., 0., 0., ..., 0., 0., 0.], dtype=float32), 'lsf_sigma': array([0., 0., 0., ..., 0., 0., 0.], dtype=float32), 'lambda': array([ 3.7896580e+03,  3.7905305e+03,  3.7914033e+03, ...,
       -1.0000000e+00, -1.0000000e+00, -1.0000000e+00], dtype=float32), 'mask': array([ True,  True,  True, ...,  True,  True,  True])}",51.50122,32.255836,0.073942065,7.3848487e-06,False,4.3349957,10.826857,19.370613,27.981054,34.335995,0.9964863,5.256684,2.2860131,1.1454041,0.48073253,2.8442197,10.818395,19.243422,27.951887,33.41703,3.5592263,5.1594167,2.4163275,1.190896,0.58247447,b'    462858141894207488'
"{'flux': array([54.38541 , 54.37673 , 54.368065, ..., 31.195232, 31.195232,
       31.195232], dtype=float32), 'ivar': array([0., 0., 0., ..., 0., 0., 0.], dtype=float32), 'lsf_sigma': array([0., 0., 0., ..., 0., 0., 0.], dtype=float32), 'lambda': array([ 3.7896580e+03,  3.7905305e+03,  3.7914033e+03, ...,
       -1.0000000e+00, -1.0000000e+00, -1.0000000e+00], dtype=float32), 'mask': array([ True,  True,  True, ...,  True,  True,  True])}",0.0,0.0,0.07463476,2.451815e-05,False,73.6163,107.44328,154.86383,239.56757,253.16978,0.9964863,5.256684,2.2860131,1.1454041,0.48073253,80.06484,105.28464,156.09195,238.00601,254.34454,3.5592263,5.1594167,2.4163275,1.190896,0.58247447,b'    462858416772114432'
"{'flux': array([10.98267 , 10.980735, 10.978802, ..., 30.612333, 30.612333,
       30.612333], dtype=float32), 'ivar': array([0., 0., 0., ..., 0., 0., 0.], dtype=float32), 'lsf_sigma': array([0., 0., 0., ..., 0., 0., 0.], dtype=float32), 'lambda': array([ 3.7896580e+03,  3.7905305e+03,  3.7914033e+03, ...,
       -1.0000000e+00, -1.0000000e+00, -1.0000000e+00], dtype=float32), 'mask': array([ True,  True,  True, ...,  True,  True,  True])}",104.25019,6.3071117,0.06454351,1.4286415e-05,False,14.037697,43.912506,102.992035,156.83418,206.22452,0.9964863,5.256684,2.2860131,1.1454041,0.48073253,13.648629,44.08626,102.48268,156.94742,205.32825,3.5592263,5.1594167,2.4163275,1.190896,0.58247447,b'    462858691650021376'
"{'flux': array([ 7.120094 ,  7.118842 ,  7.1175923, ..., 11.574501 , 11.574501 ,
       11.574501 ], dtype=float32), 'ivar': array([0., 0., 0., ..., 0., 0., 0.], dtype=float32), 'lsf_sigma': array([0., 0., 0., ..., 0., 0., 0.], dtype=float32), 'lambda': array([ 3.7896580e+03,  3.7905305e+03,  3.7914033e+03, ...,
       -1.0000000e+00, -1.0000000e+00, -1.0000000e+00], dtype=float32), 'mask': array([ True,  True,  True, ...,  True,  True,  True])}",157.28442,12.586043,0.1331369,3.522648e-05,False,4.2299457,13.69675,37.75838,58.013184,77.886406,0.9964863,5.256684,2.2860131,1.1454041,0.48073253,3.8213036,13.639316,37.729492,57.7358,77.697754,3.5592263,5.1594167,2.4163275,1.190896,0.58247447,b'    462858966527928320'
"{'flux': array([ 0.09632754,  0.09631111,  0.09629471, ..., 12.893957  ,
       12.893957  , 12.893957  ], dtype=float32), 'ivar': array([0., 0., 0., ..., 0., 0., 0.], dtype=float32), 'lsf_sigma': array([0., 0., 0., ..., 0., 0., 0.], dtype=float32), 'lambda': array([ 3.7896580e+03,  3.7905305e+03,  3.7914033e+03, ...,
       -1.0000000e+00, -1.0000000e+00, -1.0000000e+00], dtype=float32), 'mask': array([ True,  True,  True, ...,  True,  True,  True])}",197.09454,13.643233,0.16886294,3.513287e-05,False,3.5506656,12.228624,39.583557,64.40879,88.21133,0.9964863,5.256684,2.2860131,1.1454041,0.48073253,3.6400528,12.169742,39.561573,64.07102,88.03302,3.5592263,5.1594167,2.4163275,1.190896,0.58247447,b'    462859791161649152'
"{'flux': array([7.559821 , 7.5585155, 7.5572104, ..., 5.6488748, 5.6488748,
       5.6488748], dtype=float32), 'ivar': array([0., 0., 0., ..., 0., 0., 0.], dtype=float32), 'lsf_sigma': array([0.       , 0.       , 1.0513136, ..., 0.       , 0.       ,
       0.       ], dtype=float32), 'lambda': array([ 3.7896580e+03,  3.7905305e+03,  3.7914033e+03, ...,
       -1.0000000e+00, -1.0000000e+00, -1.0000000e+00], dtype=float32), 'mask': array([ True,  True,  True, ...,  True,  True,  True])}",113.74754,26.80853,0.20019665,1.0957581e-05,False,6.5096245,12.072417,22.618116,32.13538,36.08012,0.9964863,5.256684,2.2860131,1.1454041,0.48073253,6.122919,12.038765,22.473213,31.925428,35.79455,3.5592263,5.1594167,2.4163275,1.190896,0.58247447,b'    462860340917463040'
"{'flux': array([10.795451, 10.793495, 10.791543, ..., 64.28019 , 64.28019 ,
       64.28019 ], dtype=float32), 'ivar': array([0., 0., 0., ..., 0., 0., 0.], dtype=float32), 'lsf_sigma': array([0.       , 0.       , 1.0367707, ..., 0.       , 0.       ,
       0.       ], dtype=float32), 'lambda': array([ 3.7896580e+03,  3.7905305e+03,  3.7914033e+03, ...,
       -1.0000000e+00, -1.0000000e+00, -1.0000000e+00], dtype=float32), 'mask': array([ True,  True,  True, ...,  True,  True,  True])}",156.95895,4.824412,0.043215703,1.1091238e-05,False,22.975422,79.64743,206.4366,322.4917,432.72754,0.9964863,5.256684,2.2860131,1.1454041,0.48073253,16.94223,80.41921,204.98694,320.92325,437.7813,3.5592263,5.1594167,2.4163275,1.190896,0.58247447,b'    462860615795369984'
"{'flux': array([3.4128988, 3.4122822, 3.4116666, ..., 4.518586 , 4.518586 ,
       4.518586 ], dtype=float32), 'ivar': array([0., 0., 0., ..., 0., 0., 0.], dtype=float32), 'lsf_sigma': array([0.       , 0.       , 1.0368239, ..., 0.       , 0.       ,
       0.       ], dtype=float32), 'lambda': array([ 3.7896580e+03,  3.7905305e+03,  3.7914033e+03, ...,
       -1.0000000e+00, -1.0000000e+00, -1.0000000e+00], dtype=float32), 'mask': array([ True,  True,  True, ...,  True,  True,  True])}",81.92993,25.087431,0.074569106,8.917359e-06,False,5.162335,11.653546,20.403183,27.925156,31.600508,0.9964863,5.256684,2.2860131,1.1454041,0.48073253,4.4992623,11.648943,20.198874,28.177736,31.330103,3.5592263,5.1594167,2.4163275,1.190896,0.58247447,b'    462860890673276928'
"{'flux': array([ 6.342506 ,  6.3413653,  6.340225 , ..., 12.047947 , 12.047947 ,
       12.047947 ], dtype=float32), 'ivar': array([0., 0., 0., ..., 0., 0., 0.], dtype=float32), 'lsf_sigma': array([0.       , 0.       , 1.0369776, ..., 0.       , 0.       ,
       0.       ], dtype=float32), 'lambda': array([ 3.7896580e+03,  3.7905305e+03,  3.7914033e+03, ...,
       -1.0000000e+00, -1.0000000e+00, -1.0000000e+00], dtype=float32), 'mask': array([ True,  True,  True, ...,  True,  True,  True])}",194.90363,16.803516,0.18317606,2.9068886e-05,False,5.136764,13.480001,39.422276,64.446495,86.88481,0.9964863,5.256684,2.2860131,1.1454041,0.48073253,5.025115,13.375912,39.544895,64.179344,86.87006,3.5592263,5.1594167,2.4163275,1.190896,0.58247447,b'    462861715306997760'
"{'flux': array([10.79908 , 10.796998, 10.794916, ..., 12.163488, 12.163488,
       12.163488], dtype=float32), 'ivar': array([0., 0., 0., ..., 0., 0., 0.], dtype=float32), 'lsf_sigma': array([0.       , 0.       , 1.0370262, ..., 0.       , 0.       ,
       0.       ], dtype=float32), 'lambda': array([ 3.7896580e+03,  3.7905305e+03,  3.7914033e+03, ...,
       -1.0000000e+00, -1.0000000e+00, -1.0000000e+00], dtype=float32), 'mask': array([ True,  True,  True, ...,  True,  True,  True])}",109.38739,12.108276,0.13500895,3.3429988e-05,False,3.9837139,13.855271,38.32483,59.453854,80.03062,0.9964863,5.256684,2.2860131,1.1454041,0.48073253,3.4332418,13.826086,38.297447,59.14702,80.29508,3.5592263,5.1594167,2.4163275,1.190896,0.58247447,b'    462861990184904704'
"{'flux': array([ 0.7705913 ,  0.77045405,  0.7703171 , ..., 17.421331  ,
       17.421331  , 17.421331  ], dtype=float32), 'ivar': array([0., 0., 0., ..., 0., 0., 0.], dtype=float32), 'lsf_sigma': array([0.       , 0.       , 1.0370675, ..., 0.       , 0.       ,
       0.       ], dtype=float32), 'lambda': array([ 3.7896580e+03,  3.7905305e+03,  3.7914033e+03, ...,
       -1.0000000e+00, -1.0000000e+00, -1.0000000e+00], dtype=float32), 'mask': array([ True,  True,  True, ...,  True,  True,  True])}",192.78268,13.001257,0.1376063,3.3099648e-05,False,4.7777686,15.911855,48.044647,76.3627,106.66681,0.9964863,5.256684,2.2860131,1.1454041,0.48073253,4.639612,15.86573,48.100723,76.3454,106.42699,3.5592263,5.1594167,2.4163275,1.190896,0.58247447,b'    462862265062811648'
"{'flux': array([ 9.069786,  9.068162,  8.136586, ..., 18.902359, 18.902359,
       18.902359], dtype=float32), 'ivar': array([0.        , 0.01280147, 0.        , ..., 0.        , 0.        ,
       0.        ], dtype=float32), 'lsf_sigma': array([0.       , 1.0373113, 1.0371273, ..., 0.       , 0.       ,
       0.       ], dtype=float32), 'lambda': array([ 3.7896580e+03,  3.7905305e+03,  3.7914033e+03, ...,
       -1.0000000e+00, -1.0000000e+00, -1.0000000e+00], dtype=float32), 'mask': array([ True, False,  True, ...,  True,  True,  True])}",71.08665,7.0753355,0.04427061,1.9569494e-05,False,10.502616,31.644684,69.09255,99.60215,125.87859,0.9964863,5.256684,2.2860131,1.1454041,0.48073253,10.366405,31.543816,69.03784,99.655106,125.23663,3.5592263,5.1594167,2.4163275,1.190896,0.58247447,b'    462862539940718592'
"{'flux': array([1.1348639 , 1.1346567 , 0.80654144, ..., 3.8474417 , 3.8474417 ,
       3.8474417 ], dtype=float32), 'ivar': array([0.       , 0.7899107, 0.       , ..., 0.       , 0.       ,
       0.       ], dtype=float32), 'lsf_sigma': array([0.       , 1.0373647, 1.0371715, ..., 0.       , 0.       ,
       0.       ], dtype=float32), 'lambda': array([ 3.7896580e+03,  3.7905305e+03,  3.7914033e+03, ...,
       -1.0000000e+00, -1.0000000e+00, -1.0000000e+00], dtype=float32), 'mask': array([ True, False,  True, ...,  True,  True,  True])}",0.0,0.0,-0.00035958012,11.319266,False,0.42953163,-0.033572547,-0.6958905,0.18870607,7.198811,0.9964863,5.256684,2.2860131,1.1454041,0.48073253,-0.09855013,-0.061649483,-0.64118725,0.0019033998,7.166869,3.5592263,5.1594167,2.4163275,1.190896,0.58247447,b'    462862814818625536'
"{'flux': array([14.51788 , 14.515141, 13.726889, ..., 17.871271, 17.871271,
       17.871271], dtype=float32), 'ivar': array([0.        , 0.06286926, 0.        , ..., 0.        , 0.        ,
       0.        ], dtype=float32), 'lsf_sigma': array([0.       , 1.0374763, 1.0372833, ..., 0.       , 0.       ,
       0.       ], dtype=float32), 'lambda': array([ 3.7896580e+03,  3.7905305e+03,  3.7914033e+03, ...,
       -1.0000000e+00, -1.0000000e+00, -1.0000000e+00], dtype=float32), 'mask': array([ True, False,  True, ...,  True,  True,  True])}",91.185974,9.435588,0.042506263,1.1497365e-05,False,13.684702,31.557995,63.465977,92.67147,120.13944,0.9964863,5.256684,2.2860131,1.1454041,0.48073253,13.875891,31.547739,63.165657,93.029465,118.309105,3.5592263,5.1594167,2.4163275,1.190896,0.58247447,b'    462863364574439424'
"{'flux': array([41.16079 , 41.152924, 41.109756, ..., 44.13855 , 44.13855 ,
       44.13855 ], dtype=float32), 'ivar': array([0.       , 0.0504014, 0.       , ..., 0.       , 0.       ,
       0.       ], dtype=float32), 'lsf_sigma': array([0.       , 1.0375074, 1.037314 , ..., 0.       , 0.       ,
       0.       ], dtype=float32), 'lambda': array([ 3.7896580e+03,  3.7905305e+03,  3.7914033e+03, ...,
       -1.0000000e+00, -1.0000000e+00, -1.0000000e+00], dtype=float32), 'mask': array([ True, False,  True, ...,  True,  True,  True])}",56.54832,7.7375083,0.031009723,7.349853e-06,False,70.94765,126.59934,196.61964,250.02734,295.58777,0.9964863,5.256684,2.2860131,1.1454041,0.48073253,76.927376,125.90572,196.05241,250.28912,292.77255,3.5592263,5.1594167,2.4163275,1.190896,0.58247447,b'    462863639452346368'
"{'flux': array([0.05353588, 0.05352563, 0.3321257 , ..., 5.243021  , 5.243021  ,
       5.243021  ], dtype=float32), 'ivar': array([0.        , 0.07425649, 0.        , ..., 0.        , 0.        ,
       0.        ], dtype=float32), 'lsf_sigma': array([0.       , 1.0375621, 1.0373691, ..., 0.       , 0.       ,
       0.       ], dtype=float32), 'lambda': array([ 3.7896580e+03,  3.7905305e+03,  3.7914033e+03, ...,
       -1.0000000e+00, -1.0000000e+00, -1.0000000e+00], dtype=float32), 'mask': array([ True, False,  True, ...,  True,  True,  True])}",101.30115,16.691135,0.13483891,3.866416e-05,False,2.5428755,7.5331874,19.706278,30.239103,40.18252,0.9964863,5.256684,2.2860131,1.1454041,0.48073253,2.087957,7.47124,19.746279,30.22642,40.388817,3.5592263,5.1594167,2.4163275,1.190896,0.58247447,b'    462863914330253312'
"{'flux': array([ 4.685975 ,  4.6851063,  5.489474 , ..., 22.500666 , 22.500666 ,
       22.500666 ], dtype=float32), 'ivar': array([0.        , 0.06349705, 0.        , ..., 0.        , 0.        ,
       0.        ], dtype=float32), 'lsf_sigma': array([0.       , 1.0376042, 1.0374112, ..., 0.       , 0.       ,
       0.       ], dtype=float32), 'lambda': array([ 3.7896580e+03,  3.7905305e+03,  3.7914033e+03, ...,
       -1.0000000e+00, -1.0000000e+00, -1.0000000e+00], dtype=float32), 'mask': array([ True, False,  True, ...,  True,  True,  True])}",239.75644,11.668656,0.16917111,2.887835e-05,False,6.6253204,21.740456,67.75896,106.799255,143.57195,0.9964863,5.256684,2.2860131,1.1454041,0.48073253,6.308471,21.67125,67.83307,106.62068,142.88074,3.5592263,5.1594167,2.4163275,1.190896,0.58247447,b'    462864189208160256'
"{'flux': array([ 1.5030134,  2.2330444, -3.351889 , ..., 13.739438 , 13.739438 ,
       13.739438 ], dtype=float32), 'ivar': array([0.0695127 , 0.06956353, 0.07500759, ..., 0.        , 0.        ,
       0.        ], dtype=float32), 'lsf_sigma': array([1.037951 , 1.0377567, 1.0375654, ..., 0.       , 0.       ,
       0.       ], dtype=float32), 'lambda': array([ 3.7896580e+03,  3.7905305e+03,  3.7914033e+03, ...,
       -1.0000000e+00, -1.0000000e+00, -1.0000000e+00], dtype=float32), 'mask': array([False, False, False, ...,  True,  True,  True])}",133.6399,11.118889,0.10267954,3.250437e-05,False,4.580573,16.336123,44.03737,67.794685,91.25808,0.9964863,5.256684,2.2860131,1.1454041,0.48073253,4.065993,16.281307,44.12412,67.564224,91.63892,3.5592263,5.1594167,2.4163275,1.190896,0.58247447,b'    462865013841881088'
"{'flux': array([ 9.338221  ,  9.287114  , -0.34225512, ...,  6.8278885 ,
        6.8278885 ,  6.8278885 ], dtype=float32), 'ivar': array([0.0530365 , 0.06438856, 0.07497109, ..., 0.        , 0.        ,
       0.        ], dtype=float32), 'lsf_sigma': array([1.0379778, 1.0377834, 1.0375905, ..., 0.       , 0.       ,
       0.       ], dtype=float32), 'lambda': array([ 3.7896580e+03,  3.7905305e+03,  3.7914033e+03, ...,
       -1.0000000e+00, -1.0000000e+00, -1.0000000e+00], dtype=float32), 'mask': array([False, False, False, ...,  True,  True,  True])}",107.48844,23.196325,0.25694975,1.1783667e-05,False,4.8211837,8.468456,19.010715,27.167356,35.090023,0.9964863,5.256684,2.2860131,1.1454041,0.48073253,4.5452757,8.427259,18.970179,27.088501,35.092583,3.5592263,5.1594167,2.4163275,1.190896,0.58247447,b'    462865288719788032'
"{'flux': array([ 5.0647993, 13.6510515,  4.4451017, ..., 28.279902 , 28.279902 ,
       28.279902 ], dtype=float32), 'ivar': array([0.05163979, 0.04711282, 0.05306548, ..., 0.        , 0.        ,
       0.        ], dtype=float32), 'lsf_sigma': array([1.038018 , 1.0378257, 1.0376316, ..., 0.       , 0.       ,
       0.       ], dtype=float32), 'lambda': array([ 3.7896580e+03,  3.7905305e+03,  3.7914033e+03, ...,
       -1.0000000e+00, -1.0000000e+00, -1.0000000e+00], dtype=float32), 'mask': array([False, False, False, ...,  True,  True,  True])}",142.25658,7.1639476,0.06317487,1.7734892e-05,False,10.206281,43.148323,106.54336,159.89313,212.32817,0.9964863,5.256684,2.2860131,1.1454041,0.48073253,9.697647,43.16081,106.041595,159.87653,211.7412,3.5592263,5.1594167,2.4163275,1.190896,0.58247447,b'    462865563597694976'
"{'flux': array([1.8785137, 7.500057 , 6.4102573, ..., 5.3254976, 5.3254976,
       5.3254976], dtype=float32), 'ivar': array([0.07917829, 0.07183494, 0.07572763, ..., 0.        , 0.        ,
       0.        ], dtype=float32), 'lsf_sigma': array([1.0317547, 1.0315562, 1.0313579, ..., 0.       , 0.       ,
       0.       ], dtype=float32), 'lambda': array([ 3.7896580e+03,  3.7905305e+03,  3.7914033e+03, ...,
       -1.0000000e+00, -1.0000000e+00, -1.0000000e+00], dtype=float32), 'mask': array([False, False, False, ...,  True,  True,  True])}",0.0,29.855736,0.12594661,1.1495783e-05,False,3.35294,8.168542,15.665965,23.065168,27.626722,0.9964863,5.256684,2.2860131,1.1454041,0.48073253,2.61689,8.122241,15.741524,22.776354,27.84752,3.5592263,5.1594167,2.4163275,1.190896,0.58247447,b'    462866388231415808'
"{'flux': array([3.103328 , 6.1633162, 2.8701055, ..., 9.642415 , 9.642415 ,
       9.642415 ], dtype=float32), 'ivar': array([0.07317404, 0.06914076, 0.07331757, ..., 0.        , 0.        ,
       0.        ], dtype=float32), 'lsf_sigma': array([1.0317795, 1.0315815, 1.0313829, ..., 0.       , 0.       ,
       0.       ], dtype=float32), 'lambda': array([ 3.7896580e+03,  3.7905305e+03,  3.7914033e+03, ...,
       -1.0000000e+00, -1.0000000e+00, -1.0000000e+00], dtype=float32), 'mask': array([False, False, False, ...,  True,  True,  True])}",201.8783,15.239996,0.18177694,4.3295768e-05,False,2.6519213,9.412809,30.743927,48.72157,64.87856,0.9964863,5.256684,2.2860131,1.1454041,0.48073253,2.8919647,9.34085,30.601871,48.71644,65.747116,3.5592263,5.1594167,2.4163275,1.190896,0.58247447,b'    462866663109322752'
"{'flux': array([13.487234, 13.485087,  8.188751, ..., 29.091269, 29.091269,
       29.091269], dtype=float32), 'ivar': array([0.       , 0.0633193, 0.       , ..., 0.       , 0.       ,
       0.       ], dtype=float32), 'lsf_sigma': array([0.       , 1.0317425, 1.0315452, ..., 0.       , 0.       ,
       0.       ], dtype=float32), 'lambda': array([ 3.7896580e+03,  3.7905305e+03,  3.7914033e+03, ...,
       -1.0000000e+00, -1.0000000e+00, -1.0000000e+00], dtype=float32), 'mask': array([ True, False,  True, ...,  True,  True,  True])}",169.76334,9.135589,0.103065684,2.3595367e-05,False,7.97563,31.856894,87.31991,132.93028,182.07246,0.9964863,5.256684,2.2860131,1.1454041,0.48073253,6.9889617,31.848316,86.986465,132.90073,180.6463,3.5592263,5.1594167,2.4163275,1.190896,0.58247447,b'    462867762620950528'
"{'flux': array([6.6609383, 6.659814 , 3.9566028, ..., 4.7544556, 4.7544556,
       4.7544556], dtype=float32), 'ivar': array([0.        , 0.06715094, 0.        , ..., 0.        , 0.        ,
       0.        ], dtype=float32), 'lsf_sigma': array([0.       , 1.0317564, 1.0315601, ..., 0.       , 0.       ,
       0.       ], dtype=float32), 'lambda': array([ 3.7896580e+03,  3.7905305e+03,  3.7914033e+03, ...,
       -1.0000000e+00, -1.0000000e+00, -1.0000000e+00], dtype=float32), 'mask': array([ True, False,  True, ...,  True,  True,  True])}",0.0,26.918333,0.07258749,2.1781527e-05,False,3.254006,8.248539,16.315226,23.335957,27.990528,0.9964863,5.256684,2.2860131,1.1454041,0.48073253,2.7904775,8.143593,16.297716,23.08263,27.53737,3.5592263,5.1594167,2.4163275,1.190896,0.58247447,b'    462868037498857472'
"{'flux': array([ 6.2856226,  6.284549 ,  6.759128 , ..., 32.098343 , 32.098343 ,
       32.098343 ], dtype=float32), 'ivar': array([0.        , 0.06053337, 0.        , ..., 0.        , 0.        ,
       0.        ], dtype=float32), 'lsf_sigma': array([0.       , 1.0317897, 1.0315921, ..., 0.       , 0.       ,
       0.       ], dtype=float32), 'lambda': array([ 3.7896580e+03,  3.7905305e+03,  3.7914033e+03, ...,
       -1.0000000e+00, -1.0000000e+00, -1.0000000e+00], dtype=float32), 'mask': array([ True, False,  True, ...,  True,  True,  True])}",204.02109,8.173244,0.115420826,2.04123e-05,False,10.570763,37.8196,102.83069,156.69449,218.36938,0.9964863,5.256684,2.2860131,1.1454041,0.48073253,10.266536,37.718273,102.86854,157.2914,216.53639,3.5592263,5.1594167,2.4163275,1.190896,0.58247447,b'    462868312376764416'
"{'flux': array([ 6.5980225,  6.5969768,  5.0765524, ..., 15.505604 , 15.505604 ,
       15.505604 ], dtype=float32), 'ivar': array([0.        , 0.07831182, 0.        , ..., 0.        , 0.        ,
       0.        ], dtype=float32), 'lsf_sigma': array([0.       , 1.031814 , 1.0316168, ..., 0.       , 0.       ,
       0.       ], dtype=float32), 'lambda': array([ 3.7896580e+03,  3.7905305e+03,  3.7914033e+03, ...,
       -1.0000000e+00, -1.0000000e+00, -1.0000000e+00], dtype=float32), 'mask': array([ True, False,  True, ...,  True,  True,  True])}",164.38461,12.143185,0.12754913,3.1578104e-05,False,4.8431416,17.000547,48.98667,77.75643,108.48345,0.9964863,5.256684,2.2860131,1.1454041,0.48073253,5.1215844,16.933903,48.944855,77.66634,108.53505,3.5592263,5.1594167,2.4163275,1.190896,0.58247447,b'    462868587254671360'
"{'flux': array([-1.0317353, -1.031559 ,  4.452251 , ...,  8.091831 ,  8.091831 ,
        8.091831 ], dtype=float32), 'ivar': array([0.        , 0.08409959, 0.        , ..., 0.        , 0.        ,
       0.        ], dtype=float32), 'lsf_sigma': array([0.       , 1.0318328, 1.0316353, ..., 0.       , 0.       ,
       0.       ], dtype=float32), 'lambda': array([ 3.7896580e+03,  3.7905305e+03,  3.7914033e+03, ...,
       -1.0000000e+00, -1.0000000e+00, -1.0000000e+00], dtype=float32), 'mask': array([ True, False,  True, ...,  True,  True,  True])}",111.90376,14.050909,0.13456412,2.5986054e-05,False,2.8308501,9.908511,26.73159,43.845947,62.387054,0.9964863,5.256684,2.2860131,1.1454041,0.48073253,2.968377,9.858069,26.734194,43.79161,62.869045,3.5592263,5.1594167,2.4163275,1.190896,0.58247447,b'    462868862132578304'
"{'flux': array([9.7384405, 9.73679  , 4.5457153, ..., 4.9304357, 4.9304357,
       4.9304357], dtype=float32), 'ivar': array([0.        , 0.06827015, 0.        , ..., 0.        , 0.        ,
       0.        ], dtype=float32), 'lsf_sigma': array([0.       , 1.0318816, 1.0316824, ..., 0.       , 0.       ,
       0.       ], dtype=float32), 'lambda': array([ 3.7896580e+03,  3.7905305e+03,  3.7914033e+03, ...,
       -1.0000000e+00, -1.0000000e+00, -1.0000000e+00], dtype=float32), 'mask': array([ True, False,  True, ...,  True,  True,  True])}",37.398716,42.47081,0.03965886,1.029024e-05,False,4.7320666,9.853397,16.112123,21.594908,25.65159,0.9964863,5.256684,2.2860131,1.1454041,0.48073253,4.8681345,9.77409,16.05324,21.40269,24.922594,3.5592263,5.1594167,2.4163275,1.190896,0.58247447,b'    462869137010485248'
"{'flux': array([46.929737, 46.921776, 48.2105  , ..., 52.26121 , 52.26121 ,
       52.26121 ], dtype=float32), 'ivar': array([0.       , 0.0473977, 0.       , ..., 0.       , 0.       ,
       0.       ], dtype=float32), 'lsf_sigma': array([0.       , 1.0318964, 1.0317   , ..., 0.       , 0.       ,
       0.       ], dtype=float32), 'lambda': array([ 3.7896580e+03,  3.7905305e+03,  3.7914033e+03, ...,
       -1.0000000e+00, -1.0000000e+00, -1.0000000e+00], dtype=float32), 'mask': array([ True, False,  True, ...,  True,  True,  True])}",89.441895,7.696957,0.028330915,5.5087794e-06,False,76.19128,129.34492,223.12032,296.5251,371.6654,0.9964863,5.256684,2.2860131,1.1454041,0.48073253,80.818344,128.0376,222.1446,297.73358,368.44562,3.5592263,5.1594167,2.4163275,1.190896,0.58247447,b'    462869411888392192'
"{'flux': array([ 9.194055, 13.824048,  8.394181, ..., 13.938912, 13.938912,
       13.938912], dtype=float32), 'ivar': array([0.01180894, 0.06838692, 0.07288155, ..., 0.        , 0.        ,
       0.        ], dtype=float32), 'lsf_sigma': array([1.0321184, 1.0319309, 1.0317329, ..., 0.       , 0.       ,
       0.       ], dtype=float32), 'lambda': array([ 3.7896580e+03,  3.7905305e+03,  3.7914033e+03, ...,
       -1.0000000e+00, -1.0000000e+00, -1.0000000e+00], dtype=float32), 'mask': array([ True, False, False, ...,  True,  True,  True])}",53.490997,9.496678,0.06477783,1.072445e-05,False,12.8371525,29.692482,57.756897,85.67447,102.43246,0.9964863,5.256684,2.2860131,1.1454041,0.48073253,12.460761,29.600178,57.656414,85.51137,101.745255,3.5592263,5.1594167,2.4163275,1.190896,0.58247447,b'    462869686766299136'
"{'flux': array([ 0.79633087,  5.124684  , -2.3184695 , ..., 11.119306  ,
       11.119306  , 11.119306  ], dtype=float32), 'ivar': array([0.08793324, 0.07853714, 0.08698501, ..., 0.        , 0.        ,
       0.        ], dtype=float32), 'lsf_sigma': array([1.0321709, 1.0319718, 1.0317758, ..., 0.       , 0.       ,
       0.       ], dtype=float32), 'lambda': array([ 3.7896580e+03,  3.7905305e+03,  3.7914033e+03, ...,
       -1.0000000e+00, -1.0000000e+00, -1.0000000e+00], dtype=float32), 'mask': array([ True, False, False, ...,  True,  True,  True])}",135.22807,14.5395975,0.10325199,3.3511853e-05,False,3.2944684,12.882791,32.0436,49.152046,66.16228,0.9964863,5.256684,2.2860131,1.1454041,0.48073253,3.2094193,12.828886,32.14896,48.943035,66.293594,3.5592263,5.1594167,2.4163275,1.190896,0.58247447,b'    462869961644206080'
"{'flux': array([-1.4763097 ,  0.34557545,  5.451696  , ..., 17.983215  ,
       17.983215  , 17.983215  ], dtype=float32), 'ivar': array([0.0792788 , 0.07995462, 0.074609  , ..., 0.        , 0.        ,
       0.        ], dtype=float32), 'lsf_sigma': array([1.0322455, 1.032049 , 1.0318533, ..., 0.       , 0.       ,
       0.       ], dtype=float32), 'lambda': array([ 3.7896580e+03,  3.7905305e+03,  3.7914033e+03, ...,
       -1.0000000e+00, -1.0000000e+00, -1.0000000e+00], dtype=float32), 'mask': array([ True, False, False, ...,  True,  True,  True])}",195.16939,14.308403,0.12664881,2.4285951e-05,False,3.4282985,16.15122,47.720688,79.312416,113.75603,0.9964863,5.256684,2.2860131,1.1454041,0.48073253,5.422011,16.03497,47.619667,79.23147,113.115425,3.5592263,5.1594167,2.4163275,1.190896,0.58247447,b'    462870786277926912'
"{'flux': array([1.2259285, 5.049991 , 1.7600515, ..., 7.7164016, 7.7164016,
       7.7164016], dtype=float32), 'ivar': array([0.08758479, 0.08070039, 0.08365257, ..., 0.        , 0.        ,
       0.        ], dtype=float32), 'lsf_sigma': array([1.0322669, 1.0320714, 1.0318737, ..., 0.       , 0.       ,
       0.       ], dtype=float32), 'lambda': array([ 3.7896580e+03,  3.7905305e+03,  3.7914033e+03, ...,
       -1.0000000e+00, -1.0000000e+00, -1.0000000e+00], dtype=float32), 'mask': array([ True, False, False, ...,  True,  True,  True])}",121.090576,19.633749,0.13802718,3.7836446e-05,False,3.0234933,8.249758,21.78938,35.424564,49.34616,0.9964863,5.256684,2.2860131,1.1454041,0.48073253,3.1014068,8.15762,21.774277,35.403942,49.91262,3.5592263,5.1594167,2.4163275,1.190896,0.58247447,b'    462871061155833856'
"{'flux': array([2.8728406, 4.3537784, 3.9519098, ..., 4.4966617, 4.4966617,
       4.4966617], dtype=float32), 'ivar': array([0.07672006, 0.0756681 , 0.0770364 , ..., 0.        , 0.        ,
       0.        ], dtype=float32), 'lsf_sigma': array([1.0322961, 1.0320992, 1.0319012, ..., 0.       , 0.       ,
       0.       ], dtype=float32), 'lambda': array([ 3.7896580e+03,  3.7905305e+03,  3.7914033e+03, ...,
       -1.0000000e+00, -1.0000000e+00, -1.0000000e+00], dtype=float32), 'mask': array([ True, False, False, ...,  True,  True,  True])}",152.31151,29.485888,0.1588731,2.2985574e-05,False,3.4210358,7.646581,16.890556,24.802023,32.51289,0.9964863,5.256684,2.2860131,1.1454041,0.48073253,3.5634944,7.579605,16.566168,24.879343,31.975113,3.5592263,5.1594167,2.4163275,1.190896,0.58247447,b'    462871336033740800'
"{'flux': array([ 3.4235945,  5.496563 ,  5.499864 , ..., 15.416346 , 15.416346 ,
       15.416346 ], dtype=float32), 'ivar': array([0.06523774, 0.0636963 , 0.06741289, ..., 0.        , 0.        ,
       0.        ], dtype=float32), 'lsf_sigma': array([1.035889 , 1.0356797, 1.0354713, ..., 0.       , 0.       ,
       0.       ], dtype=float32), 'lambda': array([ 3.7896580e+03,  3.7905305e+03,  3.7914033e+03, ...,
       -1.0000000e+00, -1.0000000e+00, -1.0000000e+00], dtype=float32), 'mask': array([ True, False, False, ...,  True,  True,  True])}",202.48221,13.04949,0.13230008,3.604825e-05,False,4.266341,15.073409,44.402504,69.83713,96.83607,0.9964863,5.256684,2.2860131,1.1454041,0.48073253,4.5584135,14.991782,44.32951,69.72083,97.10739,3.5592263,5.1594167,2.4163275,1.190896,0.58247447,b'    462871610911647744'
"{'flux': array([ 6.5854692,  3.9006014,  3.6686957, ..., 22.509588 , 22.509588 ,
       22.509588 ], dtype=float32), 'ivar': array([0.09047326, 0.09627609, 0.09648715, ..., 0.        , 0.        ,
       0.        ], dtype=float32), 'lsf_sigma': array([1.0359011, 1.0356904, 1.0354804, ..., 0.       , 0.       ,
       0.       ], dtype=float32), 'lambda': array([ 3.7896580e+03,  3.7905305e+03,  3.7914033e+03, ...,
       -1.0000000e+00, -1.0000000e+00, -1.0000000e+00], dtype=float32), 'mask': array([ True, False, False, ...,  True,  True,  True])}",98.42946,7.532624,0.043546863,1.5579133e-05,False,10.275616,32.004898,74.288445,114.81867,156.96901,0.9964863,5.256684,2.2860131,1.1454041,0.48073253,11.190331,32.102627,73.836685,114.95593,156.44133,3.5592263,5.1594167,2.4163275,1.190896,0.58247447,b'    462871885789554688'
"{'flux': array([13.172164, 13.169795, 10.643773, ..., 22.631224, 22.631224,
       22.631224], dtype=float32), 'ivar': array([0.        , 0.09223332, 0.        , ..., 0.        , 0.        ,
       0.        ], dtype=float32), 'lsf_sigma': array([0.       , 1.0357767, 1.0355663, ..., 0.       , 0.       ,
       0.       ], dtype=float32), 'lambda': array([ 3.7896580e+03,  3.7905305e+03,  3.7914033e+03, ...,
       -1.0000000e+00, -1.0000000e+00, -1.0000000e+00], dtype=float32), 'mask': array([ True, False,  True, ...,  True,  True,  True])}",128.24805,7.6040826,0.06490838,1.08197455e-05,False,17.52509,43.05177,84.6525,124.344536,157.38101,0.9964863,5.256684,2.2860131,1.1454041,0.48073253,16.489443,43.01988,84.429344,124.57357,157.11488,3.5592263,5.1594167,2.4163275,1.190896,0.58247447,b'    462872985301182464'
"{'flux': array([23.218882, 23.214733, 21.287012, ..., 21.682873, 21.682873,
       21.682873], dtype=float32), 'ivar': array([0.        , 0.06428628, 0.        , ..., 0.        , 0.        ,
       0.        ], dtype=float32), 'lsf_sigma': array([0.       , 1.0357984, 1.0355895, ..., 0.       , 0.       ,
       0.       ], dtype=float32), 'lambda': array([ 3.7896580e+03,  3.7905305e+03,  3.7914033e+03, ...,
       -1.0000000e+00, -1.0000000e+00, -1.0000000e+00], dtype=float32), 'mask': array([ True, False,  True, ...,  True,  True,  True])}",0.0,0.0,-0.00014834733,8.206818e-06,False,20.923946,64.99416,119.94027,149.25412,167.12636,0.9964863,5.256684,2.2860131,1.1454041,0.48073253,21.912323,64.42462,120.45507,148.44382,167.02237,3.5592263,5.1594167,2.4163275,1.190896,0.58247447,b'    462873535056996352'
"{'flux': array([ 6.727543 ,  6.7263436,  4.537679 , ..., 17.577684 , 17.577684 ,
       17.577684 ], dtype=float32), 'ivar': array([0.        , 0.09109705, 0.        , ..., 0.        , 0.        ,
       0.        ], dtype=float32), 'lsf_sigma': array([0.       , 1.0358266, 1.035617 , ..., 0.       , 0.       ,
       0.       ], dtype=float32), 'lambda': array([ 3.7896580e+03,  3.7905305e+03,  3.7914033e+03, ...,
       -1.0000000e+00, -1.0000000e+00, -1.0000000e+00], dtype=float32), 'mask': array([ True, False,  True, ...,  True,  True,  True])}",232.26215,9.899059,0.15358715,2.5125879e-05,False,6.925061,20.841398,63.46077,99.17548,135.23976,0.9964863,5.256684,2.2860131,1.1454041,0.48073253,6.776538,20.834652,63.20644,99.36926,134.03583,3.5592263,5.1594167,2.4163275,1.190896,0.58247447,b'    462873809934903296'
"{'flux': array([ 5.0244246, 13.138003 ,  9.314521 , ...,  0.7173806,  0.7173806,
        0.7173806], dtype=float32), 'ivar': array([0.10838742, 0.09117264, 0.09585299, ..., 0.        , 0.        ,
       0.        ], dtype=float32), 'lsf_sigma': array([1.0084573, 1.008271 , 1.0080873, ..., 0.       , 0.       ,
       0.       ], dtype=float32), 'lambda': array([ 3.7896580e+03,  3.7905305e+03,  3.7914033e+03, ...,
       -1.0000000e+00, -1.0000000e+00, -1.0000000e+00], dtype=float32), 'mask': array([False, False, False, ...,  True,  True,  True])}",0.0,0.0,0.6635972,7.5525095e-05,False,9.932468,12.345377,14.231547,17.26505,19.93641,0.9964863,5.256684,2.2860131,1.1454041,0.48073253,9.623877,12.142121,14.482907,17.089235,19.926867,3.5592263,5.1594167,2.4163275,1.190896,0.58247447,b'    462888103586064384'
"{'flux': array([-3.0372455, -3.0367517,  2.55484  , ..., 10.363778 , 10.363778 ,
       10.363778 ], dtype=float32), 'ivar': array([0.        , 0.09289462, 0.        , ..., 0.        , 0.        ,
       0.        ], dtype=float32), 'lsf_sigma': array([0.       , 1.0082264, 1.008041 , ..., 0.       , 0.       ,
       0.       ], dtype=float32), 'lambda': array([ 3.7896580e+03,  3.7905305e+03,  3.7914033e+03, ...,
       -1.0000000e+00, -1.0000000e+00, -1.0000000e+00], dtype=float32), 'mask': array([ True, False,  True, ...,  True,  True,  True])}",241.84154,17.615154,0.1981237,4.4619635e-05,False,1.9638839,9.351886,34.503624,58.331577,81.57299,0.9964863,5.256684,2.2860131,1.1454041,0.48073253,2.340507,9.289499,34.47918,58.352657,81.74157,3.5592263,5.1594167,2.4163275,1.190896,0.58247447,b'    462888378463971328'
"{'flux': array([10.21627  , 10.2146435,  5.8768334, ...,  3.8885033,  3.8885033,
        3.8885033], dtype=float32), 'ivar': array([0.        , 0.09419252, 0.        , ..., 0.        , 0.        ,
       0.        ], dtype=float32), 'lsf_sigma': array([0.       , 1.0081937, 1.0080099, ..., 0.       , 0.       ,
       0.       ], dtype=float32), 'lambda': array([ 3.7896580e+03,  3.7905305e+03,  3.7914033e+03, ...,
       -1.0000000e+00, -1.0000000e+00, -1.0000000e+00], dtype=float32), 'mask': array([ True,  True,  True, ...,  True,  True,  True])}",0.0,108.86621,0.12730509,5.805543e-06,False,6.0119395,10.975929,17.057556,22.909992,25.660547,0.9964863,5.256684,2.2860131,1.1454041,0.48073253,3.9646,10.972239,16.95311,22.824263,25.147314,3.5592263,5.1594167,2.4163275,1.190896,0.58247447,b'    462888653341878272'
"{'flux': array([1.2513685, 1.2511653, 5.226818 , ..., 7.352708 , 7.352708 ,
       7.352708 ], dtype=float32), 'ivar': array([0.        , 0.07830029, 0.        , ..., 0.        , 0.        ,
       0.        ], dtype=float32), 'lsf_sigma': array([0.       , 1.008175 , 1.0079896, ..., 0.       , 0.       ,
       0.       ], dtype=float32), 'lambda': array([ 3.7896580e+03,  3.7905305e+03,  3.7914033e+03, ...,
       -1.0000000e+00, -1.0000000e+00, -1.0000000e+00], dtype=float32), 'mask': array([ True,  True,  True, ...,  True,  True,  True])}",106.78484,17.662313,0.15457234,7.687397e-06,False,6.7677674,14.463757,29.803137,43.837093,53.709995,0.9964863,5.256684,2.2860131,1.1454041,0.48073253,6.371628,14.443733,29.334833,43.88755,53.33263,3.5592263,5.1594167,2.4163275,1.190896,0.58247447,b'    462888928219785216'
"{'flux': array([9.884344 , 9.882737 , 5.089124 , ..., 1.2947998, 1.2947998,
       1.2947998], dtype=float32), 'ivar': array([0.      , 0.087084, 0.      , ..., 0.      , 0.      , 0.      ],
      dtype=float32), 'lsf_sigma': array([0.       , 1.0081434, 1.0079575, ..., 0.       , 0.       ,
       0.       ], dtype=float32), 'lambda': array([ 3.7896580e+03,  3.7905305e+03,  3.7914033e+03, ...,
       -1.0000000e+00, -1.0000000e+00, -1.0000000e+00], dtype=float32), 'mask': array([ True, False,  True, ...,  True,  True,  True])}",40.96792,29.287628,0.03903986,1.30572525e-05,False,3.9080427,7.196035,10.793972,13.628594,17.252562,0.9964863,5.256684,2.2860131,1.1454041,0.48073253,4.1048923,7.1079135,10.6981735,13.727722,16.823093,3.5592263,5.1594167,2.4163275,1.190896,0.58247447,b'    462889203097692160'
"{'flux': array([-0.2834428 , -0.28339818,  2.2147162 , ..., 10.484058  ,
       10.484058  , 10.484058  ], dtype=float32), 'ivar': array([0.        , 0.08667105, 0.        , ..., 0.        , 0.        ,
       0.        ], dtype=float32), 'lsf_sigma': array([0.       , 1.0080812, 1.0078958, ..., 0.       , 0.       ,
       0.       ], dtype=float32), 'lambda': array([ 3.7896580e+03,  3.7905305e+03,  3.7914033e+03, ...,
       -1.0000000e+00, -1.0000000e+00, -1.0000000e+00], dtype=float32), 'mask': array([ True, False,  True, ...,  True,  True,  True])}",164.00824,15.30015,0.15512301,3.985794e-05,False,2.888074,9.814836,30.193142,47.231144,64.70624,0.9964863,5.256684,2.2860131,1.1454041,0.48073253,2.844317,9.819009,30.007359,47.258526,63.937622,3.5592263,5.1594167,2.4163275,1.190896,0.58247447,b'    462889752853506048'
"{'flux': array([133.62796 , 133.60599 , 129.46925 , ...,  95.027695,  95.027695,
        95.027695], dtype=float32), 'ivar': array([0.        , 0.02576451, 0.        , ..., 0.        , 0.        ,
       0.        ], dtype=float32), 'lsf_sigma': array([0.       , 1.0080417, 1.0078576, ..., 0.       , 0.       ,
       0.       ], dtype=float32), 'lambda': array([ 3.7896580e+03,  3.7905305e+03,  3.7914033e+03, ...,
       -1.0000000e+00, -1.0000000e+00, -1.0000000e+00], dtype=float32), 'mask': array([ True, False,  True, ...,  True,  True,  True])}",0.0,0.0,0.00012658977,8.6038035e-06,False,169.60216,358.83118,554.25165,643.49225,690.7988,0.9964863,5.256684,2.2860131,1.1454041,0.48073253,141.68597,359.47916,552.7162,644.82227,681.0054,3.5592263,5.1594167,2.4163275,1.190896,0.58247447,b'    462890027731412992'
"{'flux': array([ 7.2793937,  7.27822  ,  8.985771 , ..., 22.549671 , 22.549671 ,
       22.549671 ], dtype=float32), 'ivar': array([0.        , 0.08824082, 0.        , ..., 0.        , 0.        ,
       0.        ], dtype=float32), 'lsf_sigma': array([0.       , 1.0080118, 1.0078259, ..., 0.       , 0.       ,
       0.       ], dtype=float32), 'lambda': array([ 3.7896580e+03,  3.7905305e+03,  3.7914033e+03, ...,
       -1.0000000e+00, -1.0000000e+00, -1.0000000e+00], dtype=float32), 'mask': array([ True, False,  True, ...,  True,  True,  True])}",190.66449,9.941772,0.14888357,2.4167872e-05,False,6.987852,24.488335,70.579475,110.33027,149.75594,0.9964863,5.256684,2.2860131,1.1454041,0.48073253,6.7148843,24.411005,70.32919,110.521965,148.53055,3.5592263,5.1594167,2.4163275,1.190896,0.58247447,b'    462890302609319936'
"{'flux': array([ 7.506307,  7.505072,  5.051747, ..., 14.332344, 14.332344,
       14.332344], dtype=float32), 'ivar': array([0.        , 0.09649693, 0.        , ..., 0.        , 0.        ,
       0.        ], dtype=float32), 'lsf_sigma': array([0.       , 1.0079799, 1.0077966, ..., 0.       , 0.       ,
       0.       ], dtype=float32), 'lambda': array([ 3.7896580e+03,  3.7905305e+03,  3.7914033e+03, ...,
       -1.0000000e+00, -1.0000000e+00, -1.0000000e+00], dtype=float32), 'mask': array([ True, False,  True, ...,  True,  True,  True])}",186.84956,11.608613,0.15491532,3.178779e-05,False,4.646668,14.456683,43.990074,70.6599,98.93145,0.9964863,5.256684,2.2860131,1.1454041,0.48073253,4.4589014,14.418007,43.922806,70.876114,97.942116,3.5592263,5.1594167,2.4163275,1.190896,0.58247447,b'    462890577487226880'
"{'flux': array([4.425552 , 4.4248347, 2.1674068, ..., 5.1446366, 5.1446366,
       5.1446366], dtype=float32), 'ivar': array([0.        , 0.05920622, 0.        , ..., 0.        , 0.        ,
       0.        ], dtype=float32), 'lsf_sigma': array([0.       , 1.0079299, 1.0077572, ..., 0.       , 0.       ,
       0.       ], dtype=float32), 'lambda': array([ 3.7896580e+03,  3.7905305e+03,  3.7914033e+03, ...,
       -1.0000000e+00, -1.0000000e+00, -1.0000000e+00], dtype=float32), 'mask': array([ True, False,  True, ...,  True,  True,  True])}",239.71394,36.12189,0.15601543,5.264469e-05,False,2.089175,5.546186,15.658891,25.708103,37.85467,0.9964863,5.256684,2.2860131,1.1454041,0.48073253,2.0903747,5.4958887,15.499786,25.943497,37.640636,3.5592263,5.1594167,2.4163275,1.190896,0.58247447,b'    462890852365133824'
"{'flux': array([ 3.6664283,  3.6658192,  3.665211 , ..., 17.317013 , 17.317013 ,
       17.317013 ], dtype=float32), 'ivar': array([0., 0., 0., ..., 0., 0., 0.], dtype=float32), 'lsf_sigma': array([0.       , 0.       , 1.0076493, ..., 0.       , 0.       ,
       0.       ], dtype=float32), 'lambda': array([ 3.7896580e+03,  3.7905305e+03,  3.7914033e+03, ...,
       -1.0000000e+00, -1.0000000e+00, -1.0000000e+00], dtype=float32), 'mask': array([ True,  True,  True, ...,  True,  True,  True])}",156.6122,11.135168,0.15459757,1.7554898e-05,False,9.7939825,25.029266,60.019028,93.50339,122.597305,0.9964863,5.256684,2.2860131,1.1454041,0.48073253,10.603966,24.791018,60.028255,93.34003,121.87304,3.5592263,5.1594167,2.4163275,1.190896,0.58247447,b'    462891676998854656'
"{'flux': array([ 2.1485744,  2.14822  ,  2.1478662, ..., 14.748549 , 14.748549 ,
       14.748549 ], dtype=float32), 'ivar': array([0., 0., 0., ..., 0., 0., 0.], dtype=float32), 'lsf_sigma': array([0.       , 0.       , 1.0075805, ..., 0.       , 0.       ,
       0.       ], dtype=float32), 'lambda': array([ 3.7896580e+03,  3.7905305e+03,  3.7914033e+03, ...,
       -1.0000000e+00, -1.0000000e+00, -1.0000000e+00], dtype=float32), 'mask': array([ True,  True,  True, ...,  True,  True,  True])}",183.94464,10.668445,0.15743011,2.8783334e-05,False,5.8617387,17.014961,51.379883,79.85487,109.35988,0.9964863,5.256684,2.2860131,1.1454041,0.48073253,5.459083,16.99972,51.13071,80.29525,108.12763,3.5592263,5.1594167,2.4163275,1.190896,0.58247447,b'    462892226754668544'
"{'flux': array([ 5.570298 ,  5.5693784,  5.56846  , ..., 19.14671  , 19.14671  ,
       19.14671  ], dtype=float32), 'ivar': array([0., 0., 0., ..., 0., 0., 0.], dtype=float32), 'lsf_sigma': array([0.       , 0.       , 1.0075096, ..., 0.       , 0.       ,
       0.       ], dtype=float32), 'lambda': array([ 3.7896580e+03,  3.7905305e+03,  3.7914033e+03, ...,
       -1.0000000e+00, -1.0000000e+00, -1.0000000e+00], dtype=float32), 'mask': array([ True,  True,  True, ...,  True,  True,  True])}",222.12994,11.470713,0.15474306,2.9295656e-05,False,5.4689703,17.653017,53.677647,84.46617,115.814705,0.9964863,5.256684,2.2860131,1.1454041,0.48073253,5.8305264,17.656855,53.533066,84.45835,114.51781,3.5592263,5.1594167,2.4163275,1.190896,0.58247447,b'    462892776510482432'
"{'flux': array([5.6443143, 5.6433406, 5.6423683, ..., 6.68105  , 6.68105  ,
       6.68105  ], dtype=float32), 'ivar': array([0., 0., 0., ..., 0., 0., 0.], dtype=float32), 'lsf_sigma': array([0.       , 0.       , 1.0074786, ..., 0.       , 0.       ,
       0.       ], dtype=float32), 'lambda': array([ 3.7896580e+03,  3.7905305e+03,  3.7914033e+03, ...,
       -1.0000000e+00, -1.0000000e+00, -1.0000000e+00], dtype=float32), 'mask': array([ True,  True,  True, ...,  True,  True,  True])}",46.676216,18.743923,0.020078722,8.472791e-06,False,16.236168,25.216486,37.480186,46.42122,54.58432,0.9964863,5.256684,2.2860131,1.1454041,0.48073253,16.997469,25.16137,37.348946,46.477386,54.42583,3.5592263,5.1594167,2.4163275,1.190896,0.58247447,b'    462893051388389376'
"{'flux': array([4.3522906, 4.3515344, 4.3507786, ..., 9.361955 , 9.361955 ,
       9.361955 ], dtype=float32), 'ivar': array([0., 0., 0., ..., 0., 0., 0.], dtype=float32), 'lsf_sigma': array([0.       , 0.       , 1.0074288, ..., 0.       , 0.       ,
       0.       ], dtype=float32), 'lambda': array([ 3.7896580e+03,  3.7905305e+03,  3.7914033e+03, ...,
       -1.0000000e+00, -1.0000000e+00, -1.0000000e+00], dtype=float32), 'mask': array([ True,  True,  True, ...,  True,  True,  True])}",112.43061,12.671802,0.13779263,3.725806e-05,False,3.3282669,10.606344,27.888498,41.920208,57.0418,0.9964863,5.256684,2.2860131,1.1454041,0.48073253,2.9704084,10.593493,27.604784,42.007156,56.82875,3.5592263,5.1594167,2.4163275,1.190896,0.58247447,b'    462893326266296320'
"{'flux': array([ 7.1934   ,  7.19227  ,  7.1911416, ..., 30.93049  , 30.93049  ,
       30.93049  ], dtype=float32), 'ivar': array([0., 0., 0., ..., 0., 0., 0.], dtype=float32), 'lsf_sigma': array([0., 0., 0., ..., 0., 0., 0.], dtype=float32), 'lambda': array([ 3.7896580e+03,  3.7905305e+03,  3.7914033e+03, ...,
       -1.0000000e+00, -1.0000000e+00, -1.0000000e+00], dtype=float32), 'mask': array([ True,  True,  True, ...,  True,  True,  True])}",206.98712,7.9949546,0.10588097,2.0439918e-05,False,11.1747675,43.940193,118.86625,178.431,241.36092,0.9964863,5.256684,2.2860131,1.1454041,0.48073253,10.447365,43.9386,118.52817,178.97575,240.53178,3.5592263,5.1594167,2.4163275,1.190896,0.58247447,b'    462899373580249088'
"{'flux': array([ 6.0336876,  6.032723 ,  6.0317597, ..., 29.529608 , 29.529608 ,
       29.529608 ], dtype=float32), 'ivar': array([0., 0., 0., ..., 0., 0., 0.], dtype=float32), 'lsf_sigma': array([0., 0., 0., ..., 0., 0., 0.], dtype=float32), 'lambda': array([ 3.7896580e+03,  3.7905305e+03,  3.7914033e+03, ...,
       -1.0000000e+00, -1.0000000e+00, -1.0000000e+00], dtype=float32), 'mask': array([ True,  True,  True, ...,  True,  True,  True])}",72.44051,6.9573274,0.023158252,1.703141e-05,False,11.970914,38.105373,96.61323,153.8487,212.70625,0.9964863,5.256684,2.2860131,1.1454041,0.48073253,10.127755,38.46065,95.57195,153.97687,212.97258,3.5592263,5.1594167,2.4163275,1.190896,0.58247447,b'    462899648458156032'
"{'flux': array([0.58632225, 0.58622646, 0.58613086, ..., 6.3374524 , 6.3374524 ,
       6.3374524 ], dtype=float32), 'ivar': array([0., 0., 0., ..., 0., 0., 0.], dtype=float32), 'lsf_sigma': array([0., 0., 0., ..., 0., 0., 0.], dtype=float32), 'lambda': array([ 3.7896580e+03,  3.7905305e+03,  3.7914033e+03, ...,
       -1.0000000e+00, -1.0000000e+00, -1.0000000e+00], dtype=float32), 'mask': array([ True,  True,  True, ...,  True,  True,  True])}",20.68293,39.5756,0.15490678,8.75138e-06,False,6.285168,11.530091,21.224548,31.351957,37.523388,0.9964863,5.256684,2.2860131,1.1454041,0.48073253,6.542833,11.504855,21.040272,31.125732,36.661194,3.5592263,5.1594167,2.4163275,1.190896,0.58247447,b'    462901022847690752'
"{'flux': array([ 1.6622673,  1.6620102,  1.6617535, ..., 26.504278 , 26.504278 ,
       26.504278 ], dtype=float32), 'ivar': array([0., 0., 0., ..., 0., 0., 0.], dtype=float32), 'lsf_sigma': array([0., 0., 0., ..., 0., 0., 0.], dtype=float32), 'lambda': array([ 3.7896580e+03,  3.7905305e+03,  3.7914033e+03, ...,
       -1.0000000e+00, -1.0000000e+00, -1.0000000e+00], dtype=float32), 'mask': array([ True,  True,  True, ...,  True,  True,  True])}",168.18971,9.251105,0.071043454,2.1276595e-05,False,9.248922,39.492535,100.27211,150.61775,200.08272,0.9964863,5.256684,2.2860131,1.1454041,0.48073253,8.390877,39.52661,99.641525,150.78856,200.16658,3.5592263,5.1594167,2.4163275,1.190896,0.58247447,b'    462901572603504640'
"{'flux': array([7.0520015, 7.050831 , 7.049662 , ..., 3.1537726, 3.1537726,
       3.1537726], dtype=float32), 'ivar': array([0., 0., 0., ..., 0., 0., 0.], dtype=float32), 'lsf_sigma': array([0., 0., 0., ..., 0., 0., 0.], dtype=float32), 'lambda': array([ 3.7896580e+03,  3.7905305e+03,  3.7914033e+03, ...,
       -1.0000000e+00, -1.0000000e+00, -1.0000000e+00], dtype=float32), 'mask': array([ True,  True,  True, ...,  True,  True,  True])}",51.23209,20.53308,0.1851793,8.9251935e-06,False,6.1656094,10.602531,20.664572,29.323507,34.57965,0.9964863,5.256684,2.2860131,1.1454041,0.48073253,5.5339813,10.643755,20.333302,29.226368,34.243366,3.5592263,5.1594167,2.4163275,1.190896,0.58247447,b'    462902122359318528'
"{'flux': array([0.3943931 , 0.39433235, 0.39427167, ..., 4.3549747 , 4.3549747 ,
       4.3549747 ], dtype=float32), 'ivar': array([0., 0., 0., ..., 0., 0., 0.], dtype=float32), 'lsf_sigma': array([0., 0., 0., ..., 0., 0., 0.], dtype=float32), 'lambda': array([ 3.7896580e+03,  3.7905305e+03,  3.7914033e+03, ...,
       -1.0000000e+00, -1.0000000e+00, -1.0000000e+00], dtype=float32), 'mask': array([ True,  True,  True, ...,  True,  True,  True])}",101.190956,19.005579,0.1804352,3.1176012e-05,False,2.775571,7.322226,20.754366,32.386383,42.665905,0.9964863,5.256684,2.2860131,1.1454041,0.48073253,2.6269007,7.279085,20.548365,32.262253,42.15883,3.5592263,5.1594167,2.4163275,1.190896,0.58247447,b'    462902946993039360'
"{'flux': array([ 6.242583 ,  6.2415643,  6.240547 , ..., 15.886419 , 15.886419 ,
       15.886419 ], dtype=float32), 'ivar': array([0., 0., 0., ..., 0., 0., 0.], dtype=float32), 'lsf_sigma': array([0., 0., 0., ..., 0., 0., 0.], dtype=float32), 'lambda': array([ 3.7896580e+03,  3.7905305e+03,  3.7914033e+03, ...,
       -1.0000000e+00, -1.0000000e+00, -1.0000000e+00], dtype=float32), 'mask': array([ True,  True,  True, ...,  True,  True,  True])}",229.41405,11.41969,0.1531706,3.067264e-05,False,6.853859,20.0042,61.418896,95.38929,130.53763,0.9964863,5.256684,2.2860131,1.1454041,0.48073253,5.704304,20.004108,61.037395,95.73843,129.12152,3.5592263,5.1594167,2.4163275,1.190896,0.58247447,b'    462903221870946304'
"{'flux': array([ 3.8879516,  3.8873138,  3.8866768, ..., 15.6191635, 15.6191635,
       15.6191635], dtype=float32), 'ivar': array([0., 0., 0., ..., 0., 0., 0.], dtype=float32), 'lsf_sigma': array([0., 0., 0., ..., 0., 0., 0.], dtype=float32), 'lambda': array([ 3.7896580e+03,  3.7905305e+03,  3.7914033e+03, ...,
       -1.0000000e+00, -1.0000000e+00, -1.0000000e+00], dtype=float32), 'mask': array([ True,  True,  True, ...,  True,  True,  True])}",140.29709,13.743022,0.15605278,3.693616e-05,False,4.726297,15.815705,47.143467,72.3542,100.06911,0.9964863,5.256684,2.2860131,1.1454041,0.48073253,3.9572601,15.79524,46.583263,72.67483,97.97374,3.5592263,5.1594167,2.4163275,1.190896,0.58247447,b'    462904046504667136'
"{'flux': array([1.1281748, 1.1279925, 1.1278105, ..., 9.774203 , 9.774203 ,
       9.774203 ], dtype=float32), 'ivar': array([0., 0., 0., ..., 0., 0., 0.], dtype=float32), 'lsf_sigma': array([0., 0., 0., ..., 0., 0., 0.], dtype=float32), 'lambda': array([ 3.7896580e+03,  3.7905305e+03,  3.7914033e+03, ...,
       -1.0000000e+00, -1.0000000e+00, -1.0000000e+00], dtype=float32), 'mask': array([ True,  True,  True, ...,  True,  True,  True])}",159.27272,12.839193,0.15698382,4.509017e-05,False,3.1516283,12.312497,40.19291,63.86793,86.94115,0.9964863,5.256684,2.2860131,1.1454041,0.48073253,3.3484123,12.238778,39.84736,63.89408,86.705925,3.5592263,5.1594167,2.4163275,1.190896,0.58247447,b'    462904321382574080'
"{'flux': array([0.38618508, 0.38612598, 0.386067  , ..., 3.0968428 , 3.0968428 ,
       3.0968428 ], dtype=float32), 'ivar': array([0., 0., 0., ..., 0., 0., 0.], dtype=float32), 'lsf_sigma': array([0., 0., 0., ..., 0., 0., 0.], dtype=float32), 'lambda': array([ 3.7896580e+03,  3.7905305e+03,  3.7914033e+03, ...,
       -1.0000000e+00, -1.0000000e+00, -1.0000000e+00], dtype=float32), 'mask': array([ True,  True,  True, ...,  True,  True,  True])}",0.0,41.42243,0.029810954,9.677263e-06,False,5.195498,10.084965,15.692984,18.53848,22.372005,0.9964863,5.256684,2.2860131,1.1454041,0.48073253,6.063543,10.050914,15.365092,18.567297,22.279104,3.5592263,5.1594167,2.4163275,1.190896,0.58247447,b'    462912017963968512'
"{'flux': array([ 2.387021 ,  2.3868964,  2.3867714, ..., -0.560699 , -0.560699 ,
       -0.560699 ], dtype=float32), 'ivar': array([0., 0., 0., ..., 0., 0., 0.], dtype=float32), 'lsf_sigma': array([0., 0., 0., ..., 0., 0., 0.], dtype=float32), 'lambda': array([ 3.7975193e+03,  3.7983938e+03,  3.7992686e+03, ...,
       -1.0000000e+00, -1.0000000e+00, -1.0000000e+00], dtype=float32), 'mask': array([ True,  True,  True, ...,  True,  True,  True])}",140.68372,73.105865,0.023952834,9.063942e-06,False,2.433388,4.209137,6.5597944,8.509247,9.172297,2.5776494,4.744826,3.602656,2.3216019,1.0128404,2.463428,4.162377,6.503908,8.355572,9.419517,3.8577597,4.7424884,3.700364,2.7477324,1.1807151,b'    903032236830386176'
"{'flux': array([1.319942 , 1.3199012, 1.3198606, ..., 2.5132384, 2.5132384,
       2.5132384], dtype=float32), 'ivar': array([0., 0., 0., ..., 0., 0., 0.], dtype=float32), 'lsf_sigma': array([0., 0., 0., ..., 0., 0., 0.], dtype=float32), 'lambda': array([ 3.7975193e+03,  3.7983938e+03,  3.7992686e+03, ...,
       -1.0000000e+00, -1.0000000e+00, -1.0000000e+00], dtype=float32), 'mask': array([ True,  True,  True, ...,  True,  True,  True])}",371.8679,107.99477,0.13812037,1.02201e-05,False,1.8181193,4.5920506,7.666629,9.883605,10.942793,2.5776494,4.744826,3.602656,2.3216019,1.0128404,0.7403312,4.5571213,7.6591287,9.802959,10.467843,3.8577597,4.7424884,3.700364,2.7477324,1.1807151,b'    903040758045501440'
"{'flux': array([1.0355241, 1.0354939, 1.0354635, ..., 7.0141115, 7.0141115,
       7.0141115], dtype=float32), 'ivar': array([0., 0., 0., ..., 0., 0., 0.], dtype=float32), 'lsf_sigma': array([0., 0., 0., ..., 0., 0., 0.], dtype=float32), 'lambda': array([ 3.7975193e+03,  3.7983938e+03,  3.7992686e+03, ...,
       -1.0000000e+00, -1.0000000e+00, -1.0000000e+00], dtype=float32), 'mask': array([ True,  True,  True, ...,  True,  True,  True])}",109.96951,17.368235,0.13789378,1.0381282e-05,False,2.818803,8.634253,21.270061,35.24542,48.593235,2.5776494,4.744826,3.602656,2.3216019,1.0128404,3.4043317,8.542417,21.336475,35.25932,48.11154,3.8577597,4.7424884,3.700364,2.7477324,1.1807151,b'    903041582679222272'
"{'flux': array([3.0314105, 3.0313053, 3.0312002, ..., 2.0364163, 2.0364163,
       2.0364163], dtype=float32), 'ivar': array([0., 0., 0., ..., 0., 0., 0.], dtype=float32), 'lsf_sigma': array([0., 0., 0., ..., 0., 0., 0.], dtype=float32), 'lambda': array([ 3.7975193e+03,  3.7983938e+03,  3.7992686e+03, ...,
       -1.0000000e+00, -1.0000000e+00, -1.0000000e+00], dtype=float32), 'mask': array([ True,  True,  True, ...,  True,  True,  True])}",39.06029,34.72522,0.12752844,5.327023e-06,False,6.00863,12.683094,17.491688,22.479866,22.263704,2.5776494,4.744826,3.602656,2.3216019,1.0128404,3.309903,12.713614,17.380026,21.94832,23.35639,3.8577597,4.7424884,3.700364,2.7477324,1.1807151,b'    903042407312943104'
"{'flux': array([1.0888227, 1.0887135, 1.0886049, ..., 9.819001 , 9.819001 ,
       9.819001 ], dtype=float32), 'ivar': array([0., 0., 0., ..., 0., 0., 0.], dtype=float32), 'lsf_sigma': array([0.       , 0.       , 0.       , ..., 0.7346921, 0.7346921,
       0.7346921], dtype=float32), 'lambda': array([ 3.7975193e+03,  3.7983938e+03,  3.7992686e+03, ...,
       -1.0000000e+00, -1.0000000e+00, -1.0000000e+00], dtype=float32), 'mask': array([ True,  True,  True, ...,  True,  True,  True])}",150.99895,11.711794,0.13465537,3.0308785e-05,False,1.7111974,14.975291,34.72791,49.530773,63.079445,2.5776494,4.744826,3.602656,2.3216019,1.0128404,1.549338,14.873707,35.380642,50.04766,63.70128,3.8577597,4.7424884,3.700364,2.7477324,1.1807151,b'    903059999498987520'
"{'flux': array([-0.55062777, -0.5505769 , -0.5505263 , ...,  0.6966185 ,
        0.6966185 ,  0.6966185 ], dtype=float32), 'ivar': array([0., 0., 0., ..., 0., 0., 0.], dtype=float32), 'lsf_sigma': array([0.       , 0.       , 0.       , ..., 0.7348598, 0.7348598,
       0.7348598], dtype=float32), 'lambda': array([ 3.7975193e+03,  3.7983938e+03,  3.7992686e+03, ...,
       -1.0000000e+00, -1.0000000e+00, -1.0000000e+00], dtype=float32), 'mask': array([ True,  True,  True, ...,  True,  True,  True])}",0.0,0.0,-0.0014896325,0.18351734,True,-0.5232383,0.12126724,0.12171158,0.085896075,-0.7372422,2.5776494,4.744826,3.602656,2.3216019,1.0128404,-0.0786744,0.06683802,0.15944731,0.120292254,-0.30135822,3.8577597,4.7424884,3.700364,2.7477324,1.1807151,b'    903060549254801408'
"{'flux': array([1.9246626, 1.9244896, 1.9243172, ..., 3.84703  , 3.84703  ,
       3.84703  ], dtype=float32), 'ivar': array([0., 0., 0., ..., 0., 0., 0.], dtype=float32), 'lsf_sigma': array([0.        , 0.        , 0.        , ..., 0.73494285, 0.73494285,
       0.73494285], dtype=float32), 'lambda': array([ 3.7975193e+03,  3.7983938e+03,  3.7992686e+03, ...,
       -1.0000000e+00, -1.0000000e+00, -1.0000000e+00], dtype=float32), 'mask': array([ True,  True,  True, ...,  True,  True,  True])}",111.09037,24.731264,0.19366506,6.1915443e-06,False,4.2247314,11.487222,21.444065,30.812,34.732178,2.5776494,4.744826,3.602656,2.3216019,1.0128404,5.656798,11.448124,21.399061,31.17103,34.858208,3.8577597,4.7424884,3.700364,2.7477324,1.1807151,b'    903060824132708352'
"{'flux': array([-0.21524265, -0.21522263, -0.21520267, ...,  0.11519101,
        0.11519101,  0.11519101], dtype=float32), 'ivar': array([0., 0., 0., ..., 0., 0., 0.], dtype=float32), 'lsf_sigma': array([0.        , 0.        , 0.        , ..., 0.73499805, 0.73499805,
       0.73499805], dtype=float32), 'lambda': array([ 3.7975193e+03,  3.7983938e+03,  3.7992686e+03, ...,
       -1.0000000e+00, -1.0000000e+00, -1.0000000e+00], dtype=float32), 'mask': array([ True,  True,  True, ...,  True,  True,  True])}",133.30263,45.789104,0.074042514,9.577862e-06,False,0.64917254,2.5643728,3.5636628,3.685626,1.9845399,2.5776494,4.744826,3.602656,2.3216019,1.0128404,0.115091756,2.5438771,3.592016,3.7699134,2.8172252,3.8577597,4.7424884,3.700364,2.7477324,1.1807151,b'    903061099010615296'
"{'flux': array([2.2921178, 2.2918978, 2.2916782, ..., 3.4333098, 3.4333098,
       3.4333098], dtype=float32), 'ivar': array([0., 0., 0., ..., 0., 0., 0.], dtype=float32), 'lsf_sigma': array([0.        , 0.        , 0.        , ..., 0.73508984, 0.73508984,
       0.73508984], dtype=float32), 'lambda': array([ 3.7975193e+03,  3.7983938e+03,  3.7992686e+03, ...,
       -1.0000000e+00, -1.0000000e+00, -1.0000000e+00], dtype=float32), 'mask': array([ True,  True,  True, ...,  True,  True,  True])}",20.770576,26.008526,0.12984066,6.0536454e-06,False,4.3236456,10.481087,17.336374,24.251682,25.764719,2.5776494,4.744826,3.602656,2.3216019,1.0128404,3.7971897,10.492126,17.495544,24.32773,26.790762,3.8577597,4.7424884,3.700364,2.7477324,1.1807151,b'    903061373888522240'
"{'flux': array([2.5341   , 2.533856 , 2.5336123, ..., 4.566794 , 4.566794 ,
       4.566794 ], dtype=float32), 'ivar': array([0., 0., 0., ..., 0., 0., 0.], dtype=float32), 'lsf_sigma': array([0.       , 0.       , 0.       , ..., 0.7352392, 0.7352392,
       0.7352392], dtype=float32), 'lambda': array([ 3.7975193e+03,  3.7983938e+03,  3.7992686e+03, ...,
       -1.0000000e+00, -1.0000000e+00, -1.0000000e+00], dtype=float32), 'mask': array([ True,  True,  True, ...,  True,  True,  True])}",75.87014,19.129124,0.07387437,5.5172545e-06,False,5.324619,14.222338,22.809214,31.107178,33.989674,2.5776494,4.744826,3.602656,2.3216019,1.0128404,4.9397287,14.161495,23.007425,31.083597,34.595627,3.8577597,4.7424884,3.700364,2.7477324,1.1807151,b'    903061648766429184'
"{'flux': array([0., 0., 0., ..., 0., 0., 0.], dtype=float32), 'ivar': array([0., 0., 0., ..., 0., 0., 0.], dtype=float32), 'lsf_sigma': array([0., 0., 0., ..., 0., 0., 0.], dtype=float32), 'lambda': array([ 3.7975193e+03,  3.7983938e+03,  3.7992686e+03, ...,
       -1.0000000e+00, -1.0000000e+00, -1.0000000e+00], dtype=float32), 'mask': array([ True,  True,  True, ...,  True,  True,  True])}",0.0,-4.0,0.0,0.0,True,0.0,0.0,0.0,0.0,0.0,2.5776494,4.744826,3.602656,2.3216019,1.0128404,0.0,0.0,0.0,0.0,0.0,3.8577597,4.7424884,3.700364,2.7477324,1.1807151,b'    903062198522243072'
"{'flux': array([-0.13703455, -0.1370228 , -0.13701107, ..., -0.06135469,
       -0.06135469, -0.06135469], dtype=float32), 'ivar': array([0., 0., 0., ..., 0., 0., 0.], dtype=float32), 'lsf_sigma': array([0.        , 0.        , 0.        , ..., 0.73549825, 0.73549825,
       0.73549825], dtype=float32), 'lambda': array([ 3.7975193e+03,  3.7983938e+03,  3.7992686e+03, ...,
       -1.0000000e+00, -1.0000000e+00, -1.0000000e+00], dtype=float32), 'mask': array([ True,  True,  True, ...,  True,  True,  True])}",107.97674,31.309416,0.09965498,2.695735e-05,False,0.40120393,1.8681363,3.4727342,5.0291886,5.6460924,2.5776494,4.744826,3.602656,2.3216019,1.0128404,0.384922,1.8030194,3.5044935,4.8956027,5.7985935,3.8577597,4.7424884,3.700364,2.7477324,1.1807151,b'    903062473400150016'
"{'flux': array([4.854474 , 4.8540387, 4.8536043, ..., 3.7653694, 3.7653694,
       3.7653694], dtype=float32), 'ivar': array([0., 0., 0., ..., 0., 0., 0.], dtype=float32), 'lsf_sigma': array([0.        , 0.        , 0.        , ..., 0.73556983, 0.73556983,
       0.73556983], dtype=float32), 'lambda': array([ 3.7975193e+03,  3.7983938e+03,  3.7992686e+03, ...,
       -1.0000000e+00, -1.0000000e+00, -1.0000000e+00], dtype=float32), 'mask': array([ True,  True,  True, ...,  True,  True,  True])}",0.0,46.111233,0.04355493,5.4394714e-06,False,6.1127863,10.558514,16.088575,21.188961,24.903131,2.5776494,4.744826,3.602656,2.3216019,1.0128404,4.020445,10.448856,16.241312,21.051975,25.3488,3.8577597,4.7424884,3.700364,2.7477324,1.1807151,b'    903062748278056960'
"{'flux': array([3.9165668, 3.9161818, 3.9157982, ..., 3.458206 , 3.458206 ,
       3.458206 ], dtype=float32), 'ivar': array([0., 0., 0., ..., 0., 0., 0.], dtype=float32), 'lsf_sigma': array([0.       , 0.       , 0.       , ..., 0.7359146, 0.7359146,
       0.7359146], dtype=float32), 'lambda': array([ 3.7975193e+03,  3.7983938e+03,  3.7992686e+03, ...,
       -1.0000000e+00, -1.0000000e+00, -1.0000000e+00], dtype=float32), 'mask': array([ True,  True,  True, ...,  True,  True,  True])}",13.757059,30.541359,0.16987807,7.4054583e-06,False,4.912785,9.057501,14.691777,19.737976,24.031086,2.5776494,4.744826,3.602656,2.3216019,1.0128404,3.1910655,9.066073,14.458704,19.787552,23.075274,3.8577597,4.7424884,3.700364,2.7477324,1.1807151,b'    903064122667591680'
"{'flux': array([0.523196  , 0.52315056, 0.5231054 , ..., 1.5917488 , 1.5917488 ,
       1.5917488 ], dtype=float32), 'ivar': array([0., 0., 0., ..., 0., 0., 0.], dtype=float32), 'lsf_sigma': array([0.       , 0.       , 0.       , ..., 0.7361459, 0.7361459,
       0.7361459], dtype=float32), 'lambda': array([ 3.7975193e+03,  3.7983938e+03,  3.7992686e+03, ...,
       -1.0000000e+00, -1.0000000e+00, -1.0000000e+00], dtype=float32), 'mask': array([ True,  True,  True, ...,  True,  True,  True])}",0.0,33.34781,0.073437884,8.678806e-06,False,2.2421904,6.566937,11.158815,15.993393,21.278563,2.5776494,4.744826,3.602656,2.3216019,1.0128404,1.9640614,6.5325565,11.114822,15.791578,19.927769,3.8577597,4.7424884,3.700364,2.7477324,1.1807151,b'    903064672423405568'
"{'flux': array([2.3102713, 2.3100576, 2.3098445, ..., 4.4747343, 4.4747343,
       4.4747343], dtype=float32), 'ivar': array([0., 0., 0., ..., 0., 0., 0.], dtype=float32), 'lsf_sigma': array([0.        , 0.        , 0.        , ..., 0.73619527, 0.73619527,
       0.73619527], dtype=float32), 'lambda': array([ 3.7975193e+03,  3.7983938e+03,  3.7992686e+03, ...,
       -1.0000000e+00, -1.0000000e+00, -1.0000000e+00], dtype=float32), 'mask': array([ True,  True,  True, ...,  True,  True,  True])}",48.622025,24.688536,0.07314794,5.7530037e-06,False,3.587937,7.5709624,12.607548,17.881062,23.032982,2.5776494,4.744826,3.602656,2.3216019,1.0128404,2.1143165,7.623711,12.450081,17.74234,22.69124,3.8577597,4.7424884,3.700364,2.7477324,1.1807151,b'    903064947301312512'
"{'flux': array([4.009685, 4.009269, 4.008854, ..., 5.633565, 5.633565, 5.633565],
      dtype=float32), 'ivar': array([0., 0., 0., ..., 0., 0., 0.], dtype=float32), 'lsf_sigma': array([0.        , 0.        , 0.        , ..., 0.73628324, 0.73628324,
       0.73628324], dtype=float32), 'lambda': array([ 3.7975193e+03,  3.7983938e+03,  3.7992686e+03, ...,
       -1.0000000e+00, -1.0000000e+00, -1.0000000e+00], dtype=float32), 'mask': array([ True,  True,  True, ...,  True,  True,  True])}",0.0,604.74316,0.04321166,5.983298e-06,False,5.9936104,9.595905,15.216791,21.196213,28.26959,2.5776494,4.744826,3.602656,2.3216019,1.0128404,3.4697955,9.657077,14.966021,21.0087,27.362328,3.8577597,4.7424884,3.700364,2.7477324,1.1807151,b'    903065222179219456'
"{'flux': array([1.0592932, 1.0591488, 1.0590048, ..., 4.53167  , 4.53167  ,
       4.53167  ], dtype=float32), 'ivar': array([0., 0., 0., ..., 0., 0., 0.], dtype=float32), 'lsf_sigma': array([0.        , 0.        , 0.        , ..., 0.70627594, 0.70627594,
       0.70627594], dtype=float32), 'lambda': array([ 3.7975193e+03,  3.7983938e+03,  3.7992686e+03, ...,
       -1.0000000e+00, -1.0000000e+00, -1.0000000e+00], dtype=float32), 'mask': array([ True,  True,  True, ...,  True,  True,  True])}",0.0,25.304548,0.15319441,5.767158e-06,False,3.6898055,8.884773,14.207357,18.54453,22.01169,2.5776494,4.744826,3.602656,2.3216019,1.0128404,2.712438,8.972106,14.008885,18.856953,21.395838,3.8577597,4.7424884,3.700364,2.7477324,1.1807151,b'    903065497057126400'
"{'flux': array([6.5850515, 6.5840893, 6.5831285, ..., 0.6134321, 0.6134321,
       0.6134321], dtype=float32), 'ivar': array([0., 0., 0., ..., 0., 0., 0.], dtype=float32), 'lsf_sigma': array([0.       , 0.       , 0.       , ..., 0.7063345, 0.7063345,
       0.7063345], dtype=float32), 'lambda': array([ 3.7975193e+03,  3.7983938e+03,  3.7992686e+03, ...,
       -1.0000000e+00, -1.0000000e+00, -1.0000000e+00], dtype=float32), 'mask': array([ True,  True,  True, ...,  True,  True,  True])}",0.0,0.0,-0.0006214419,0.00010389296,False,5.707863,7.9533644,12.448347,14.214956,15.92848,2.5776494,4.744826,3.602656,2.3216019,1.0128404,4.126884,7.978804,12.169927,14.573858,16.639393,3.8577597,4.7424884,3.700364,2.7477324,1.1807151,b'    903065771935033344'
"{'flux': array([2.1402707, 2.13999  , 2.1397102, ..., 2.2134767, 2.2134767,
       2.2134767], dtype=float32), 'ivar': array([0., 0., 0., ..., 0., 0., 0.], dtype=float32), 'lsf_sigma': array([0.       , 0.       , 0.       , ..., 0.7063856, 0.7063856,
       0.7063856], dtype=float32), 'lambda': array([ 3.7975193e+03,  3.7983938e+03,  3.7992686e+03, ...,
       -1.0000000e+00, -1.0000000e+00, -1.0000000e+00], dtype=float32), 'mask': array([ True,  True,  True, ...,  True,  True,  True])}",98.1575,37.14407,0.13465136,6.093623e-06,False,3.7384298,8.204625,14.844099,21.030598,26.051329,2.5776494,4.744826,3.602656,2.3216019,1.0128404,1.9011458,8.247351,14.643085,20.834835,25.187086,3.8577597,4.7424884,3.700364,2.7477324,1.1807151,b'    903066046812940288'
"{'flux': array([1.5651637, 1.5649306, 1.564698 , ..., 5.5548725, 5.5548725,
       5.5548725], dtype=float32), 'ivar': array([0., 0., 0., ..., 0., 0., 0.], dtype=float32), 'lsf_sigma': array([0.       , 0.       , 0.       , ..., 0.7065225, 0.7065225,
       0.7065225], dtype=float32), 'lambda': array([ 3.7975193e+03,  3.7983938e+03,  3.7992686e+03, ...,
       -1.0000000e+00, -1.0000000e+00, -1.0000000e+00], dtype=float32), 'mask': array([ True,  True,  True, ...,  True,  True,  True])}",68.34971,23.839476,0.1511434,8.3502955e-06,False,2.6489575,6.3617873,12.751134,17.604822,24.19387,2.5776494,4.744826,3.602656,2.3216019,1.0128404,2.0726662,6.524117,12.351929,18.12672,23.172121,3.8577597,4.7424884,3.700364,2.7477324,1.1807151,b'    903066321690847232'
"{'flux': array([1.4434451, 1.4432516, 1.4430583, ..., 3.10997  , 3.10997  ,
       3.10997  ], dtype=float32), 'ivar': array([0., 0., 0., ..., 0., 0., 0.], dtype=float32), 'lsf_sigma': array([0.      , 0.      , 0.      , ..., 0.706662, 0.706662, 0.706662],
      dtype=float32), 'lambda': array([ 3.7975193e+03,  3.7983938e+03,  3.7992686e+03, ...,
       -1.0000000e+00, -1.0000000e+00, -1.0000000e+00], dtype=float32), 'mask': array([ True,  True,  True, ...,  True,  True,  True])}",192.63899,30.108397,0.15194403,4.3610347e-05,False,1.5257219,5.3401566,15.360797,24.400183,35.119453,2.5776494,4.744826,3.602656,2.3216019,1.0128404,1.6962515,5.3226013,15.082084,24.52286,34.026863,3.8577597,4.7424884,3.700364,2.7477324,1.1807151,b'    903066871446661120'
"{'flux': array([2.8543072, 2.8538923, 2.8534784, ..., 0.7663577, 0.7663577,
       0.7663577], dtype=float32), 'ivar': array([0., 0., 0., ..., 0., 0., 0.], dtype=float32), 'lsf_sigma': array([0.       , 0.       , 0.       , ..., 0.7066963, 0.7066963,
       0.7066963], dtype=float32), 'lambda': array([ 3.7975193e+03,  3.7983938e+03,  3.7992686e+03, ...,
       -1.0000000e+00, -1.0000000e+00, -1.0000000e+00], dtype=float32), 'mask': array([ True,  True,  True, ...,  True,  True,  True])}",0.0,33.153946,0.042523153,5.9652325e-06,False,3.241802,5.6298113,8.7346735,10.802292,13.283371,2.5776494,4.744826,3.602656,2.3216019,1.0128404,2.1999726,5.612183,8.5461035,10.819568,13.761705,3.8577597,4.7424884,3.700364,2.7477324,1.1807151,b'    903067146324568064'
"{'flux': array([3.208433 , 3.2080178, 3.2076037, ..., 1.5358456, 1.5358456,
       1.5358456], dtype=float32), 'ivar': array([0., 0., 0., ..., 0., 0., 0.], dtype=float32), 'lsf_sigma': array([0.       , 0.       , 0.       , ..., 0.7067753, 0.7067753,
       0.7067753], dtype=float32), 'lambda': array([ 3.7975193e+03,  3.7983938e+03,  3.7992686e+03, ...,
       -1.0000000e+00, -1.0000000e+00, -1.0000000e+00], dtype=float32), 'mask': array([ True,  True,  True, ...,  True,  True,  True])}",850.0,-3.0,0.04333664,1.7567627e-05,False,2.5564752,4.2459326,7.9443684,10.805656,13.638203,2.5776494,4.744826,3.602656,2.3216019,1.0128404,2.025387,4.2643075,7.87414,10.855054,13.875081,3.8577597,4.7424884,3.700364,2.7477324,1.1807151,b'    903067421202475008'
"{'flux': array([4.3161154, 4.3154826, 4.3148518, ..., 6.4503937, 6.4503937,
       6.4503937], dtype=float32), 'ivar': array([0., 0., 0., ..., 0., 0., 0.], dtype=float32), 'lsf_sigma': array([0.       , 0.       , 0.       , ..., 0.7068042, 0.7068042,
       0.7068042], dtype=float32), 'lambda': array([ 3.7975193e+03,  3.7983938e+03,  3.7992686e+03, ...,
       -1.0000000e+00, -1.0000000e+00, -1.0000000e+00], dtype=float32), 'mask': array([ True,  True,  True, ...,  True,  True,  True])}",68.8461,15.539841,0.12909277,1.3906507e-05,False,3.5302706,7.110846,16.049507,23.120394,31.396034,2.5776494,4.744826,3.602656,2.3216019,1.0128404,2.7177258,7.124607,15.674938,23.442135,30.437792,3.8577597,4.7424884,3.700364,2.7477324,1.1807151,b'    903067696080381952'
"{'flux': array([3.6117198, 3.6112096, 3.6107006, ..., 2.6606772, 2.6606772,
       2.6606772], dtype=float32), 'ivar': array([0., 0., 0., ..., 0., 0., 0.], dtype=float32), 'lsf_sigma': array([0.        , 0.        , 0.        , ..., 0.70694476, 0.70694476,
       0.70694476], dtype=float32), 'lambda': array([ 3.7975193e+03,  3.7983938e+03,  3.7992686e+03, ...,
       -1.0000000e+00, -1.0000000e+00, -1.0000000e+00], dtype=float32), 'mask': array([ True,  True,  True, ...,  True,  True,  True])}",20.423378,47.212227,0.07414695,6.1448554e-06,False,3.6542938,7.4406633,11.5784025,14.706931,17.855196,2.5776494,4.744826,3.602656,2.3216019,1.0128404,2.329239,7.4819846,11.506661,14.909636,17.102304,3.8577597,4.7424884,3.700364,2.7477324,1.1807151,b'    903068245836195840'
"{'flux': array([5.0525026, 5.051838 , 5.051174 , ..., 2.7688594, 2.7688594,
       2.7688594], dtype=float32), 'ivar': array([0., 0., 0., ..., 0., 0., 0.], dtype=float32), 'lsf_sigma': array([0.        , 0.        , 0.        , ..., 0.70700955, 0.70700955,
       0.70700955], dtype=float32), 'lambda': array([ 3.7975193e+03,  3.7983938e+03,  3.7992686e+03, ...,
       -1.0000000e+00, -1.0000000e+00, -1.0000000e+00], dtype=float32), 'mask': array([ True,  True,  True, ...,  True,  True,  True])}",0.0,1131.3708,0.13485622,9.338647e-06,False,3.976687,6.524205,13.227153,18.695152,24.203623,2.5776494,4.744826,3.602656,2.3216019,1.0128404,2.46933,6.5431614,12.969044,18.954012,23.567732,3.8577597,4.7424884,3.700364,2.7477324,1.1807151,b'    903068520714102784'
"{'flux': array([3.5144744, 3.5140846, 3.5136962, ..., 6.155954 , 6.155954 ,
       6.155954 ], dtype=float32), 'ivar': array([0., 0., 0., ..., 0., 0., 0.], dtype=float32), 'lsf_sigma': array([0.       , 0.       , 0.       , ..., 0.7070845, 0.7070845,
       0.7070845], dtype=float32), 'lambda': array([ 3.7975193e+03,  3.7983938e+03,  3.7992686e+03, ...,
       -1.0000000e+00, -1.0000000e+00, -1.0000000e+00], dtype=float32), 'mask': array([ True,  True,  True, ...,  True,  True,  True])}",46.058754,22.28032,0.04298436,6.6042635e-06,False,4.537432,9.804001,20.832626,30.550898,39.717926,2.5776494,4.744826,3.602656,2.3216019,1.0128404,3.0081031,9.935269,20.564657,30.319057,39.0138,3.8577597,4.7424884,3.700364,2.7477324,1.1807151,b'    903068795592009728'
"{'flux': array([9.169157 , 9.167979 , 9.166803 , ..., 2.5265424, 2.5265424,
       2.5265424], dtype=float32), 'ivar': array([0., 0., 0., ..., 0., 0., 0.], dtype=float32), 'lsf_sigma': array([0.       , 0.       , 0.       , ..., 0.7072274, 0.7072274,
       0.7072274], dtype=float32), 'lambda': array([ 3.7975193e+03,  3.7983938e+03,  3.7992686e+03, ...,
       -1.0000000e+00, -1.0000000e+00, -1.0000000e+00], dtype=float32), 'mask': array([ True,  True,  True, ...,  True,  True,  True])}",850.0,-3.0,0.022836197,1.8361676e-05,False,5.4687243,7.0799313,11.056133,12.822512,15.050002,2.5776494,4.744826,3.602656,2.3216019,1.0128404,4.360662,7.033901,10.924422,12.793571,14.798165,3.8577597,4.7424884,3.700364,2.7477324,1.1807151,b'    903069070469916672'
"{'flux': array([4.047895 , 4.0473967, 4.0468993, ..., 1.7523675, 1.7523675,
       1.7523675], dtype=float32), 'ivar': array([0., 0., 0., ..., 0., 0., 0.], dtype=float32), 'lsf_sigma': array([0.        , 0.        , 0.        , ..., 0.70724195, 0.70724195,
       0.70724195], dtype=float32), 'lambda': array([ 3.7975193e+03,  3.7983938e+03,  3.7992686e+03, ...,
       -1.0000000e+00, -1.0000000e+00, -1.0000000e+00], dtype=float32), 'mask': array([ True,  True,  True, ...,  True,  True,  True])}",0.0,37.239525,0.15168793,7.9059155e-06,False,2.7426493,4.320966,7.698444,9.584904,11.484412,2.5776494,4.744826,3.602656,2.3216019,1.0128404,0.8105478,4.361947,7.464064,9.798445,10.713678,3.8577597,4.7424884,3.700364,2.7477324,1.1807151,b'    903069345347823616'
"{'flux': array([1.3906381, 1.3904486, 1.3902594, ..., 1.804954 , 1.804954 ,
       1.804954 ], dtype=float32), 'ivar': array([0., 0., 0., ..., 0., 0., 0.], dtype=float32), 'lsf_sigma': array([0.       , 0.       , 0.       , ..., 0.7073323, 0.7073323,
       0.7073323], dtype=float32), 'lambda': array([ 3.7975193e+03,  3.7983938e+03,  3.7992686e+03, ...,
       -1.0000000e+00, -1.0000000e+00, -1.0000000e+00], dtype=float32), 'mask': array([ True,  True,  True, ...,  True,  True,  True])}",149.69273,34.295776,0.15346032,1.0911698e-05,False,1.9264885,4.3027735,8.185326,10.452902,13.370117,2.5776494,4.744826,3.602656,2.3216019,1.0128404,1.1854486,4.3443146,7.914751,10.746264,12.376108,3.8577597,4.7424884,3.700364,2.7477324,1.1807151,b'    903069620225730560'
"{'flux': array([0.5935828 , 0.5935011 , 0.59341955, ..., 2.4772956 , 2.4772956 ,
       2.4772956 ], dtype=float32), 'ivar': array([0., 0., 0., ..., 0., 0., 0.], dtype=float32), 'lsf_sigma': array([0.       , 0.       , 0.       , ..., 0.7073586, 0.7073586,
       0.7073586], dtype=float32), 'lambda': array([ 3.7975193e+03,  3.7983938e+03,  3.7992686e+03, ...,
       -1.0000000e+00, -1.0000000e+00, -1.0000000e+00], dtype=float32), 'mask': array([ True,  True,  True, ...,  True,  True,  True])}",47.23239,23.481218,0.10689812,8.276454e-06,False,2.8482924,7.1655865,12.886258,16.519636,18.203806,2.5776494,4.744826,3.602656,2.3216019,1.0128404,2.2035038,7.213579,12.691599,16.59581,18.33004,3.8577597,4.7424884,3.700364,2.7477324,1.1807151,b'    903069895103637504'
"{'flux': array([7.238627 , 7.237783 , 7.236941 , ..., 2.8656619, 2.8656619,
       2.8656619], dtype=float32), 'ivar': array([0., 0., 0., ..., 0., 0., 0.], dtype=float32), 'lsf_sigma': array([0.       , 0.       , 0.       , ..., 0.7074138, 0.7074138,
       0.7074138], dtype=float32), 'lambda': array([ 3.7975193e+03,  3.7983938e+03,  3.7992686e+03, ...,
       -1.0000000e+00, -1.0000000e+00, -1.0000000e+00], dtype=float32), 'mask': array([ True,  True,  True, ...,  True,  True,  True])}",0.0,800.0,0.03126182,5.153897e-06,False,6.798898,6.862573,8.779739,9.148458,9.544523,2.5776494,4.744826,3.602656,2.3216019,1.0128404,3.5981376,6.683001,8.521463,9.007169,10.995892,3.8577597,4.7424884,3.700364,2.7477324,1.1807151,b'    903070169981544448'
"{'flux': array([5.6404734, 5.6398025, 5.6391325, ..., 6.1745296, 6.1745296,
       6.1745296], dtype=float32), 'ivar': array([0., 0., 0., ..., 0., 0., 0.], dtype=float32), 'lsf_sigma': array([0.      , 0.      , 0.      , ..., 0.707464, 0.707464, 0.707464],
      dtype=float32), 'lambda': array([ 3.7975193e+03,  3.7983938e+03,  3.7992686e+03, ...,
       -1.0000000e+00, -1.0000000e+00, -1.0000000e+00], dtype=float32), 'mask': array([ True,  True,  True, ...,  True,  True,  True])}",66.31302,21.54699,0.13293622,7.1098516e-06,False,5.2548585,10.901725,20.237864,28.275084,32.921806,2.5776494,4.744826,3.602656,2.3216019,1.0128404,4.562204,10.943358,19.944952,28.355951,32.018124,3.8577597,4.7424884,3.700364,2.7477324,1.1807151,b'    903070444859451392'
"{'flux': array([3.306905 , 3.3064587, 3.3060138, ..., 4.1598825, 4.1598825,
       4.1598825], dtype=float32), 'ivar': array([0., 0., 0., ..., 0., 0., 0.], dtype=float32), 'lsf_sigma': array([0.        , 0.        , 0.        , ..., 0.70750177, 0.70750177,
       0.70750177], dtype=float32), 'lambda': array([ 3.7975193e+03,  3.7983938e+03,  3.7992686e+03, ...,
       -1.0000000e+00, -1.0000000e+00, -1.0000000e+00], dtype=float32), 'mask': array([ True,  True,  True, ...,  True,  True,  True])}",17.020336,23.788042,0.06010475,5.815983e-06,False,5.7422504,13.098662,22.553055,31.250546,36.34185,2.5776494,4.744826,3.602656,2.3216019,1.0128404,3.1264827,13.203955,22.528442,31.179232,37.001865,3.8577597,4.7424884,3.700364,2.7477324,1.1807151,b'    903070719737358336'
"{'flux': array([5.3438826, 5.3432846, 5.3426886, ..., 2.1747665, 2.1747665,
       2.1747665], dtype=float32), 'ivar': array([0., 0., 0., ..., 0., 0., 0.], dtype=float32), 'lsf_sigma': array([0.       , 0.       , 0.       , ..., 0.6981504, 0.6981504,
       0.6981504], dtype=float32), 'lambda': array([ 3.7975193e+03,  3.7983938e+03,  3.7992686e+03, ...,
       -1.0000000e+00, -1.0000000e+00, -1.0000000e+00], dtype=float32), 'mask': array([ True,  True,  True, ...,  True,  True,  True])}",814.6875,252.98221,0.009187104,8.462438e-06,False,7.107575,9.035267,11.365011,11.387042,11.467094,2.5776494,4.744826,3.602656,2.3216019,1.0128404,6.850512,9.143341,11.060483,11.43227,10.697383,3.8577597,4.7424884,3.700364,2.7477324,1.1807151,b'    903070994615265280'
"{'flux': array([5.500455 , 5.4997377, 5.499023 , ..., 4.1374087, 4.1374087,
       4.1374087], dtype=float32), 'ivar': array([0., 0., 0., ..., 0., 0., 0.], dtype=float32), 'lsf_sigma': array([0.       , 0.       , 0.       , ..., 0.6982169, 0.6982169,
       0.6982169], dtype=float32), 'lambda': array([ 3.7975193e+03,  3.7983938e+03,  3.7992686e+03, ...,
       -1.0000000e+00, -1.0000000e+00, -1.0000000e+00], dtype=float32), 'mask': array([ True,  True,  True, ...,  True,  True,  True])}",40.6278,27.647917,0.1538003,8.839399e-06,False,4.8802075,10.591024,21.692926,30.687756,36.903934,2.5776494,4.744826,3.602656,2.3216019,1.0128404,4.3636985,10.583432,21.614796,30.848106,35.79099,3.8577597,4.7424884,3.700364,2.7477324,1.1807151,b'    903071269493172224'
"{'flux': array([4.843646 , 4.8430567, 4.8424687, ..., 1.9245911, 1.9245911,
       1.9245911], dtype=float32), 'ivar': array([0., 0., 0., ..., 0., 0., 0.], dtype=float32), 'lsf_sigma': array([0.       , 0.       , 0.       , ..., 0.6982845, 0.6982845,
       0.6982845], dtype=float32), 'lambda': array([ 3.7975193e+03,  3.7983938e+03,  3.7992686e+03, ...,
       -1.0000000e+00, -1.0000000e+00, -1.0000000e+00], dtype=float32), 'mask': array([ True,  True,  True, ...,  True,  True,  True])}",46.12348,37.174137,0.041412897,7.5630783e-06,False,6.1532636,9.532919,13.81061,16.404984,18.898474,2.5776494,4.744826,3.602656,2.3216019,1.0128404,5.1991315,9.553129,13.664931,16.240566,18.358747,3.8577597,4.7424884,3.700364,2.7477324,1.1807151,b'    903071544371079168'
"{'flux': array([-0.8575506, -0.8574632, -0.857376 , ...,  4.9313245,  4.9313245,
        4.9313245], dtype=float32), 'ivar': array([0., 0., 0., ..., 0., 0., 0.], dtype=float32), 'lsf_sigma': array([0.       , 0.       , 0.       , ..., 0.6983373, 0.6983373,
       0.6983373], dtype=float32), 'lambda': array([ 3.7975193e+03,  3.7983938e+03,  3.7992686e+03, ...,
       -1.0000000e+00, -1.0000000e+00, -1.0000000e+00], dtype=float32), 'mask': array([ True,  True,  True, ...,  True,  True,  True])}",15.852968,34.057976,0.10066028,1.0054215e-05,False,1.9641964,6.9808135,13.893472,19.039507,22.022682,2.5776494,4.744826,3.602656,2.3216019,1.0128404,1.883181,7.0165606,13.780381,19.087687,22.1094,3.8577597,4.7424884,3.700364,2.7477324,1.1807151,b'    903071819248986112'
"{'flux': array([1.6056583, 1.6054932, 1.6053282, ..., 4.3304696, 4.3304696,
       4.3304696], dtype=float32), 'ivar': array([0., 0., 0., ..., 0., 0., 0.], dtype=float32), 'lsf_sigma': array([0.        , 0.        , 0.        , ..., 0.69839203, 0.69839203,
       0.69839203], dtype=float32), 'lambda': array([ 3.7975193e+03,  3.7983938e+03,  3.7992686e+03, ...,
       -1.0000000e+00, -1.0000000e+00, -1.0000000e+00], dtype=float32), 'mask': array([ True,  True,  True, ...,  True,  True,  True])}",0.0,0.0,-4.20344e-05,1.40217935e-05,False,2.4058702,12.874277,30.300035,39.247868,45.526474,2.5776494,4.744826,3.602656,2.3216019,1.0128404,2.3372016,12.875071,30.131031,39.57496,44.09849,3.8577597,4.7424884,3.700364,2.7477324,1.1807151,b'    903072094126893056'
"{'flux': array([2.2986608, 2.2984486, 2.2982368, ..., 3.982524 , 3.982524 ,
       3.982524 ], dtype=float32), 'ivar': array([0., 0., 0., ..., 0., 0., 0.], dtype=float32), 'lsf_sigma': array([0.       , 0.       , 0.       , ..., 0.6983844, 0.6983844,
       0.6983844], dtype=float32), 'lambda': array([ 3.7975193e+03,  3.7983938e+03,  3.7992686e+03, ...,
       -1.0000000e+00, -1.0000000e+00, -1.0000000e+00], dtype=float32), 'mask': array([ True,  True,  True, ...,  True,  True,  True])}",207.291,56.94347,0.08712995,9.713703e-06,False,1.8803325,4.059589,6.17252,7.411271,7.3429065,2.5776494,4.744826,3.602656,2.3216019,1.0128404,0.8039632,4.038987,6.3060775,7.1920357,6.767406,3.8577597,4.7424884,3.700364,2.7477324,1.1807151,b'    903072369004800000'
"{'flux': array([2.1949263, 2.194645 , 2.194364 , ..., 7.4867587, 7.4867587,
       7.4867587], dtype=float32), 'ivar': array([0., 0., 0., ..., 0., 0., 0.], dtype=float32), 'lsf_sigma': array([0.       , 0.       , 0.       , ..., 0.6984301, 0.6984301,
       0.6984301], dtype=float32), 'lambda': array([ 3.7975193e+03,  3.7983938e+03,  3.7992686e+03, ...,
       -1.0000000e+00, -1.0000000e+00, -1.0000000e+00], dtype=float32), 'mask': array([ True,  True,  True, ...,  True,  True,  True])}",68.67682,26.636164,0.10603626,1.131369e-05,False,2.5409276,6.658036,15.284047,22.929531,29.027496,2.5776494,4.744826,3.602656,2.3216019,1.0128404,1.9600737,6.6779604,15.107825,23.045528,28.677095,3.8577597,4.7424884,3.700364,2.7477324,1.1807151,b'    903072643882706944'
"{'flux': array([ 1.0231024 ,  1.0229894 ,  1.0228766 , ..., -0.01536271,
       -0.01536271, -0.01536271], dtype=float32), 'ivar': array([0., 0., 0., ..., 0., 0., 0.], dtype=float32), 'lsf_sigma': array([0.       , 0.       , 0.       , ..., 0.6984183, 0.6984183,
       0.6984183], dtype=float32), 'lambda': array([ 3.7975193e+03,  3.7983938e+03,  3.7992686e+03, ...,
       -1.0000000e+00, -1.0000000e+00, -1.0000000e+00], dtype=float32), 'mask': array([ True,  True,  True, ...,  True,  True,  True])}",508.57278,140.0602,0.04263313,1.9337935e-05,False,0.58296597,1.9479386,2.479551,3.2989209,2.5242426,2.5776494,4.744826,3.602656,2.3216019,1.0128404,0.80335206,1.8637425,2.5277827,3.043912,1.744126,3.8577597,4.7424884,3.700364,2.7477324,1.1807151,b'    903072918760613888'
"{'flux': array([6.0673013, 6.0665517, 6.065805 , ..., 1.6797775, 1.6797775,
       1.6797775], dtype=float32), 'ivar': array([0., 0., 0., ..., 0., 0., 0.], dtype=float32), 'lsf_sigma': array([0.        , 0.        , 0.        , ..., 0.69857305, 0.69857305,
       0.69857305], dtype=float32), 'lambda': array([ 3.7975193e+03,  3.7983938e+03,  3.7992686e+03, ...,
       -1.0000000e+00, -1.0000000e+00, -1.0000000e+00], dtype=float32), 'mask': array([ True,  True,  True, ...,  True,  True,  True])}",72.23822,32.745247,0.03110688,5.9845324e-06,False,6.152549,8.247313,12.108218,15.030472,17.474726,2.5776494,4.744826,3.602656,2.3216019,1.0128404,3.6222908,8.060687,12.154767,14.680992,17.424713,3.8577597,4.7424884,3.700364,2.7477324,1.1807151,b'    903073193638520832'
"{'flux': array([2.0126753, 2.0124962, 2.0123174, ..., 2.8457015, 2.8457015,
       2.8457015], dtype=float32), 'ivar': array([0., 0., 0., ..., 0., 0., 0.], dtype=float32), 'lsf_sigma': array([0.       , 0.       , 0.       , ..., 0.6985334, 0.6985334,
       0.6985334], dtype=float32), 'lambda': array([ 3.7975193e+03,  3.7983938e+03,  3.7992686e+03, ...,
       -1.0000000e+00, -1.0000000e+00, -1.0000000e+00], dtype=float32), 'mask': array([ True,  True,  True, ...,  True,  True,  True])}",365.58823,173.54437,0.07038198,1.0570705e-05,False,1.5592562,4.284595,7.47124,9.433933,8.385633,2.5776494,4.744826,3.602656,2.3216019,1.0128404,0.33066493,4.2511606,7.5375223,9.434897,8.239866,3.8577597,4.7424884,3.700364,2.7477324,1.1807151,b'    903073468516427776'
"{'flux': array([6.0145717, 6.014014 , 6.013457 , ..., 2.5266862, 2.5266862,
       2.5266862], dtype=float32), 'ivar': array([0., 0., 0., ..., 0., 0., 0.], dtype=float32), 'lsf_sigma': array([0.        , 0.        , 0.        , ..., 0.69875145, 0.69875145,
       0.69875145], dtype=float32), 'lambda': array([ 3.7975193e+03,  3.7983938e+03,  3.7992686e+03, ...,
       -1.0000000e+00, -1.0000000e+00, -1.0000000e+00], dtype=float32), 'mask': array([ True,  True,  True, ...,  True,  True,  True])}",0.0,66.151855,0.12617789,6.658885e-06,False,5.286038,10.088016,16.76188,21.78046,23.193771,2.5776494,4.744826,3.602656,2.3216019,1.0128404,3.4928825,10.15069,16.507149,21.8069,22.481153,3.8577597,4.7424884,3.700364,2.7477324,1.1807151,b'    903073743394334720'
"{'flux': array([1.544207 , 1.5440513, 1.5438962, ..., 3.7738132, 3.7738132,
       3.7738132], dtype=float32), 'ivar': array([0., 0., 0., ..., 0., 0., 0.], dtype=float32), 'lsf_sigma': array([0.       , 0.       , 0.       , ..., 0.6987965, 0.6987965,
       0.6987965], dtype=float32), 'lambda': array([ 3.7975193e+03,  3.7983938e+03,  3.7992686e+03, ...,
       -1.0000000e+00, -1.0000000e+00, -1.0000000e+00], dtype=float32), 'mask': array([ True,  True,  True, ...,  True,  True,  True])}",23.313824,75.55074,0.1716638,6.763054e-06,False,4.422303,9.346753,16.384832,22.048325,24.67589,2.5776494,4.744826,3.602656,2.3216019,1.0128404,3.6238012,9.408958,16.145205,22.0443,23.65328,3.8577597,4.7424884,3.700364,2.7477324,1.1807151,b'    903074018272241664'
"{'flux': array([4.376607 , 4.3761096, 4.3756137, ..., 1.7449005, 1.7449005,
       1.7449005], dtype=float32), 'ivar': array([0., 0., 0., ..., 0., 0., 0.], dtype=float32), 'lsf_sigma': array([0.       , 0.       , 0.       , ..., 0.6988131, 0.6988131,
       0.6988131], dtype=float32), 'lambda': array([ 3.7975193e+03,  3.7983938e+03,  3.7992686e+03, ...,
       -1.0000000e+00, -1.0000000e+00, -1.0000000e+00], dtype=float32), 'mask': array([ True,  True,  True, ...,  True,  True,  True])}",850.0,-3.0,0.043222826,2.1469905e-05,False,2.3633711,3.7671568,6.197513,8.047576,9.767669,2.5776494,4.744826,3.602656,2.3216019,1.0128404,1.7591078,3.7482061,6.1944747,8.06232,8.5015,3.8577597,4.7424884,3.700364,2.7477324,1.1807151,b'    903074293150148608'
"{'flux': array([7.751082 , 7.750331 , 7.749582 , ..., 2.7453613, 2.7453613,
       2.7453613], dtype=float32), 'ivar': array([0., 0., 0., ..., 0., 0., 0.], dtype=float32), 'lsf_sigma': array([0.       , 0.       , 0.       , ..., 0.6989064, 0.6989064,
       0.6989064], dtype=float32), 'lambda': array([ 3.7975193e+03,  3.7983938e+03,  3.7992686e+03, ...,
       -1.0000000e+00, -1.0000000e+00, -1.0000000e+00], dtype=float32), 'mask': array([ True,  True,  True, ...,  True,  True,  True])}",850.0,-3.0,0.13938299,5.5923533e-06,False,6.3361735,9.9159775,13.65543,15.161358,15.825536,2.5776494,4.744826,3.602656,2.3216019,1.0128404,2.1661263,10.005625,13.256102,14.880016,14.519928,3.8577597,4.7424884,3.700364,2.7477324,1.1807151,b'    903074568028055552'
"{'flux': array([4.4437704, 4.4432497, 4.4427304, ..., 2.3717813, 2.3717813,
       2.3717813], dtype=float32), 'ivar': array([0., 0., 0., ..., 0., 0., 0.], dtype=float32), 'lsf_sigma': array([0.       , 0.       , 0.       , ..., 0.6989461, 0.6989461,
       0.6989461], dtype=float32), 'lambda': array([ 3.7975193e+03,  3.7983938e+03,  3.7992686e+03, ...,
       -1.0000000e+00, -1.0000000e+00, -1.0000000e+00], dtype=float32), 'mask': array([ True,  True,  True, ...,  True,  True,  True])}",39.105503,31.955294,0.08800126,8.7374e-06,False,4.5839763,6.98057,11.883531,16.092276,17.674809,2.5776494,4.744826,3.602656,2.3216019,1.0128404,2.257314,7.0024714,11.907502,15.82818,17.28024,3.8577597,4.7424884,3.700364,2.7477324,1.1807151,b'    903074842905962496'
"{'flux': array([1.1792308, 1.1790978, 1.178965 , ..., 3.1333606, 3.1333606,
       3.1333606], dtype=float32), 'ivar': array([0., 0., 0., ..., 0., 0., 0.], dtype=float32), 'lsf_sigma': array([0.       , 0.       , 0.       , ..., 0.6989434, 0.6989434,
       0.6989434], dtype=float32), 'lambda': array([ 3.7975193e+03,  3.7983938e+03,  3.7992686e+03, ...,
       -1.0000000e+00, -1.0000000e+00, -1.0000000e+00], dtype=float32), 'mask': array([ True,  True,  True, ...,  True,  True,  True])}",0.0,64.36144,0.13479373,1.8251381e-05,False,3.3370497,7.886048,13.413485,17.96653,20.266125,2.5776494,4.744826,3.602656,2.3216019,1.0128404,3.238865,7.848184,13.496725,18.24145,18.936342,3.8577597,4.7424884,3.700364,2.7477324,1.1807151,b'    903075117783869440'
"{'flux': array([4.786114 , 4.785608 , 4.7851033, ..., 5.768532 , 5.768532 ,
       5.768532 ], dtype=float32), 'ivar': array([0., 0., 0., ..., 0., 0., 0.], dtype=float32), 'lsf_sigma': array([0.      , 0.      , 0.      , ..., 0.699002, 0.699002, 0.699002],
      dtype=float32), 'lambda': array([ 3.7975193e+03,  3.7983938e+03,  3.7992686e+03, ...,
       -1.0000000e+00, -1.0000000e+00, -1.0000000e+00], dtype=float32), 'mask': array([ True,  True,  True, ...,  True,  True,  True])}",84.94607,14.094318,0.13712503,1.3204463e-05,False,4.564017,10.837809,24.615019,36.43079,44.338985,2.5776494,4.744826,3.602656,2.3216019,1.0128404,4.384306,10.7891245,24.59583,36.260742,44.139675,3.8577597,4.7424884,3.700364,2.7477324,1.1807151,b'    903075392661776384'
"{'flux': array([ 1.9258395,  1.9256479,  1.9254569, ..., 13.215563 , 13.215563 ,
       13.215563 ], dtype=float32), 'ivar': array([0., 0., 0., ..., 0., 0., 0.], dtype=float32), 'lsf_sigma': array([0.        , 0.        , 0.        , ..., 0.69908595, 0.69908595,
       0.69908595], dtype=float32), 'lambda': array([ 3.7975193e+03,  3.7983938e+03,  3.7992686e+03, ...,
       -1.0000000e+00, -1.0000000e+00, -1.0000000e+00], dtype=float32), 'mask': array([ True,  True,  True, ...,  True,  True,  True])}",125.30002,9.193277,0.13005742,2.848074e-05,False,3.1591358,11.764099,33.054787,49.95087,68.90842,2.5776494,4.744826,3.602656,2.3216019,1.0128404,3.003641,11.792269,32.952602,49.84018,66.77101,3.8577597,4.7424884,3.700364,2.7477324,1.1807151,b'    903075667539683328'
"{'flux': array([5.2905207, 5.2899694, 5.28942  , ..., 5.994108 , 5.994108 ,
       5.994108 ], dtype=float32), 'ivar': array([0., 0., 0., ..., 0., 0., 0.], dtype=float32), 'lsf_sigma': array([0.       , 0.       , 0.       , ..., 0.6991795, 0.6991795,
       0.6991795], dtype=float32), 'lambda': array([ 3.7975193e+03,  3.7983938e+03,  3.7992686e+03, ...,
       -1.0000000e+00, -1.0000000e+00, -1.0000000e+00], dtype=float32), 'mask': array([ True,  True,  True, ...,  True,  True,  True])}",16.645477,21.562637,0.07324583,6.2620147e-06,False,6.9800863,14.689324,22.914965,30.618807,34.30913,2.5776494,4.744826,3.602656,2.3216019,1.0128404,5.050933,14.788938,22.783836,30.427721,32.9635,3.8577597,4.7424884,3.700364,2.7477324,1.1807151,b'    903076217295497216'
"{'flux': array([5.535303 , 5.5344267, 5.5335517, ..., 4.0709043, 4.0709043,
       4.0709043], dtype=float32), 'ivar': array([0., 0., 0., ..., 0., 0., 0.], dtype=float32), 'lsf_sigma': array([0.       , 0.       , 0.       , ..., 0.6663952, 0.6663952,
       0.6663952], dtype=float32), 'lambda': array([ 3.7975193e+03,  3.7983938e+03,  3.7992686e+03, ...,
       -1.0000000e+00, -1.0000000e+00, -1.0000000e+00], dtype=float32), 'mask': array([ True,  True,  True, ...,  True,  True,  True])}",0.0,76.53838,0.050086103,5.334177e-06,False,5.202099,8.620491,11.855841,14.782698,16.576397,2.5776494,4.744826,3.602656,2.3216019,1.0128404,3.757512,8.597659,11.849349,14.421685,16.684092,3.8577597,4.7424884,3.700364,2.7477324,1.1807151,b'    903076492173404160'
"{'flux': array([1.848221 , 1.8479122, 1.8476038, ..., 2.1736732, 2.1736732,
       2.1736732], dtype=float32), 'ivar': array([0., 0., 0., ..., 0., 0., 0.], dtype=float32), 'lsf_sigma': array([0.       , 0.       , 0.       , ..., 0.6664694, 0.6664694,
       0.6664694], dtype=float32), 'lambda': array([ 3.7975193e+03,  3.7983938e+03,  3.7992686e+03, ...,
       -1.0000000e+00, -1.0000000e+00, -1.0000000e+00], dtype=float32), 'mask': array([ True,  True,  True, ...,  True,  True,  True])}",0.0,40.98524,0.09032191,5.8620935e-06,False,3.6633835,6.281336,9.881375,13.1418705,14.164855,2.5776494,4.744826,3.602656,2.3216019,1.0128404,0.08786833,6.311297,9.872662,12.911595,14.480889,3.8577597,4.7424884,3.700364,2.7477324,1.1807151,b'    903076767051311104'
"{'flux': array([-0.16026546, -0.16023959, -0.16021377, ...,  0.8202682 ,
        0.8202682 ,  0.8202682 ], dtype=float32), 'ivar': array([0., 0., 0., ..., 0., 0., 0.], dtype=float32), 'lsf_sigma': array([0.        , 0.        , 0.        , ..., 0.66650057, 0.66650057,
       0.66650057], dtype=float32), 'lambda': array([ 3.7975193e+03,  3.7983938e+03,  3.7992686e+03, ...,
       -1.0000000e+00, -1.0000000e+00, -1.0000000e+00], dtype=float32), 'mask': array([ True,  True,  True, ...,  True,  True,  True])}",0.0,0.0,6.203947,0.0010694655,False,0.011396509,0.08406326,0.121318474,0.057562493,0.5356269,2.5776494,4.744826,3.602656,2.3216019,1.0128404,0.028530147,0.07107122,0.09406686,0.036016647,0.24953048,3.8577597,4.7424884,3.700364,2.7477324,1.1807151,b'    903077041929218048'
"{'flux': array([0.27130395, 0.27126127, 0.27121866, ..., 3.1015227 , 3.1015227 ,
       3.1015227 ], dtype=float32), 'ivar': array([0., 0., 0., ..., 0., 0., 0.], dtype=float32), 'lsf_sigma': array([0.       , 0.       , 0.       , ..., 0.6665794, 0.6665794,
       0.6665794], dtype=float32), 'lambda': array([ 3.7975193e+03,  3.7983938e+03,  3.7992686e+03, ...,
       -1.0000000e+00, -1.0000000e+00, -1.0000000e+00], dtype=float32), 'mask': array([ True,  True,  True, ...,  True,  True,  True])}",64.57877,15.439312,0.070500776,8.482238e-06,False,3.039528,8.942612,19.011013,27.896006,33.947582,2.5776494,4.744826,3.602656,2.3216019,1.0128404,2.0643513,9.020993,18.8229,27.621204,34.26562,3.8577597,4.7424884,3.700364,2.7477324,1.1807151,b'    903077316807124992'
"{'flux': array([6.026969 , 6.0260544, 6.0251403, ..., 1.4937629, 1.4937629,
       1.4937629], dtype=float32), 'ivar': array([0., 0., 0., ..., 0., 0., 0.], dtype=float32), 'lsf_sigma': array([0.      , 0.      , 0.      , ..., 0.666637, 0.666637, 0.666637],
      dtype=float32), 'lambda': array([ 3.7975193e+03,  3.7983938e+03,  3.7992686e+03, ...,
       -1.0000000e+00, -1.0000000e+00, -1.0000000e+00], dtype=float32), 'mask': array([ True,  True,  True, ...,  True,  True,  True])}",99.87295,22.36942,0.16502604,9.915012e-06,False,3.883178,6.7983937,13.734515,19.818336,25.060928,2.5776494,4.744826,3.602656,2.3216019,1.0128404,2.9241786,6.8013177,13.615844,19.533525,23.471554,3.8577597,4.7424884,3.700364,2.7477324,1.1807151,b'    903077591685031936'
"{'flux': array([3.2286847, 3.2281473, 3.2276108, ..., 5.2704954, 5.2704954,
       5.2704954], dtype=float32), 'ivar': array([0., 0., 0., ..., 0., 0., 0.], dtype=float32), 'lsf_sigma': array([0.       , 0.       , 0.       , ..., 0.6666482, 0.6666482,
       0.6666482], dtype=float32), 'lambda': array([ 3.7975193e+03,  3.7983938e+03,  3.7992686e+03, ...,
       -1.0000000e+00, -1.0000000e+00, -1.0000000e+00], dtype=float32), 'mask': array([ True,  True,  True, ...,  True,  True,  True])}",96.75606,14.341126,0.18728545,2.9294737e-05,False,3.440316,10.803079,26.230371,37.14789,46.06692,2.5776494,4.744826,3.602656,2.3216019,1.0128404,2.4342077,10.760461,26.174145,37.303013,45.14554,3.8577597,4.7424884,3.700364,2.7477324,1.1807151,b'    903077866562938880'
"{'flux': array([3.18524  , 3.1847332, 3.1842275, ..., 2.3994055, 2.3994055,
       2.3994055], dtype=float32), 'ivar': array([0., 0., 0., ..., 0., 0., 0.], dtype=float32), 'lsf_sigma': array([0.       , 0.       , 0.       , ..., 0.6667228, 0.6667228,
       0.6667228], dtype=float32), 'lambda': array([ 3.7975193e+03,  3.7983938e+03,  3.7992686e+03, ...,
       -1.0000000e+00, -1.0000000e+00, -1.0000000e+00], dtype=float32), 'mask': array([ True,  True,  True, ...,  True,  True,  True])}",38.528214,41.717056,0.07106234,6.6429625e-06,False,3.3266704,7.107486,12.013765,16.891113,18.653828,2.5776494,4.744826,3.602656,2.3216019,1.0128404,1.476854,7.1265526,11.9916115,16.78141,19.04051,3.8577597,4.7424884,3.700364,2.7477324,1.1807151,b'    903078141440845824'
"{'flux': array([5.068801 , 5.068027 , 5.0672545, ..., 1.3597127, 1.3597127,
       1.3597127], dtype=float32), 'ivar': array([0., 0., 0., ..., 0., 0., 0.], dtype=float32), 'lsf_sigma': array([0.       , 0.       , 0.       , ..., 0.6667538, 0.6667538,
       0.6667538], dtype=float32), 'lambda': array([ 3.7975193e+03,  3.7983938e+03,  3.7992686e+03, ...,
       -1.0000000e+00, -1.0000000e+00, -1.0000000e+00], dtype=float32), 'mask': array([ True,  True,  True, ...,  True,  True,  True])}",152.08266,28.750763,0.13409068,6.033116e-06,False,3.9378126,7.3303976,14.083904,20.461544,24.245457,2.5776494,4.744826,3.602656,2.3216019,1.0128404,2.9612541,7.387414,13.888181,20.236906,23.044024,3.8577597,4.7424884,3.700364,2.7477324,1.1807151,b'    903078416318752768'
"{'flux': array([3.6849425, 3.6843977, 3.6838543, ..., 7.216158 , 7.216158 ,
       7.216158 ], dtype=float32), 'ivar': array([0., 0., 0., ..., 0., 0., 0.], dtype=float32), 'lsf_sigma': array([0.        , 0.        , 0.        , ..., 0.66684234, 0.66684234,
       0.66684234], dtype=float32), 'lambda': array([ 3.7975193e+03,  3.7983938e+03,  3.7992686e+03, ...,
       -1.0000000e+00, -1.0000000e+00, -1.0000000e+00], dtype=float32), 'mask': array([ True,  True,  True, ...,  True,  True,  True])}",18.38108,29.77034,0.07209531,7.4330014e-06,False,5.2168055,13.693551,25.438295,35.45718,42.533405,2.5776494,4.744826,3.602656,2.3216019,1.0128404,4.756246,13.695962,25.384031,35.39411,41.33042,3.8577597,4.7424884,3.700364,2.7477324,1.1807151,b'    903078966074566656'
"{'flux': array([4.096335 , 4.0957055, 4.095078 , ..., 3.5214357, 3.5214357,
       3.5214357], dtype=float32), 'ivar': array([0., 0., 0., ..., 0., 0., 0.], dtype=float32), 'lsf_sigma': array([0.      , 0.      , 0.      , ..., 0.666885, 0.666885, 0.666885],
      dtype=float32), 'lambda': array([ 3.7975193e+03,  3.7983938e+03,  3.7992686e+03, ...,
       -1.0000000e+00, -1.0000000e+00, -1.0000000e+00], dtype=float32), 'mask': array([ True,  True,  True, ...,  True,  True,  True])}",170.54062,74.96798,0.061595645,1.10350475e-05,False,2.1855886,5.099614,8.258755,10.379903,12.32917,2.5776494,4.744826,3.602656,2.3216019,1.0128404,1.8805735,5.0827904,8.25009,10.303528,11.232766,3.8577597,4.7424884,3.700364,2.7477324,1.1807151,b'    903079240952473600'
"{'flux': array([1.945781 , 1.9454786, 1.9451768, ..., 4.401277 , 4.401277 ,
       4.401277 ], dtype=float32), 'ivar': array([0., 0., 0., ..., 0., 0., 0.], dtype=float32), 'lsf_sigma': array([0.       , 0.       , 0.       , ..., 0.6669547, 0.6669547,
       0.6669547], dtype=float32), 'lambda': array([ 3.7975193e+03,  3.7983938e+03,  3.7992686e+03, ...,
       -1.0000000e+00, -1.0000000e+00, -1.0000000e+00], dtype=float32), 'mask': array([ True,  True,  True, ...,  True,  True,  True])}",95.804985,35.27362,0.16296165,6.6306957e-06,False,2.9778812,6.80671,11.185331,15.22353,16.6244,2.5776494,4.744826,3.602656,2.3216019,1.0128404,2.3542206,6.781658,11.224824,14.840401,16.17623,3.8577597,4.7424884,3.700364,2.7477324,1.1807151,b'    903080065586194432'
"{'flux': array([-0.77326316, -0.7731411 , -0.77301925, ...,  1.3600221 ,
        1.3600221 ,  1.3600221 ], dtype=float32), 'ivar': array([0., 0., 0., ..., 0., 0., 0.], dtype=float32), 'lsf_sigma': array([0.        , 0.        , 0.        , ..., 0.66706526, 0.66706526,
       0.66706526], dtype=float32), 'lambda': array([ 3.7975193e+03,  3.7983938e+03,  3.7992686e+03, ...,
       -1.0000000e+00, -1.0000000e+00, -1.0000000e+00], dtype=float32), 'mask': array([ True,  True,  True, ...,  True,  True,  True])}",0.0,0.0,0.0005648385,9.403697e-05,True,-0.037827127,0.1062734,0.21240374,0.39935765,0.66146404,2.5776494,4.744826,3.602656,2.3216019,1.0128404,0.104890764,0.08096292,0.19341113,0.3467776,0.5860396,3.8577597,4.7424884,3.700364,2.7477324,1.1807151,b'    903080340464101376'
"{'flux': array([4.2378783, 4.2372503, 4.2366233, ..., 1.5876851, 1.5876851,
       1.5876851], dtype=float32), 'ivar': array([0., 0., 0., ..., 0., 0., 0.], dtype=float32), 'lsf_sigma': array([0.       , 0.       , 0.       , ..., 0.6670827, 0.6670827,
       0.6670827], dtype=float32), 'lambda': array([ 3.7975193e+03,  3.7983938e+03,  3.7992686e+03, ...,
       -1.0000000e+00, -1.0000000e+00, -1.0000000e+00], dtype=float32), 'mask': array([ True,  True,  True, ...,  True,  True,  True])}",20.388903,35.03183,0.107168406,9.139565e-06,False,3.72362,7.5946417,12.8142,16.789698,19.081894,2.5776494,4.744826,3.602656,2.3216019,1.0128404,2.3687224,7.603685,12.702768,16.675869,18.431667,3.8577597,4.7424884,3.700364,2.7477324,1.1807151,b'    903080615342008320'
"{'flux': array([0.06163716, 0.06162696, 0.06161678, ..., 0.17496692, 0.17496692,
       0.17496692], dtype=float32), 'ivar': array([0., 0., 0., ..., 0., 0., 0.], dtype=float32), 'lsf_sigma': array([0.       , 0.       , 0.       , ..., 0.6671544, 0.6671544,
       0.6671544], dtype=float32), 'lambda': array([ 3.7975193e+03,  3.7983938e+03,  3.7992686e+03, ...,
       -1.0000000e+00, -1.0000000e+00, -1.0000000e+00], dtype=float32), 'mask': array([ True,  True,  True, ...,  True,  True,  True])}",0.0,0.0,4.8470125,0.0010890883,True,0.15926126,0.21823908,0.44490674,0.5987047,0.82377565,2.5776494,4.744826,3.602656,2.3216019,1.0128404,0.087668434,0.20710959,0.40877828,0.49406004,0.3923842,3.8577597,4.7424884,3.700364,2.7477324,1.1807151,b'    903080890219915264'
"{'flux': array([2.3347726, 2.3344011, 2.3340306, ..., 3.4938464, 3.4938464,
       3.4938464], dtype=float32), 'ivar': array([0., 0., 0., ..., 0., 0., 0.], dtype=float32), 'lsf_sigma': array([0.       , 0.       , 0.       , ..., 0.6672147, 0.6672147,
       0.6672147], dtype=float32), 'lambda': array([ 3.7975193e+03,  3.7983938e+03,  3.7992686e+03, ...,
       -1.0000000e+00, -1.0000000e+00, -1.0000000e+00], dtype=float32), 'mask': array([ True,  True,  True, ...,  True,  True,  True])}",93.18726,49.518757,0.10749547,6.6943358e-06,False,2.3672514,5.0726047,8.1116905,10.520243,11.276467,2.5776494,4.744826,3.602656,2.3216019,1.0128404,-0.0783407,5.1978164,7.953216,10.117699,11.06147,3.8577597,4.7424884,3.700364,2.7477324,1.1807151,b'    903081165097822208'
"{'flux': array([6.510083 , 6.509152 , 6.5082226, ..., 1.7810663, 1.7810663,
       1.7810663], dtype=float32), 'ivar': array([0., 0., 0., ..., 0., 0., 0.], dtype=float32), 'lsf_sigma': array([0.       , 0.       , 0.       , ..., 0.6672238, 0.6672238,
       0.6672238], dtype=float32), 'lambda': array([ 3.7975193e+03,  3.7983938e+03,  3.7992686e+03, ...,
       -1.0000000e+00, -1.0000000e+00, -1.0000000e+00], dtype=float32), 'mask': array([ True,  True,  True, ...,  True,  True,  True])}",0.0,71.987404,0.21037918,6.51856e-06,False,5.1634793,9.25193,16.513899,22.351917,25.785341,2.5776494,4.744826,3.602656,2.3216019,1.0128404,3.932482,9.348536,16.181767,22.279556,24.231329,3.8577597,4.7424884,3.700364,2.7477324,1.1807151,b'    903081439975729152'
"{'flux': array([5.4090395, 5.408251 , 5.407463 , ..., 7.6398153, 7.6398153,
       7.6398153], dtype=float32), 'ivar': array([0., 0., 0., ..., 0., 0., 0.], dtype=float32), 'lsf_sigma': array([0.       , 0.       , 0.       , ..., 0.6672844, 0.6672844,
       0.6672844], dtype=float32), 'lambda': array([ 3.7975193e+03,  3.7983938e+03,  3.7992686e+03, ...,
       -1.0000000e+00, -1.0000000e+00, -1.0000000e+00], dtype=float32), 'mask': array([ True,  True,  True, ...,  True,  True,  True])}",50.675194,24.627045,0.07243777,6.324995e-06,False,7.912775,15.454481,24.083557,34.00694,37.266457,2.5776494,4.744826,3.602656,2.3216019,1.0128404,6.83902,15.503875,23.850977,33.865456,35.56157,3.8577597,4.7424884,3.700364,2.7477324,1.1807151,b'    903081714853636096'
"{'flux': array([3.7838979, 3.783324 , 3.7827516, ..., 2.7590117, 2.7590117,
       2.7590117], dtype=float32), 'ivar': array([0., 0., 0., ..., 0., 0., 0.], dtype=float32), 'lsf_sigma': array([0.       , 0.       , 0.       , ..., 0.6431371, 0.6431371,
       0.6431371], dtype=float32), 'lambda': array([ 3.7975193e+03,  3.7983938e+03,  3.7992686e+03, ...,
       -1.0000000e+00, -1.0000000e+00, -1.0000000e+00], dtype=float32), 'mask': array([ True,  True,  True, ...,  True,  True,  True])}",76.52804,43.7495,0.074340135,5.043954e-06,False,3.2275047,6.118062,9.591,12.514228,12.496003,2.5776494,4.744826,3.602656,2.3216019,1.0128404,0.4689121,6.221439,9.595812,12.051229,13.4814205,3.8577597,4.7424884,3.700364,2.7477324,1.1807151,b'    903081989731543040'
"{'flux': array([5.317442 , 5.316742 , 5.3160434, ..., 2.603167 , 2.603167 ,
       2.603167 ], dtype=float32), 'ivar': array([0., 0., 0., ..., 0., 0., 0.], dtype=float32), 'lsf_sigma': array([0.        , 0.        , 0.        , ..., 0.64322734, 0.64322734,
       0.64322734], dtype=float32), 'lambda': array([ 3.7975193e+03,  3.7983938e+03,  3.7992686e+03, ...,
       -1.0000000e+00, -1.0000000e+00, -1.0000000e+00], dtype=float32), 'mask': array([ True,  True,  True, ...,  True,  True,  True])}",0.0,27.941471,0.028132234,4.530307e-06,False,7.473913,12.033084,17.86199,21.579048,24.403326,2.5776494,4.744826,3.602656,2.3216019,1.0128404,6.8889837,11.781238,17.759342,21.32597,25.28003,3.8577597,4.7424884,3.700364,2.7477324,1.1807151,b'    903082539487356928'
"{'flux': array([5.4563017, 5.4555073, 5.4547157, ..., 5.2668858, 5.2668858,
       5.2668858], dtype=float32), 'ivar': array([0., 0., 0., ..., 0., 0., 0.], dtype=float32), 'lsf_sigma': array([0.       , 0.       , 0.       , ..., 0.6432672, 0.6432672,
       0.6432672], dtype=float32), 'lambda': array([ 3.7975193e+03,  3.7983938e+03,  3.7992686e+03, ...,
       -1.0000000e+00, -1.0000000e+00, -1.0000000e+00], dtype=float32), 'mask': array([ True,  True,  True, ...,  True,  True,  True])}",40.98462,23.466063,0.0884578,6.7760293e-06,False,4.8001823,11.284119,21.15862,29.282919,33.148907,2.5776494,4.744826,3.602656,2.3216019,1.0128404,3.4420838,11.346677,20.84979,29.146282,33.82995,3.8577597,4.7424884,3.700364,2.7477324,1.1807151,b'    903082814365263872'
"{'flux': array([8.054046 , 8.052807 , 8.05157  , ..., 4.6603894, 4.6603894,
       4.6603894], dtype=float32), 'ivar': array([0., 0., 0., ..., 0., 0., 0.], dtype=float32), 'lsf_sigma': array([0.        , 0.        , 0.        , ..., 0.64322454, 0.64322454,
       0.64322454], dtype=float32), 'lambda': array([ 3.7975193e+03,  3.7983938e+03,  3.7992686e+03, ...,
       -1.0000000e+00, -1.0000000e+00, -1.0000000e+00], dtype=float32), 'mask': array([ True,  True,  True, ...,  True,  True,  True])}",0.0,0.0,-6.0898787e-05,5.8986017e-05,False,5.5000815,9.494259,16.780752,21.731113,23.582264,2.5776494,4.744826,3.602656,2.3216019,1.0128404,4.469015,9.447664,16.709122,21.578901,23.274424,3.8577597,4.7424884,3.700364,2.7477324,1.1807151,b'    903083089243170816'
"{'flux': array([-0.24607952, -0.24604468, -0.24600993, ...,  2.0104961 ,
        2.0104961 ,  2.0104961 ], dtype=float32), 'ivar': array([0., 0., 0., ..., 0., 0., 0.], dtype=float32), 'lsf_sigma': array([0.      , 0.      , 0.      , ..., 0.643333, 0.643333, 0.643333],
      dtype=float32), 'lambda': array([ 3.7975193e+03,  3.7983938e+03,  3.7992686e+03, ...,
       -1.0000000e+00, -1.0000000e+00, -1.0000000e+00], dtype=float32), 'mask': array([ True,  True,  True, ...,  True,  True,  True])}",69.41818,41.95301,0.08886766,6.0196808e-06,False,3.5307155,7.3853097,11.340055,14.744988,15.768431,2.5776494,4.744826,3.602656,2.3216019,1.0128404,1.6307445,7.4871078,11.287259,14.260338,15.512072,3.8577597,4.7424884,3.700364,2.7477324,1.1807151,b'    903083364121077760'
"{'flux': array([8.241157, 8.240057, 8.238958, ..., 7.694469, 7.694469, 7.694469],
      dtype=float32), 'ivar': array([0., 0., 0., ..., 0., 0., 0.], dtype=float32), 'lsf_sigma': array([0.        , 0.        , 0.        , ..., 0.64333606, 0.64333606,
       0.64333606], dtype=float32), 'lambda': array([ 3.7975193e+03,  3.7983938e+03,  3.7992686e+03, ...,
       -1.0000000e+00, -1.0000000e+00, -1.0000000e+00], dtype=float32), 'mask': array([ True,  True,  True, ...,  True,  True,  True])}",0.0,0.0,0.42004645,5.8558544e-05,False,14.265177,14.047783,16.828634,23.662374,28.84972,2.5776494,4.744826,3.602656,2.3216019,1.0128404,14.778234,14.117315,16.51396,23.645939,27.47038,3.8577597,4.7424884,3.700364,2.7477324,1.1807151,b'    903083638998984704'
"{'flux': array([6.033665, 6.032732, 6.031801, ..., 8.989486, 8.989486, 8.989486],
      dtype=float32), 'ivar': array([0., 0., 0., ..., 0., 0., 0.], dtype=float32), 'lsf_sigma': array([0.       , 0.       , 0.       , ..., 0.6433704, 0.6433704,
       0.6433704], dtype=float32), 'lambda': array([ 3.7975193e+03,  3.7983938e+03,  3.7992686e+03, ...,
       -1.0000000e+00, -1.0000000e+00, -1.0000000e+00], dtype=float32), 'mask': array([ True,  True,  True, ...,  True,  True,  True])}",50.31669,13.992757,0.043913823,2.9823545e-05,False,5.0813403,13.239402,28.116964,39.36431,49.14682,2.5776494,4.744826,3.602656,2.3216019,1.0128404,4.86777,13.242,27.928213,39.53623,48.50017,3.8577597,4.7424884,3.700364,2.7477324,1.1807151,b'    903083913876891648'
"{'flux': array([3.4333653, 3.432897 , 3.4324303, ..., 7.623273 , 7.623273 ,
       7.623273 ], dtype=float32), 'ivar': array([0., 0., 0., ..., 0., 0., 0.], dtype=float32), 'lsf_sigma': array([0.        , 0.        , 0.        , ..., 0.64344084, 0.64344084,
       0.64344084], dtype=float32), 'lambda': array([ 3.7975193e+03,  3.7983938e+03,  3.7992686e+03, ...,
       -1.0000000e+00, -1.0000000e+00, -1.0000000e+00], dtype=float32), 'mask': array([ True,  True,  True, ...,  True,  True,  True])}",79.588455,15.123644,0.18076593,1.8219745e-05,False,5.196959,9.778102,21.552586,31.573425,39.314384,2.5776494,4.744826,3.602656,2.3216019,1.0128404,5.0450864,9.780129,21.417091,31.77362,38.901394,3.8577597,4.7424884,3.700364,2.7477324,1.1807151,b'    903084188754798592'
"{'flux': array([ 1.9518449,  1.9515674,  1.9512905, ..., 10.210521 , 10.210521 ,
       10.210521 ], dtype=float32), 'ivar': array([0., 0., 0., ..., 0., 0., 0.], dtype=float32), 'lsf_sigma': array([0.      , 0.      , 0.      , ..., 0.643476, 0.643476, 0.643476],
      dtype=float32), 'lambda': array([ 3.7975193e+03,  3.7983938e+03,  3.7992686e+03, ...,
       -1.0000000e+00, -1.0000000e+00, -1.0000000e+00], dtype=float32), 'mask': array([ True,  True,  True, ...,  True,  True,  True])}",141.74344,14.643201,0.13717327,7.0088504e-06,False,3.3579106,9.821843,25.376738,42.859818,56.683937,2.5776494,4.744826,3.602656,2.3216019,1.0128404,5.275095,9.7139845,25.383049,42.620625,56.503784,3.8577597,4.7424884,3.700364,2.7477324,1.1807151,b'    903084463632705536'
"{'flux': array([38.854374, 38.84953 , 38.844696, ..., 22.922441, 22.922441,
       22.922441], dtype=float32), 'ivar': array([0., 0., 0., ..., 0., 0., 0.], dtype=float32), 'lsf_sigma': array([0.       , 0.       , 0.       , ..., 0.6434854, 0.6434854,
       0.6434854], dtype=float32), 'lambda': array([ 3.7975193e+03,  3.7983938e+03,  3.7992686e+03, ...,
       -1.0000000e+00, -1.0000000e+00, -1.0000000e+00], dtype=float32), 'mask': array([ True,  True,  True, ...,  True,  True,  True])}",0.0,0.0,-1.4206523e-06,1.0035955e-05,False,49.061127,94.221306,151.00166,180.54475,194.43608,2.5776494,4.744826,3.602656,2.3216019,1.0128404,42.87251,94.53603,150.19113,181.0089,190.91472,3.8577597,4.7424884,3.700364,2.7477324,1.1807151,b'    903084738510612480'
"{'flux': array([3.6324468, 3.6319525, 3.6314597, ..., 1.5351571, 1.5351571,
       1.5351571], dtype=float32), 'ivar': array([0., 0., 0., ..., 0., 0., 0.], dtype=float32), 'lsf_sigma': array([0.       , 0.       , 0.       , ..., 0.6435228, 0.6435228,
       0.6435228], dtype=float32), 'lambda': array([ 3.7975193e+03,  3.7983938e+03,  3.7992686e+03, ...,
       -1.0000000e+00, -1.0000000e+00, -1.0000000e+00], dtype=float32), 'mask': array([ True,  True,  True, ...,  True,  True,  True])}",0.0,36.2143,0.040211096,6.0617735e-06,False,4.55395,6.5515566,9.709113,11.417475,11.086555,2.5776494,4.744826,3.602656,2.3216019,1.0128404,3.2596579,6.6005673,9.519467,11.36951,12.728156,3.8577597,4.7424884,3.700364,2.7477324,1.1807151,b'    903085013388519424'
"{'flux': array([2.0330794, 2.0328074, 2.0325358, ..., 1.3270555, 1.3270555,
       1.3270555], dtype=float32), 'ivar': array([0., 0., 0., ..., 0., 0., 0.], dtype=float32), 'lsf_sigma': array([0.      , 0.      , 0.      , ..., 0.643527, 0.643527, 0.643527],
      dtype=float32), 'lambda': array([ 3.7975193e+03,  3.7983938e+03,  3.7992686e+03, ...,
       -1.0000000e+00, -1.0000000e+00, -1.0000000e+00], dtype=float32), 'mask': array([ True,  True,  True, ...,  True,  True,  True])}",281.4475,38.009148,0.08746617,1.516295e-05,False,1.548293,2.6146472,5.7533436,8.33687,8.162739,2.5776494,4.744826,3.602656,2.3216019,1.0128404,0.8355462,2.5585968,4.881195,7.2102504,7.9586186,3.8577597,4.7424884,3.700364,2.7477324,1.1807151,b'    903085288266426368'
"{'flux': array([3.2654395, 3.2650065, 3.2645752, ..., 2.619417 , 2.619417 ,
       2.619417 ], dtype=float32), 'ivar': array([0., 0., 0., ..., 0., 0., 0.], dtype=float32), 'lsf_sigma': array([0.        , 0.        , 0.        , ..., 0.64358217, 0.64358217,
       0.64358217], dtype=float32), 'lambda': array([ 3.7975193e+03,  3.7983938e+03,  3.7992686e+03, ...,
       -1.0000000e+00, -1.0000000e+00, -1.0000000e+00], dtype=float32), 'mask': array([ True,  True,  True, ...,  True,  True,  True])}",57.368797,22.103159,0.12946783,6.3478e-06,False,5.8288136,11.814153,19.51311,26.650267,28.976606,2.5776494,4.744826,3.602656,2.3216019,1.0128404,4.0240283,11.926965,19.284723,26.191679,29.270817,3.8577597,4.7424884,3.700364,2.7477324,1.1807151,b'    903085563144333312'
"{'flux': array([ 3.6134017 ,  3.612959  ,  3.612517  , ..., -0.35303134,
       -0.35303134, -0.35303134], dtype=float32), 'ivar': array([0., 0., 0., ..., 0., 0., 0.], dtype=float32), 'lsf_sigma': array([0.        , 0.        , 0.        , ..., 0.64361364, 0.64361364,
       0.64361364], dtype=float32), 'lambda': array([ 3.7975193e+03,  3.7983938e+03,  3.7992686e+03, ...,
       -1.0000000e+00, -1.0000000e+00, -1.0000000e+00], dtype=float32), 'mask': array([ True,  True,  True, ...,  True,  True,  True])}",64.825096,46.313625,0.03036473,6.8954346e-06,False,3.823694,5.497303,8.278619,10.364371,11.783886,2.5776494,4.744826,3.602656,2.3216019,1.0128404,3.02288,5.48595,8.203026,10.059107,12.129862,3.8577597,4.7424884,3.700364,2.7477324,1.1807151,b'    903085838022240256'
"{'flux': array([6.5352607, 6.5343785, 6.533498 , ..., 1.6488882, 1.6488882,
       1.6488882], dtype=float32), 'ivar': array([0., 0., 0., ..., 0., 0., 0.], dtype=float32), 'lsf_sigma': array([0.       , 0.       , 0.       , ..., 0.6435924, 0.6435924,
       0.6435924], dtype=float32), 'lambda': array([ 3.7975193e+03,  3.7983938e+03,  3.7992686e+03, ...,
       -1.0000000e+00, -1.0000000e+00, -1.0000000e+00], dtype=float32), 'mask': array([ True,  True,  True, ...,  True,  True,  True])}",0.0,41.731243,0.07423333,7.457488e-06,False,4.351713,8.334622,14.066404,19.162558,22.337652,2.5776494,4.744826,3.602656,2.3216019,1.0128404,2.7712264,8.358215,14.029569,18.905327,21.837852,3.8577597,4.7424884,3.700364,2.7477324,1.1807151,b'    903086112900147200'
"{'flux': array([4.6531324, 4.6525126, 4.6518946, ..., 1.1660855, 1.1660855,
       1.1660855], dtype=float32), 'ivar': array([0., 0., 0., ..., 0., 0., 0.], dtype=float32), 'lsf_sigma': array([0.     , 0.     , 0.     , ..., 0.64366, 0.64366, 0.64366],
      dtype=float32), 'lambda': array([ 3.7975193e+03,  3.7983938e+03,  3.7992686e+03, ...,
       -1.0000000e+00, -1.0000000e+00, -1.0000000e+00], dtype=float32), 'mask': array([ True,  True,  True, ...,  True,  True,  True])}",315.89505,102.640045,0.06598042,1.15287885e-05,False,2.1010487,4.0901084,7.4898834,9.991914,11.438913,2.5776494,4.744826,3.602656,2.3216019,1.0128404,1.2164358,4.116316,7.4424157,9.941649,11.436143,3.8577597,4.7424884,3.700364,2.7477324,1.1807151,b'    903086387778054144'
"{'flux': array([1.5827292, 1.5825253, 1.5823215, ..., 4.333283 , 4.333283 ,
       4.333283 ], dtype=float32), 'ivar': array([0., 0., 0., ..., 0., 0., 0.], dtype=float32), 'lsf_sigma': array([0.       , 0.       , 0.       , ..., 0.6437157, 0.6437157,
       0.6437157], dtype=float32), 'lambda': array([ 3.7975193e+03,  3.7983938e+03,  3.7992686e+03, ...,
       -1.0000000e+00, -1.0000000e+00, -1.0000000e+00], dtype=float32), 'mask': array([ True,  True,  True, ...,  True,  True,  True])}",82.64423,31.378582,0.040667754,1.815165e-05,False,1.7407843,3.572141,6.5484366,8.659513,9.608095,2.5776494,4.744826,3.602656,2.3216019,1.0128404,1.5973952,3.57328,6.4675546,8.547784,9.919685,3.8577597,4.7424884,3.700364,2.7477324,1.1807151,b'    903086662655961088'
"{'flux': array([5.8220534, 5.821284 , 5.8205166, ..., 3.219857 , 3.219857 ,
       3.219857 ], dtype=float32), 'ivar': array([0., 0., 0., ..., 0., 0., 0.], dtype=float32), 'lsf_sigma': array([0.        , 0.        , 0.        , ..., 0.64372444, 0.64372444,
       0.64372444], dtype=float32), 'lambda': array([ 3.7975193e+03,  3.7983938e+03,  3.7992686e+03, ...,
       -1.0000000e+00, -1.0000000e+00, -1.0000000e+00], dtype=float32), 'mask': array([ True,  True,  True, ...,  True,  True,  True])}",102.151215,23.660254,0.16235591,1.3280028e-05,False,4.095907,7.5073113,15.39333,21.913954,27.032127,2.5776494,4.744826,3.602656,2.3216019,1.0128404,3.4226706,7.489712,15.118949,21.851711,26.916096,3.8577597,4.7424884,3.700364,2.7477324,1.1807151,b'    903086937533868032'
"{'flux': array([ 0.07820711,  0.07819337,  0.07817966, ..., -0.24068183,
       -0.24068183, -0.24068183], dtype=float32), 'ivar': array([0., 0., 0., ..., 0., 0., 0.], dtype=float32), 'lsf_sigma': array([0.        , 0.        , 0.        , ..., 0.66038513, 0.66038513,
       0.66038513], dtype=float32), 'lambda': array([ 3.7975193e+03,  3.7983938e+03,  3.7992686e+03, ...,
       -1.0000000e+00, -1.0000000e+00, -1.0000000e+00], dtype=float32), 'mask': array([ True,  True,  True, ...,  True,  True,  True])}",0.0,0.0,-0.00035066923,1.2121511e-05,True,0.22705576,0.29676992,0.3536302,0.27478302,0.50418866,2.5776494,4.744826,3.602656,2.3216019,1.0128404,0.12062453,0.27731413,0.28813255,0.29121915,0.43527508,3.8577597,4.7424884,3.700364,2.7477324,1.1807151,b'    903087487289681920'
"{'flux': array([2.8692648, 2.8687048, 2.8681457, ..., 4.838208 , 4.838208 ,
       4.838208 ], dtype=float32), 'ivar': array([0., 0., 0., ..., 0., 0., 0.], dtype=float32), 'lsf_sigma': array([0.        , 0.        , 0.        , ..., 0.66040045, 0.66040045,
       0.66040045], dtype=float32), 'lambda': array([ 3.7975193e+03,  3.7983938e+03,  3.7992686e+03, ...,
       -1.0000000e+00, -1.0000000e+00, -1.0000000e+00], dtype=float32), 'mask': array([ True,  True,  True, ...,  True,  True,  True])}",78.19579,18.388983,0.10263584,7.0745905e-06,False,4.2634263,9.363017,18.07314,25.896112,31.217155,2.5776494,4.744826,3.602656,2.3216019,1.0128404,3.0759976,9.439539,17.83079,25.644894,30.985455,3.8577597,4.7424884,3.700364,2.7477324,1.1807151,b'    903087762167588864'
"{'flux': array([ 5.329465 ,  5.328487 ,  5.3275104, ..., -1.0916766, -1.0916766,
       -1.0916766], dtype=float32), 'ivar': array([0., 0., 0., ..., 0., 0., 0.], dtype=float32), 'lsf_sigma': array([0.        , 0.        , 0.        , ..., 0.66043913, 0.66043913,
       0.66043913], dtype=float32), 'lambda': array([ 3.7975193e+03,  3.7983938e+03,  3.7992686e+03, ...,
       -1.0000000e+00, -1.0000000e+00, -1.0000000e+00], dtype=float32), 'mask': array([ True,  True,  True, ...,  True,  True,  True])}",54.321995,28.200674,0.043469395,5.494889e-06,False,4.856914,9.992027,7.2236,9.186135,7.925133,2.5776494,4.744826,3.602656,2.3216019,1.0128404,1.0765908,6.000823,6.823728,8.593249,10.036007,3.8577597,4.7424884,3.700364,2.7477324,1.1807151,b'    903088037045495808'
"{'flux': array([4.210535 , 4.209725 , 4.2089167, ..., 8.101148 , 8.101148 ,
       8.101148 ], dtype=float32), 'ivar': array([0., 0., 0., ..., 0., 0., 0.], dtype=float32), 'lsf_sigma': array([0.       , 0.       , 0.       , ..., 0.6604203, 0.6604203,
       0.6604203], dtype=float32), 'lambda': array([ 3.7975193e+03,  3.7983938e+03,  3.7992686e+03, ...,
       -1.0000000e+00, -1.0000000e+00, -1.0000000e+00], dtype=float32), 'mask': array([ True,  True,  True, ...,  True,  True,  True])}",102.91986,14.894519,0.103201516,5.2216246e-06,False,6.3513927,16.097906,32.23072,50.652485,59.000053,2.5776494,4.744826,3.602656,2.3216019,1.0128404,7.2196116,16.10281,32.015163,50.42856,58.466476,3.8577597,4.7424884,3.700364,2.7477324,1.1807151,b'    903088311923402752'
"{'flux': array([-0.10898963, -0.10896777, -0.10894595, ...,  1.4449012 ,
        1.4449012 ,  1.4449012 ], dtype=float32), 'ivar': array([0., 0., 0., ..., 0., 0., 0.], dtype=float32), 'lsf_sigma': array([0.       , 0.       , 0.       , ..., 0.6605076, 0.6605076,
       0.6605076], dtype=float32), 'lambda': array([ 3.7975193e+03,  3.7983938e+03,  3.7992686e+03, ...,
       -1.0000000e+00, -1.0000000e+00, -1.0000000e+00], dtype=float32), 'mask': array([ True,  True,  True, ...,  True,  True,  True])}",810.9211,232.1524,0.04325111,2.7536436e-05,False,0.68944764,1.395925,2.522859,3.4399989,4.3121333,2.5776494,4.744826,3.602656,2.3216019,1.0128404,0.5121413,1.379496,2.4008026,3.1650262,3.6339803,3.8577597,4.7424884,3.700364,2.7477324,1.1807151,b'    903088861679216640'
"{'flux': array([4.7486095, 4.747734 , 4.746861 , ..., 3.7055402, 3.7055402,
       3.7055402], dtype=float32), 'ivar': array([0., 0., 0., ..., 0., 0., 0.], dtype=float32), 'lsf_sigma': array([0.        , 0.        , 0.        , ..., 0.66053665, 0.66053665,
       0.66053665], dtype=float32), 'lambda': array([ 3.7975193e+03,  3.7983938e+03,  3.7992686e+03, ...,
       -1.0000000e+00, -1.0000000e+00, -1.0000000e+00], dtype=float32), 'mask': array([ True,  True,  True, ...,  True,  True,  True])}",43.22568,17.896935,0.13916813,5.4168804e-06,False,5.463278,12.13554,22.42666,31.777618,35.172073,2.5776494,4.744826,3.602656,2.3216019,1.0128404,4.017486,12.209319,22.340767,31.584406,35.871033,3.8577597,4.7424884,3.700364,2.7477324,1.1807151,b'    903089411435030528'
"{'flux': array([0.52090394, 0.52080095, 0.5206982 , ..., 2.08066   , 2.08066   ,
       2.08066   ], dtype=float32), 'ivar': array([0., 0., 0., ..., 0., 0., 0.], dtype=float32), 'lsf_sigma': array([0.        , 0.        , 0.        , ..., 0.66056097, 0.66056097,
       0.66056097], dtype=float32), 'lambda': array([ 3.7975193e+03,  3.7983938e+03,  3.7992686e+03, ...,
       -1.0000000e+00, -1.0000000e+00, -1.0000000e+00], dtype=float32), 'mask': array([ True,  True,  True, ...,  True,  True,  True])}",62.239582,32.991444,0.12785828,8.823916e-06,False,2.5897887,6.5844417,13.127152,19.028633,22.574898,2.5776494,4.744826,3.602656,2.3216019,1.0128404,1.8365316,6.618492,12.973572,18.587358,22.84246,3.8577597,4.7424884,3.700364,2.7477324,1.1807151,b'    903089686312937472'
"{'flux': array([ 3.8098547,  3.8091106,  3.8083677, ..., -0.6416063, -0.6416063,
       -0.6416063], dtype=float32), 'ivar': array([0., 0., 0., ..., 0., 0., 0.], dtype=float32), 'lsf_sigma': array([0.        , 0.        , 0.        , ..., 0.66054934, 0.66054934,
       0.66054934], dtype=float32), 'lambda': array([ 3.7975193e+03,  3.7983938e+03,  3.7992686e+03, ...,
       -1.0000000e+00, -1.0000000e+00, -1.0000000e+00], dtype=float32), 'mask': array([ True,  True,  True, ...,  True,  True,  True])}",0.0,0.0,-0.0008591516,0.00016014218,False,2.6510146,3.8984745,4.978273,5.1931725,4.187699,2.5776494,4.744826,3.602656,2.3216019,1.0128404,2.0925813,3.8562386,4.961053,4.929506,4.6382794,3.8577597,4.7424884,3.700364,2.7477324,1.1807151,b'    903089961190844416'
"{'flux': array([6.736585 , 6.735323 , 6.734062 , ..., 4.2692094, 4.2692094,
       4.2692094], dtype=float32), 'ivar': array([0., 0., 0., ..., 0., 0., 0.], dtype=float32), 'lsf_sigma': array([0.       , 0.       , 0.       , ..., 0.6606282, 0.6606282,
       0.6606282], dtype=float32), 'lambda': array([ 3.7975193e+03,  3.7983938e+03,  3.7992686e+03, ...,
       -1.0000000e+00, -1.0000000e+00, -1.0000000e+00], dtype=float32), 'mask': array([ True,  True,  True, ...,  True,  True,  True])}",162.23254,27.973482,0.13411702,5.8651103e-06,False,5.522617,11.1978445,20.616043,29.954624,36.94127,2.5776494,4.744826,3.602656,2.3216019,1.0128404,4.2707453,11.213507,20.489286,29.602678,36.571415,3.8577597,4.7424884,3.700364,2.7477324,1.1807151,b'    903090236068751360'
"{'flux': array([-0.41492063, -0.41484565, -0.41477075, ...,  2.565751  ,
        2.565751  ,  2.565751  ], dtype=float32), 'ivar': array([0., 0., 0., ..., 0., 0., 0.], dtype=float32), 'lsf_sigma': array([0.        , 0.        , 0.        , ..., 0.66065025, 0.66065025,
       0.66065025], dtype=float32), 'lambda': array([ 3.7975193e+03,  3.7983938e+03,  3.7992686e+03, ...,
       -1.0000000e+00, -1.0000000e+00, -1.0000000e+00], dtype=float32), 'mask': array([ True,  True,  True, ...,  True,  True,  True])}",76.0561,16.82836,0.13491601,1.1888958e-05,False,3.1617227,7.5151753,16.081272,23.230595,29.593016,2.5776494,4.744826,3.602656,2.3216019,1.0128404,3.0214117,7.554235,15.780405,23.261992,29.490017,3.8577597,4.7424884,3.700364,2.7477324,1.1807151,b'    903090510946658304'
"{'flux': array([ 1.0313913,  1.0311939,  1.0309967, ..., -1.4824985, -1.4824985,
       -1.4824985], dtype=float32), 'ivar': array([0., 0., 0., ..., 0., 0., 0.], dtype=float32), 'lsf_sigma': array([0.       , 0.       , 0.       , ..., 0.6606893, 0.6606893,
       0.6606893], dtype=float32), 'lambda': array([ 3.7975193e+03,  3.7983938e+03,  3.7992686e+03, ...,
       -1.0000000e+00, -1.0000000e+00, -1.0000000e+00], dtype=float32), 'mask': array([ True,  True,  True, ...,  True,  True,  True])}",850.0,-3.0,0.030837663,8.190131e-06,False,1.7393398,3.8899949,5.6730585,6.607635,7.4034257,2.5776494,4.744826,3.602656,2.3216019,1.0128404,2.103606,3.8303568,5.655889,6.596035,7.762449,3.8577597,4.7424884,3.700364,2.7477324,1.1807151,b'    903090785824565248'
"{'flux': array([2.6194344, 2.6189563, 2.6184795, ..., 0.4289426, 0.4289426,
       0.4289426], dtype=float32), 'ivar': array([0., 0., 0., ..., 0., 0., 0.], dtype=float32), 'lsf_sigma': array([0.        , 0.        , 0.        , ..., 0.66070074, 0.66070074,
       0.66070074], dtype=float32), 'lambda': array([ 3.7975193e+03,  3.7983938e+03,  3.7992686e+03, ...,
       -1.0000000e+00, -1.0000000e+00, -1.0000000e+00], dtype=float32), 'mask': array([ True,  True,  True, ...,  True,  True,  True])}",0.0,52.186245,0.04313357,7.5646876e-06,False,2.5925515,4.805905,7.203904,9.12455,11.187587,2.5776494,4.744826,3.602656,2.3216019,1.0128404,2.3015676,4.75233,7.1348634,9.013872,11.296687,3.8577597,4.7424884,3.700364,2.7477324,1.1807151,b'    903091060702472192'
"{'flux': array([1.1208863, 1.1206864, 1.1204869, ..., 5.7773485, 5.7773485,
       5.7773485], dtype=float32), 'ivar': array([0., 0., 0., ..., 0., 0., 0.], dtype=float32), 'lsf_sigma': array([0.        , 0.        , 0.        , ..., 0.66076386, 0.66076386,
       0.66076386], dtype=float32), 'lambda': array([ 3.7975193e+03,  3.7983938e+03,  3.7992686e+03, ...,
       -1.0000000e+00, -1.0000000e+00, -1.0000000e+00], dtype=float32), 'mask': array([ True,  True,  True, ...,  True,  True,  True])}",134.9314,15.741217,0.15347326,7.753367e-06,False,5.3886914,12.6230955,27.436739,42.076626,52.84148,2.5776494,4.744826,3.602656,2.3216019,1.0128404,6.296593,12.584125,27.365135,42.22379,53.081524,3.8577597,4.7424884,3.700364,2.7477324,1.1807151,b'    903091610458286080'
"{'flux': array([0.8130618, 0.8129227, 0.8127839, ..., 0.5957129, 0.5957129,
       0.5957129], dtype=float32), 'ivar': array([0., 0., 0., ..., 0., 0., 0.], dtype=float32), 'lsf_sigma': array([0.        , 0.        , 0.        , ..., 0.66076946, 0.66076946,
       0.66076946], dtype=float32), 'lambda': array([ 3.7975193e+03,  3.7983938e+03,  3.7992686e+03, ...,
       -1.0000000e+00, -1.0000000e+00, -1.0000000e+00], dtype=float32), 'mask': array([ True,  True,  True, ...,  True,  True,  True])}",0.0,0.0,0.0004957059,9.086123e-05,False,5.015317,8.04513,11.999498,13.848035,14.818229,2.5776494,4.744826,3.602656,2.3216019,1.0128404,4.7861185,8.091149,11.861534,13.921651,14.309177,3.8577597,4.7424884,3.700364,2.7477324,1.1807151,b'    903091885336193024'
"{'flux': array([5.37373  , 5.372761 , 5.3717933, ..., 3.0804002, 3.0804002,
       3.0804002], dtype=float32), 'ivar': array([0., 0., 0., ..., 0., 0., 0.], dtype=float32), 'lsf_sigma': array([0.       , 0.       , 0.       , ..., 0.6607879, 0.6607879,
       0.6607879], dtype=float32), 'lambda': array([ 3.7975193e+03,  3.7983938e+03,  3.7992686e+03, ...,
       -1.0000000e+00, -1.0000000e+00, -1.0000000e+00], dtype=float32), 'mask': array([ True,  True,  True, ...,  True,  True,  True])}",111.16872,27.368427,0.023350732,5.463984e-06,False,8.573291,11.294043,15.079696,17.595848,20.251328,2.5776494,4.744826,3.602656,2.3216019,1.0128404,8.257462,11.241741,15.010032,17.505136,19.834873,3.8577597,4.7424884,3.700364,2.7477324,1.1807151,b'    903092160214099968'
"{'flux': array([-1.7235099, -1.7231765, -1.7228436, ..., -1.7275596, -1.7275596,
       -1.7275596], dtype=float32), 'ivar': array([0., 0., 0., ..., 0., 0., 0.], dtype=float32), 'lsf_sigma': array([0.     , 0.     , 0.     , ..., 0.66081, 0.66081, 0.66081],
      dtype=float32), 'lambda': array([ 3.7975193e+03,  3.7983938e+03,  3.7992686e+03, ...,
       -1.0000000e+00, -1.0000000e+00, -1.0000000e+00], dtype=float32), 'mask': array([ True,  True,  True, ...,  True,  True,  True])}",0.0,0.0,0.92244095,2.2456567,True,0.27294946,0.46426967,0.56188875,0.40103728,0.428118,2.5776494,4.744826,3.602656,2.3216019,1.0128404,0.42480037,0.4319523,0.54323286,0.30564708,0.8996974,3.8577597,4.7424884,3.700364,2.7477324,1.1807151,b'    903092435092006912'
"{'flux': array([ 0.5696964 ,  0.56959534,  0.5694945 , ..., -0.9192088 ,
       -0.9192088 , -0.9192088 ], dtype=float32), 'ivar': array([0., 0., 0., ..., 0., 0., 0.], dtype=float32), 'lsf_sigma': array([0.        , 0.        , 0.        , ..., 0.66084445, 0.66084445,
       0.66084445], dtype=float32), 'lambda': array([ 3.7975193e+03,  3.7983938e+03,  3.7992686e+03, ...,
       -1.0000000e+00, -1.0000000e+00, -1.0000000e+00], dtype=float32), 'mask': array([ True,  True,  True, ...,  True,  True,  True])}",0.0,30.329369,0.023325592,4.1556373e-06,False,2.6269796,3.5527432,3.8716834,3.6897678,4.2012157,2.5776494,4.744826,3.602656,2.3216019,1.0128404,2.0403073,2.802519,3.4907887,3.5352461,4.854245,3.8577597,4.7424884,3.700364,2.7477324,1.1807151,b'    903092709969913856'
"{'flux': array([-0.4116927 , -0.41162226, -0.41155195, ..., -0.28545046,
       -0.28545046, -0.28545046], dtype=float32), 'ivar': array([0., 0., 0., ..., 0., 0., 0.], dtype=float32), 'lsf_sigma': array([0.        , 0.        , 0.        , ..., 0.61859155, 0.61859155,
       0.61859155], dtype=float32), 'lambda': array([ 3.7975193e+03,  3.7983938e+03,  3.7992686e+03, ...,
       -1.0000000e+00, -1.0000000e+00, -1.0000000e+00], dtype=float32), 'mask': array([ True,  True,  True, ...,  True,  True,  True])}",850.0,-3.0,0.33881292,0.00010473731,True,-0.051612422,0.22924127,0.57602614,1.0171655,1.6726221,2.5776494,4.744826,3.602656,2.3216019,1.0128404,0.04115789,0.21085884,0.5275399,0.8850154,1.366799,3.8577597,4.7424884,3.700364,2.7477324,1.1807151,b'    903092984847820800'
"{'flux': array([1.7836881, 1.7834086, 1.7831297, ..., 4.7044086, 4.7044086,
       4.7044086], dtype=float32), 'ivar': array([0., 0., 0., ..., 0., 0., 0.], dtype=float32), 'lsf_sigma': array([0., 0., 0., ..., 0., 0., 0.], dtype=float32), 'lambda': array([ 3.7975193e+03,  3.7983938e+03,  3.7992686e+03, ...,
       -1.0000000e+00, -1.0000000e+00, -1.0000000e+00], dtype=float32), 'mask': array([ True,  True,  True, ...,  True,  True,  True])}",66.44487,17.709585,0.043611772,6.833181e-06,False,7.7014804,14.530706,23.870409,31.560772,37.491257,2.5776494,4.744826,3.602656,2.3216019,1.0128404,7.2515798,14.563516,23.711163,31.353683,37.599655,3.8577597,4.7424884,3.700364,2.7477324,1.1807151,b'    903093259725727744'
"{'flux': array([3.322504 , 3.3219702, 3.3214374, ..., 2.0106099, 2.0106099,
       2.0106099], dtype=float32), 'ivar': array([0., 0., 0., ..., 0., 0., 0.], dtype=float32), 'lsf_sigma': array([0., 0., 0., ..., 0., 0., 0.], dtype=float32), 'lambda': array([ 3.7975193e+03,  3.7983938e+03,  3.7992686e+03, ...,
       -1.0000000e+00, -1.0000000e+00, -1.0000000e+00], dtype=float32), 'mask': array([ True,  True,  True, ...,  True,  True,  True])}",0.0,42.37017,0.04338059,4.980872e-05,False,3.3430839,8.41556,16.9251,23.499157,28.990927,2.5776494,4.744826,3.602656,2.3216019,1.0128404,3.535804,8.377634,16.88369,23.417866,28.70668,3.8577597,4.7424884,3.700364,2.7477324,1.1807151,b'    903093809481541632'
"{'flux': array([4.138002 , 4.1373377, 4.1366754, ..., 3.6564977, 3.6564977,
       3.6564977], dtype=float32), 'ivar': array([0., 0., 0., ..., 0., 0., 0.], dtype=float32), 'lsf_sigma': array([0., 0., 0., ..., 0., 0., 0.], dtype=float32), 'lambda': array([ 3.7975193e+03,  3.7983938e+03,  3.7992686e+03, ...,
       -1.0000000e+00, -1.0000000e+00, -1.0000000e+00], dtype=float32), 'mask': array([ True,  True,  True, ...,  True,  True,  True])}",82.25447,13.245777,0.10736731,8.638406e-06,False,5.036719,11.6483345,22.650286,33.207394,42.59522,2.5776494,4.744826,3.602656,2.3216019,1.0128404,5.3517694,11.614317,22.490454,33.126667,41.4225,3.8577597,4.7424884,3.700364,2.7477324,1.1807151,b'    903094084359448576'
"{'flux': array([5.1388845, 5.1380825, 5.1372814, ..., 6.2322903, 6.2322903,
       6.2322903], dtype=float32), 'ivar': array([0., 0., 0., ..., 0., 0., 0.], dtype=float32), 'lsf_sigma': array([0., 0., 0., ..., 0., 0., 0.], dtype=float32), 'lambda': array([ 3.7975193e+03,  3.7983938e+03,  3.7992686e+03, ...,
       -1.0000000e+00, -1.0000000e+00, -1.0000000e+00], dtype=float32), 'mask': array([ True,  True,  True, ...,  True,  True,  True])}",142.09348,13.586916,0.137171,3.372062e-05,False,2.838148,8.345377,23.98602,38.628258,53.855667,2.5776494,4.744826,3.602656,2.3216019,1.0128404,2.6922967,8.320211,24.152628,38.48711,53.921967,3.8577597,4.7424884,3.700364,2.7477324,1.1807151,b'    903094359237355520'
"{'flux': array([ 1.5569084,  1.5566403,  1.5563726, ..., -1.2006292, -1.2006292,
       -1.2006292], dtype=float32), 'ivar': array([0., 0., 0., ..., 0., 0., 0.], dtype=float32), 'lsf_sigma': array([0., 0., 0., ..., 0., 0., 0.], dtype=float32), 'lambda': array([ 3.7975193e+03,  3.7983938e+03,  3.7992686e+03, ...,
       -1.0000000e+00, -1.0000000e+00, -1.0000000e+00], dtype=float32), 'mask': array([ True,  True,  True, ...,  True,  True,  True])}",0.0,0.0,-0.0005735503,0.09704094,False,1.3292218,2.480063,3.6775324,4.5065546,5.4961076,2.5776494,4.744826,3.602656,2.3216019,1.0128404,1.5681036,2.4447384,3.5687134,4.433967,4.954684,3.8577597,4.7424884,3.700364,2.7477324,1.1807151,b'    903094634115262464'
"{'flux': array([2.4647384, 2.4643652, 2.4639926, ..., 3.4528382, 3.4528382,
       3.4528382], dtype=float32), 'ivar': array([0., 0., 0., ..., 0., 0., 0.], dtype=float32), 'lsf_sigma': array([0., 0., 0., ..., 0., 0., 0.], dtype=float32), 'lambda': array([ 3.7975193e+03,  3.7983938e+03,  3.7992686e+03, ...,
       -1.0000000e+00, -1.0000000e+00, -1.0000000e+00], dtype=float32), 'mask': array([ True,  True,  True, ...,  True,  True,  True])}",0.0,22.638739,0.04385507,8.901209e-06,False,5.232156,10.691543,18.980427,26.262386,32.754185,2.5776494,4.744826,3.602656,2.3216019,1.0128404,4.7209873,10.67949,18.970469,26.222015,32.015327,3.8577597,4.7424884,3.700364,2.7477324,1.1807151,b'    903094908993169408'
"{'flux': array([1.6978698, 1.6976006, 1.697332 , ..., 2.3887143, 2.3887143,
       2.3887143], dtype=float32), 'ivar': array([0., 0., 0., ..., 0., 0., 0.], dtype=float32), 'lsf_sigma': array([0., 0., 0., ..., 0., 0., 0.], dtype=float32), 'lambda': array([ 3.7975193e+03,  3.7983938e+03,  3.7992686e+03, ...,
       -1.0000000e+00, -1.0000000e+00, -1.0000000e+00], dtype=float32), 'mask': array([ True,  True,  True, ...,  True,  True,  True])}",0.0,41.50597,0.00015536179,3.6829035e-05,False,2.1310337,6.4147973,13.591815,23.32112,35.087154,2.5776494,4.744826,3.602656,2.3216019,1.0128404,1.9922352,6.3381314,13.591637,23.11405,34.48394,3.8577597,4.7424884,3.700364,2.7477324,1.1807151,b'    903095183871076352'
"{'flux': array([4.0570436, 4.0563426, 4.055644 , ..., 7.1782947, 7.1782947,
       7.1782947], dtype=float32), 'ivar': array([0., 0., 0., ..., 0., 0., 0.], dtype=float32), 'lsf_sigma': array([0., 0., 0., ..., 0., 0., 0.], dtype=float32), 'lambda': array([ 3.7975193e+03,  3.7983938e+03,  3.7992686e+03, ...,
       -1.0000000e+00, -1.0000000e+00, -1.0000000e+00], dtype=float32), 'mask': array([ True,  True,  True, ...,  True,  True,  True])}",107.50753,12.061653,0.15735234,7.806582e-06,False,6.8835206,14.359248,29.48307,44.724392,57.6219,2.5776494,4.744826,3.602656,2.3216019,1.0128404,6.9140058,14.297474,29.398243,44.625946,57.309143,3.8577597,4.7424884,3.700364,2.7477324,1.1807151,b'    903095458748983296'
"{'flux': array([0.1952773 , 0.19524826, 0.19521928, ..., 0.9201104 , 0.9201104 ,
       0.9201104 ], dtype=float32), 'ivar': array([0., 0., 0., ..., 0., 0., 0.], dtype=float32), 'lsf_sigma': array([0., 0., 0., ..., 0., 0., 0.], dtype=float32), 'lambda': array([ 3.7975193e+03,  3.7983938e+03,  3.7992686e+03, ...,
       -1.0000000e+00, -1.0000000e+00, -1.0000000e+00], dtype=float32), 'mask': array([ True,  True,  True, ...,  True,  True,  True])}",76.37777,34.72522,0.06601144,2.1085036e-05,False,0.8850065,2.4635284,4.2474093,5.6371155,6.5401816,2.5776494,4.744826,3.602656,2.3216019,1.0128404,0.7901367,2.4647393,4.216964,5.6332226,6.235217,3.8577597,4.7424884,3.700364,2.7477324,1.1807151,b'    903095733626890240'
"{'flux': array([-0.23096052, -0.23092544, -0.23089044, ..., -0.3626318 ,
       -0.3626318 , -0.3626318 ], dtype=float32), 'ivar': array([0., 0., 0., ..., 0., 0., 0.], dtype=float32), 'lsf_sigma': array([0.       , 0.       , 1.0389624, ..., 0.       , 0.       ,
       0.       ], dtype=float32), 'lambda': array([ 3.7975193e+03,  3.7983938e+03,  3.7992686e+03, ...,
       -1.0000000e+00, -1.0000000e+00, -1.0000000e+00], dtype=float32), 'mask': array([ True,  True,  True, ...,  True,  True,  True])}",850.0,-3.0,0.5284643,9.450304e-05,True,-0.011179834,0.19303568,0.4769759,0.7112068,1.1908422,2.5776494,4.744826,3.602656,2.3216019,1.0128404,0.08743376,0.16685593,0.47702974,0.708108,1.0416497,3.8577597,4.7424884,3.700364,2.7477324,1.1807151,b'    903096008504797184'
"{'flux': array([ 1.081222  ,  1.0810534 ,  1.0808853 , ..., -0.44692722,
       -0.44692722, -0.44692722], dtype=float32), 'ivar': array([0., 0., 0., ..., 0., 0., 0.], dtype=float32), 'lsf_sigma': array([0.       , 0.       , 1.0389893, ..., 0.       , 0.       ,
       0.       ], dtype=float32), 'lambda': array([ 3.7975193e+03,  3.7983938e+03,  3.7992686e+03, ...,
       -1.0000000e+00, -1.0000000e+00, -1.0000000e+00], dtype=float32), 'mask': array([ True,  True,  True, ...,  True,  True,  True])}",224.28221,51.46584,0.19913381,8.918316e-06,False,2.2508473,4.4620943,8.084848,10.762958,11.978894,2.5776494,4.744826,3.602656,2.3216019,1.0128404,1.8996227,4.511419,7.927114,10.799378,11.420607,3.8577597,4.7424884,3.700364,2.7477324,1.1807151,b'    903096283382704128'
"{'flux': array([3.628467 , 3.6278875, 3.6273088, ..., 4.445533 , 4.445533 ,
       4.445533 ], dtype=float32), 'ivar': array([0., 0., 0., ..., 0., 0., 0.], dtype=float32), 'lsf_sigma': array([0.      , 0.      , 1.039022, ..., 0.      , 0.      , 0.      ],
      dtype=float32), 'lambda': array([ 3.7975193e+03,  3.7983938e+03,  3.7992686e+03, ...,
       -1.0000000e+00, -1.0000000e+00, -1.0000000e+00], dtype=float32), 'mask': array([ True,  True,  True, ...,  True,  True,  True])}",80.20562,15.034579,0.10793982,6.256207e-06,False,5.4716954,11.364778,20.415922,28.713903,35.108524,2.5776494,4.744826,3.602656,2.3216019,1.0128404,4.8639956,11.366179,20.373928,28.81689,34.24965,3.8577597,4.7424884,3.700364,2.7477324,1.1807151,b'    903096558260611072'
"{'flux': array([ 0.3657599 ,  0.3657033 ,  0.36564687, ..., -0.24070291,
       -0.24070291, -0.24070291], dtype=float32), 'ivar': array([0., 0., 0., ..., 0., 0., 0.], dtype=float32), 'lsf_sigma': array([0.       , 0.       , 1.0390612, ..., 0.       , 0.       ,
       0.       ], dtype=float32), 'lambda': array([ 3.7975193e+03,  3.7983938e+03,  3.7992686e+03, ...,
       -1.0000000e+00, -1.0000000e+00, -1.0000000e+00], dtype=float32), 'mask': array([ True,  True,  True, ...,  True,  True,  True])}",179.38617,69.40142,0.04344045,1.9255804e-05,False,1.3601929,3.3112552,5.7283864,7.446677,8.786282,2.5776494,4.744826,3.602656,2.3216019,1.0128404,1.4957502,3.2776332,5.6921806,7.345418,8.51332,3.8577597,4.7424884,3.700364,2.7477324,1.1807151,b'    903097108016424960'
"{'flux': array([4.780052 , 4.779283 , 4.778515 , ..., 4.9520583, 4.9520583,
       4.9520583], dtype=float32), 'ivar': array([0., 0., 0., ..., 0., 0., 0.], dtype=float32), 'lsf_sigma': array([0.      , 0.      , 1.039109, ..., 0.      , 0.      , 0.      ],
      dtype=float32), 'lambda': array([ 3.7975193e+03,  3.7983938e+03,  3.7992686e+03, ...,
       -1.0000000e+00, -1.0000000e+00, -1.0000000e+00], dtype=float32), 'mask': array([ True,  True,  True, ...,  True,  True,  True])}",42.482277,20.30856,0.1345077,7.4943896e-06,False,5.698101,14.603877,27.925327,41.083267,49.137093,2.5776494,4.744826,3.602656,2.3216019,1.0128404,5.633585,14.534006,27.75246,41.032207,48.53807,3.8577597,4.7424884,3.700364,2.7477324,1.1807151,b'    903097657772238848'
"{'flux': array([3.4902608, 3.4897046, 3.4891498, ..., 3.5792084, 3.5792084,
       3.5792084], dtype=float32), 'ivar': array([0., 0., 0., ..., 0., 0., 0.], dtype=float32), 'lsf_sigma': array([0.       , 0.       , 1.0391563, ..., 0.       , 0.       ,
       0.       ], dtype=float32), 'lambda': array([ 3.7975193e+03,  3.7983938e+03,  3.7992686e+03, ...,
       -1.0000000e+00, -1.0000000e+00, -1.0000000e+00], dtype=float32), 'mask': array([ True,  True,  True, ...,  True,  True,  True])}",50.29991,23.738245,0.07255008,6.7866877e-06,False,5.6614847,10.900125,17.053503,27.684122,29.111238,2.5776494,4.744826,3.602656,2.3216019,1.0128404,2.2340798,11.00494,17.017214,26.977818,29.90758,3.8577597,4.7424884,3.700364,2.7477324,1.1807151,b'    903098207528052736'
"{'flux': array([2.0724025, 2.0720205, 2.0716393, ..., 1.572354 , 1.572354 ,
       1.572354 ], dtype=float32), 'ivar': array([0., 0., 0., ..., 0., 0., 0.], dtype=float32), 'lsf_sigma': array([0.       , 0.       , 1.0971283, ..., 0.       , 0.       ,
       0.       ], dtype=float32), 'lambda': array([ 3.7975193e+03,  3.7983938e+03,  3.7992686e+03, ...,
       -1.0000000e+00, -1.0000000e+00, -1.0000000e+00], dtype=float32), 'mask': array([ True,  True,  True, ...,  True,  True,  True])}",542.5,187.91048,0.062049564,7.2507564e-06,False,2.5227327,5.0628557,7.5907903,9.363635,10.204091,2.5776494,4.744826,3.602656,2.3216019,1.0128404,1.5336871,5.106557,7.501846,9.339778,10.7517185,3.8577597,4.7424884,3.700364,2.7477324,1.1807151,b'    903099307039680512'
"{'flux': array([-1.7625589 , -1.7622287 , -1.761899  , ...,  0.58075994,
        0.58075994,  0.58075994], dtype=float32), 'ivar': array([0., 0., 0., ..., 0., 0., 0.], dtype=float32), 'lsf_sigma': array([0.       , 0.       , 1.0971433, ..., 0.       , 0.       ,
       0.       ], dtype=float32), 'lambda': array([ 3.7975193e+03,  3.7983938e+03,  3.7992686e+03, ...,
       -1.0000000e+00, -1.0000000e+00, -1.0000000e+00], dtype=float32), 'mask': array([ True,  True,  True, ...,  True,  True,  True])}",0.0,150.18344,0.06526224,5.677189e-06,False,2.5564816,5.217732,7.5433598,9.908793,10.670142,2.5776494,4.744826,3.602656,2.3216019,1.0128404,1.2679995,5.2479906,7.5341997,9.820076,11.35258,3.8577597,4.7424884,3.700364,2.7477324,1.1807151,b'    903099856795494400'
"{'flux': array([-0.1435839 , -0.14355613, -0.14352842, ...,  0.21083127,
        0.21083127,  0.21083127], dtype=float32), 'ivar': array([0., 0., 0., ..., 0., 0., 0.], dtype=float32), 'lsf_sigma': array([0.       , 0.       , 1.0971766, ..., 0.       , 0.       ,
       0.       ], dtype=float32), 'lambda': array([ 3.7975193e+03,  3.7983938e+03,  3.7992686e+03, ...,
       -1.0000000e+00, -1.0000000e+00, -1.0000000e+00], dtype=float32), 'mask': array([ True,  True,  True, ...,  True,  True,  True])}",0.0,92.222466,0.04212786,7.965411e-06,False,2.665447,4.913442,6.290003,6.9865384,5.435129,2.5776494,4.744826,3.602656,2.3216019,1.0128404,2.6818025,4.889582,6.2668037,6.807255,5.3888235,3.8577597,4.7424884,3.700364,2.7477324,1.1807151,b'    903100131673401344'
"{'flux': array([6.32963  , 6.328357 , 6.3270864, ..., 2.6146312, 2.6146312,
       2.6146312], dtype=float32), 'ivar': array([0., 0., 0., ..., 0., 0., 0.], dtype=float32), 'lsf_sigma': array([0., 0., 0., ..., 0., 0., 0.], dtype=float32), 'lambda': array([ 3.7975193e+03,  3.7983938e+03,  3.7992686e+03, ...,
       -1.0000000e+00, -1.0000000e+00, -1.0000000e+00], dtype=float32), 'mask': array([ True,  True,  True, ...,  True,  True,  True])}",88.79537,35.79947,0.06418298,6.5518498e-06,False,4.6312943,8.875142,11.874304,14.92051,16.259743,2.5776494,4.744826,3.602656,2.3216019,1.0128404,3.2831476,8.900357,11.817109,14.584686,16.680616,3.8577597,4.7424884,3.700364,2.7477324,1.1807151,b'    903100406551308288'
"{'flux': array([-1.3201394, -1.3198906, -1.3196422, ...,  2.96696  ,  2.96696  ,
        2.96696  ], dtype=float32), 'ivar': array([0., 0., 0., ..., 0., 0., 0.], dtype=float32), 'lsf_sigma': array([0.       , 0.       , 1.0972227, ..., 0.       , 0.       ,
       0.       ], dtype=float32), 'lambda': array([ 3.7975193e+03,  3.7983938e+03,  3.7992686e+03, ...,
       -1.0000000e+00, -1.0000000e+00, -1.0000000e+00], dtype=float32), 'mask': array([ True,  True,  True, ...,  True,  True,  True])}",80.62964,22.807161,0.13318028,7.7939585e-06,False,3.625265,7.7983313,12.644422,16.20504,18.543262,2.5776494,4.744826,3.602656,2.3216019,1.0128404,2.442222,7.843608,12.552109,16.19965,18.512777,3.8577597,4.7424884,3.700364,2.7477324,1.1807151,b'    903101231185029120'
"{'flux': array([1.2893784, 1.2891549, 1.2889317, ..., 2.9739192, 2.9739192,
       2.9739192], dtype=float32), 'ivar': array([0., 0., 0., ..., 0., 0., 0.], dtype=float32), 'lsf_sigma': array([0., 0., 0., ..., 0., 0., 0.], dtype=float32), 'lambda': array([ 3.7975193e+03,  3.7983938e+03,  3.7992686e+03, ...,
       -1.0000000e+00, -1.0000000e+00, -1.0000000e+00], dtype=float32), 'mask': array([ True,  True,  True, ...,  True,  True,  True])}",62.397243,24.878817,0.072351485,1.1373605e-05,False,3.0606558,6.6956477,11.9848585,16.573412,20.503622,2.5776494,4.744826,3.602656,2.3216019,1.0128404,2.7482617,6.6733823,11.920551,16.592571,19.804018,3.8577597,4.7424884,3.700364,2.7477324,1.1807151,b'    903101780940843008'
"{'flux': array([0.1644516 , 0.16441937, 0.16438721, ..., 3.923497  , 3.923497  ,
       3.923497  ], dtype=float32), 'ivar': array([0., 0., 0., ..., 0., 0., 0.], dtype=float32), 'lsf_sigma': array([0., 0., 0., ..., 0., 0., 0.], dtype=float32), 'lambda': array([ 3.7975193e+03,  3.7983938e+03,  3.7992686e+03, ...,
       -1.0000000e+00, -1.0000000e+00, -1.0000000e+00], dtype=float32), 'mask': array([ True,  True,  True, ...,  True,  True,  True])}",85.18612,33.83261,0.07485819,8.552594e-06,False,2.5490189,6.0140347,12.04071,17.062918,21.538837,2.5776494,4.744826,3.602656,2.3216019,1.0128404,1.8411511,6.074407,11.695659,17.179354,21.564922,3.8577597,4.7424884,3.700364,2.7477324,1.1807151,b'    903102055818749952'
"{'flux': array([-0.9549059, -0.9547305, -0.9545554, ...,  4.0038795,  4.0038795,
        4.0038795], dtype=float32), 'ivar': array([0., 0., 0., ..., 0., 0., 0.], dtype=float32), 'lsf_sigma': array([0., 0., 0., ..., 0., 0., 0.], dtype=float32), 'lambda': array([ 3.7975193e+03,  3.7983938e+03,  3.7992686e+03, ...,
       -1.0000000e+00, -1.0000000e+00, -1.0000000e+00], dtype=float32), 'mask': array([ True,  True,  True, ...,  True,  True,  True])}",71.31714,27.226402,0.2003602,1.9588579e-05,False,2.492406,4.9459114,11.47509,16.418945,20.136204,2.5776494,4.744826,3.602656,2.3216019,1.0128404,2.3484223,4.962628,11.35916,16.796162,20.314857,3.8577597,4.7424884,3.700364,2.7477324,1.1807151,b'    903102605574563840'
"{'flux': array([1.4510444, 1.4507471, 1.4504504, ..., 2.277631 , 2.277631 ,
       2.277631 ], dtype=float32), 'ivar': array([0., 0., 0., ..., 0., 0., 0.], dtype=float32), 'lsf_sigma': array([0., 0., 0., ..., 0., 0., 0.], dtype=float32), 'lambda': array([ 3.7975193e+03,  3.7983938e+03,  3.7992686e+03, ...,
       -1.0000000e+00, -1.0000000e+00, -1.0000000e+00], dtype=float32), 'mask': array([ True,  True,  True, ...,  True,  True,  True])}",125.03355,37.06923,0.066306986,5.4466996e-06,False,3.833436,8.063446,10.360482,14.563332,14.64464,2.5776494,4.744826,3.602656,2.3216019,1.0128404,-2.307498,7.9388285,10.311765,13.645753,16.77708,3.8577597,4.7424884,3.700364,2.7477324,1.1807151,b'    903109477522237440'
"{'flux': array([-0.31428045, -0.31421188, -0.31414342, ...,  1.8806734 ,
        1.8806734 ,  1.8806734 ], dtype=float32), 'ivar': array([0., 0., 0., ..., 0., 0., 0.], dtype=float32), 'lsf_sigma': array([0., 0., 0., ..., 0., 0., 0.], dtype=float32), 'lambda': array([ 3.7975193e+03,  3.7983938e+03,  3.7992686e+03, ...,
       -1.0000000e+00, -1.0000000e+00, -1.0000000e+00], dtype=float32), 'mask': array([ True,  True,  True, ...,  True,  True,  True])}",138.0861,29.074095,0.13290136,9.019247e-06,False,3.0033193,6.47133,11.461025,15.76609,19.47874,2.5776494,4.744826,3.602656,2.3216019,1.0128404,2.2123547,6.434716,11.431515,15.871244,19.151695,3.8577597,4.7424884,3.700364,2.7477324,1.1807151,b'    903109752400144384'
"{'flux': array([20.598242, 20.5941  , 20.589966, ..., 13.331927, 13.331927,
       13.331927], dtype=float32), 'ivar': array([0., 0., 0., ..., 0., 0., 0.], dtype=float32), 'lsf_sigma': array([0., 0., 0., ..., 0., 0., 0.], dtype=float32), 'lambda': array([ 3.7975193e+03,  3.7983938e+03,  3.7992686e+03, ...,
       -1.0000000e+00, -1.0000000e+00, -1.0000000e+00], dtype=float32), 'mask': array([ True,  True,  True, ...,  True,  True,  True])}",0.0,0.0,0.00010644043,1.4568535e-05,False,34.347828,58.846596,86.418045,101.05091,108.34071,2.5776494,4.744826,3.602656,2.3216019,1.0128404,31.620415,58.990177,86.2138,101.30948,106.53219,3.8577597,4.7424884,3.700364,2.7477324,1.1807151,b'    903110027278051328'
"{'flux': array([6.013386 , 6.0121837, 6.0109844, ..., 8.7911825, 8.7911825,
       8.7911825], dtype=float32), 'ivar': array([0., 0., 0., ..., 0., 0., 0.], dtype=float32), 'lsf_sigma': array([0., 0., 0., ..., 0., 0., 0.], dtype=float32), 'lambda': array([ 3.7975193e+03,  3.7983938e+03,  3.7992686e+03, ...,
       -1.0000000e+00, -1.0000000e+00, -1.0000000e+00], dtype=float32), 'mask': array([ True,  True,  True, ...,  True,  True,  True])}",42.803577,11.481857,0.15810576,1.4615707e-05,False,6.748746,13.400152,28.601933,41.768898,53.67702,2.5776494,4.744826,3.602656,2.3216019,1.0128404,6.1557,13.378881,28.516487,41.744537,52.36708,3.8577597,4.7424884,3.700364,2.7477324,1.1807151,b'    903110302155958272'
"{'flux': array([-2.1716626 , -2.1712034 , -2.170745  , ...,  0.90738297,
        0.90738297,  0.90738297], dtype=float32), 'ivar': array([0., 0., 0., ..., 0., 0., 0.], dtype=float32), 'lsf_sigma': array([0., 0., 0., ..., 0., 0., 0.], dtype=float32), 'lambda': array([ 3.7975193e+03,  3.7983938e+03,  3.7992686e+03, ...,
       -1.0000000e+00, -1.0000000e+00, -1.0000000e+00], dtype=float32), 'mask': array([ True,  True,  True, ...,  True,  True,  True])}",850.0,-3.0,0.12839532,1.6065418e-05,False,0.52593535,2.487533,4.36034,4.820223,4.6248345,2.5776494,4.744826,3.602656,2.3216019,1.0128404,-0.013883874,2.475436,4.2677927,5.072487,4.600514,3.8577597,4.7424884,3.700364,2.7477324,1.1807151,b'    903110577033865216'
"{'flux': array([2.7574203, 2.756826 , 2.7562327, ..., 4.435461 , 4.435461 ,
       4.435461 ], dtype=float32), 'ivar': array([0., 0., 0., ..., 0., 0., 0.], dtype=float32), 'lsf_sigma': array([0., 0., 0., ..., 0., 0., 0.], dtype=float32), 'lambda': array([ 3.7975193e+03,  3.7983938e+03,  3.7992686e+03, ...,
       -1.0000000e+00, -1.0000000e+00, -1.0000000e+00], dtype=float32), 'mask': array([ True,  True,  True, ...,  True,  True,  True])}",16.773775,23.27288,0.072722144,8.525934e-06,False,5.3830857,13.453774,23.697834,32.993515,37.74621,2.5776494,4.744826,3.602656,2.3216019,1.0128404,4.927844,13.512252,23.48038,33.084984,36.502342,3.8577597,4.7424884,3.700364,2.7477324,1.1807151,b'    903110851911772160'
"{'flux': array([5.7879386, 5.7867713, 5.7856064, ..., 3.6750333, 3.6750333,
       3.6750333], dtype=float32), 'ivar': array([0., 0., 0., ..., 0., 0., 0.], dtype=float32), 'lsf_sigma': array([0., 0., 0., ..., 0., 0., 0.], dtype=float32), 'lambda': array([ 3.7975193e+03,  3.7983938e+03,  3.7992686e+03, ...,
       -1.0000000e+00, -1.0000000e+00, -1.0000000e+00], dtype=float32), 'mask': array([ True,  True,  True, ...,  True,  True,  True])}",52.831154,91.503296,0.07755619,5.7728944e-06,False,5.358542,11.851069,19.34977,28.366264,30.112053,2.5776494,4.744826,3.602656,2.3216019,1.0128404,2.2509162,11.9733925,19.301754,28.024637,30.787483,3.8577597,4.7424884,3.700364,2.7477324,1.1807151,b'    903111401667586048'
"{'flux': array([2.1281176, 2.1276207, 2.1271243, ..., 3.7078397, 3.7078397,
       3.7078397], dtype=float32), 'ivar': array([0., 0., 0., ..., 0., 0., 0.], dtype=float32), 'lsf_sigma': array([0., 0., 0., ..., 0., 0., 0.], dtype=float32), 'lambda': array([ 3.7975193e+03,  3.7983938e+03,  3.7992686e+03, ...,
       -1.0000000e+00, -1.0000000e+00, -1.0000000e+00], dtype=float32), 'mask': array([ True,  True,  True, ...,  True,  True,  True])}",0.0,27.287706,0.16439834,6.7407773e-06,False,4.8077264,9.45269,15.874862,20.239956,23.312412,2.5776494,4.744826,3.602656,2.3216019,1.0128404,2.8314743,9.524732,15.586083,20.32812,22.445292,3.8577597,4.7424884,3.700364,2.7477324,1.1807151,b'    903111676545492992'
"{'flux': array([3.5844276, 3.5836084, 3.5827909, ..., 7.482137 , 7.482137 ,
       7.482137 ], dtype=float32), 'ivar': array([0., 0., 0., ..., 0., 0., 0.], dtype=float32), 'lsf_sigma': array([0., 0., 0., ..., 0., 0., 0.], dtype=float32), 'lambda': array([ 3.7975193e+03,  3.7983938e+03,  3.7992686e+03, ...,
       -1.0000000e+00, -1.0000000e+00, -1.0000000e+00], dtype=float32), 'mask': array([ True,  True,  True, ...,  True,  True,  True])}",98.105515,15.176619,0.12697625,4.5881616e-06,False,7.4349594,16.300331,29.058487,40.90271,49.33831,2.5776494,4.744826,3.602656,2.3216019,1.0128404,5.8231807,16.311634,29.036266,40.988052,48.131638,3.8577597,4.7424884,3.700364,2.7477324,1.1807151,b'    903112226301306880'
"{'flux': array([1.4123846 , 1.4120656 , 1.4117469 , ..., 0.55140185, 0.55140185,
       0.55140185], dtype=float32), 'ivar': array([0., 0., 0., ..., 0., 0., 0.], dtype=float32), 'lsf_sigma': array([0., 0., 0., ..., 0., 0., 0.], dtype=float32), 'lambda': array([ 3.7975193e+03,  3.7983938e+03,  3.7992686e+03, ...,
       -1.0000000e+00, -1.0000000e+00, -1.0000000e+00], dtype=float32), 'mask': array([ True,  True,  True, ...,  True,  True,  True])}",850.0,-3.0,0.043070402,7.285498e-05,True,0.55462277,1.1146308,2.8060694,4.3247857,5.8067193,2.5776494,4.744826,3.602656,2.3216019,1.0128404,0.2053524,1.0884825,2.8050165,4.264275,5.7116766,3.8577597,4.7424884,3.700364,2.7477324,1.1807151,b'    903112501179213824'
"{'flux': array([0.98214275, 0.98192763, 0.9817128 , ..., 2.0745804 , 2.0745804 ,
       2.0745804 ], dtype=float32), 'ivar': array([0., 0., 0., ..., 0., 0., 0.], dtype=float32), 'lsf_sigma': array([0., 0., 0., ..., 0., 0., 0.], dtype=float32), 'lambda': array([ 3.7975193e+03,  3.7983938e+03,  3.7992686e+03, ...,
       -1.0000000e+00, -1.0000000e+00, -1.0000000e+00], dtype=float32), 'mask': array([ True,  True,  True, ...,  True,  True,  True])}",22.73235,67.64255,0.07229713,6.6870716e-06,False,2.206397,5.113152,8.414359,11.77283,14.19418,2.5776494,4.744826,3.602656,2.3216019,1.0128404,0.49458417,5.176836,8.422728,11.6983795,13.831957,3.8577597,4.7424884,3.700364,2.7477324,1.1807151,b'    903112776057120768'
"{'flux': array([1.7064196, 1.7060109, 1.705603 , ..., 1.8060572, 1.8060572,
       1.8060572], dtype=float32), 'ivar': array([0., 0., 0., ..., 0., 0., 0.], dtype=float32), 'lsf_sigma': array([0., 0., 0., ..., 0., 0., 0.], dtype=float32), 'lambda': array([ 3.7975193e+03,  3.7983938e+03,  3.7992686e+03, ...,
       -1.0000000e+00, -1.0000000e+00, -1.0000000e+00], dtype=float32), 'mask': array([ True,  True,  True, ...,  True,  True,  True])}",0.0,0.0,0.00012908253,0.00010352631,True,3.671577,5.9581785,9.238492,10.506626,10.357204,2.5776494,4.744826,3.602656,2.3216019,1.0128404,2.959554,5.9288583,9.153429,10.348777,9.99238,3.8577597,4.7424884,3.700364,2.7477324,1.1807151,b'    903113050935027712'
"{'flux': array([-0.80545   , -0.80525947, -0.8050692 , ...,  3.1132858 ,
        3.1132858 ,  3.1132858 ], dtype=float32), 'ivar': array([0., 0., 0., ..., 0., 0., 0.], dtype=float32), 'lsf_sigma': array([0., 0., 0., ..., 0., 0., 0.], dtype=float32), 'lambda': array([ 3.7975193e+03,  3.7983938e+03,  3.7992686e+03, ...,
       -1.0000000e+00, -1.0000000e+00, -1.0000000e+00], dtype=float32), 'mask': array([ True,  True,  True, ...,  True,  True,  True])}",13.707956,29.566326,0.07147019,1.5560805e-05,False,1.9555078,4.910111,9.2862425,12.32842,15.240442,2.5776494,4.744826,3.602656,2.3216019,1.0128404,1.6732893,4.9315925,9.12213,12.315782,14.193169,3.8577597,4.7424884,3.700364,2.7477324,1.1807151,b'    903113325812934656'
"{'flux': array([7.820769, 7.819084, 7.817404, ..., 7.252559, 7.252559, 7.252559],
      dtype=float32), 'ivar': array([0., 0., 0., ..., 0., 0., 0.], dtype=float32), 'lsf_sigma': array([0., 0., 0., ..., 0., 0., 0.], dtype=float32), 'lambda': array([ 3.7975193e+03,  3.7983938e+03,  3.7992686e+03, ...,
       -1.0000000e+00, -1.0000000e+00, -1.0000000e+00], dtype=float32), 'mask': array([ True,  True,  True, ...,  True,  True,  True])}",108.06311,12.97622,0.14948265,7.650822e-06,False,5.316542,12.218766,25.343668,37.01448,45.47046,2.5776494,4.744826,3.602656,2.3216019,1.0128404,5.633438,12.158335,25.323683,37.275154,45.293297,3.8577597,4.7424884,3.700364,2.7477324,1.1807151,b'    903113600690841600'
"{'flux': array([3.6718366, 3.6710536, 3.670272 , ..., 4.891527 , 4.891527 ,
       4.891527 ], dtype=float32), 'ivar': array([0., 0., 0., ..., 0., 0., 0.], dtype=float32), 'lsf_sigma': array([0., 0., 0., ..., 0., 0., 0.], dtype=float32), 'lambda': array([ 3.7975193e+03,  3.7983938e+03,  3.7992686e+03, ...,
       -1.0000000e+00, -1.0000000e+00, -1.0000000e+00], dtype=float32), 'mask': array([ True,  True,  True, ...,  True,  True,  True])}",60.752296,15.036903,0.14950386,7.536828e-06,False,4.517605,9.008323,17.72624,25.962147,31.2481,2.5776494,4.744826,3.602656,2.3216019,1.0128404,4.3801346,8.977859,17.777102,25.711512,30.909332,3.8577597,4.7424884,3.700364,2.7477324,1.1807151,b'    903113875568748544'
"{'flux': array([4.795094 , 4.794095 , 4.793098 , ..., 2.7065206, 2.7065206,
       2.7065206], dtype=float32), 'ivar': array([0., 0., 0., ..., 0., 0., 0.], dtype=float32), 'lsf_sigma': array([0., 0., 0., ..., 0., 0., 0.], dtype=float32), 'lambda': array([ 3.7975193e+03,  3.7983938e+03,  3.7992686e+03, ...,
       -1.0000000e+00, -1.0000000e+00, -1.0000000e+00], dtype=float32), 'mask': array([ True,  True,  True, ...,  True,  True,  True])}",0.0,41.24314,0.13466077,6.7063497e-06,False,3.6641352,6.7873926,11.110163,14.460734,16.604084,2.5776494,4.744826,3.602656,2.3216019,1.0128404,1.7313443,6.8169036,11.073777,14.469506,16.049423,3.8577597,4.7424884,3.700364,2.7477324,1.1807151,b'    903114150446655488'
"{'flux': array([0.5964103 , 0.5962784 , 0.5961467 , ..., 0.47335348, 0.47335348,
       0.47335348], dtype=float32), 'ivar': array([0., 0., 0., ..., 0., 0., 0.], dtype=float32), 'lsf_sigma': array([0., 0., 0., ..., 0., 0., 0.], dtype=float32), 'lambda': array([ 3.7975193e+03,  3.7983938e+03,  3.7992686e+03, ...,
       -1.0000000e+00, -1.0000000e+00, -1.0000000e+00], dtype=float32), 'mask': array([ True,  True,  True, ...,  True,  True,  True])}",0.0,0.0,-0.000118155025,0.14440839,True,0.4167763,0.2526574,0.38803658,0.4858459,0.45219326,2.5776494,4.744826,3.602656,2.3216019,1.0128404,0.2126898,0.23062631,0.35420084,0.34523606,0.20657732,3.8577597,4.7424884,3.700364,2.7477324,1.1807151,b'    903114425324562432'
"{'flux': array([6.9153166, 6.913812 , 6.912311 , ..., 3.5086908, 3.5086908,
       3.5086908], dtype=float32), 'ivar': array([0., 0., 0., ..., 0., 0., 0.], dtype=float32), 'lsf_sigma': array([0., 0., 0., ..., 0., 0., 0.], dtype=float32), 'lambda': array([ 3.7975193e+03,  3.7983938e+03,  3.7992686e+03, ...,
       -1.0000000e+00, -1.0000000e+00, -1.0000000e+00], dtype=float32), 'mask': array([ True,  True,  True, ...,  True,  True,  True])}",0.0,23.542143,0.12646107,7.507004e-06,False,7.334516,11.781041,16.848904,22.213781,22.819532,2.5776494,4.744826,3.602656,2.3216019,1.0128404,2.4444115,11.868537,16.783945,21.504683,23.21864,3.8577597,4.7424884,3.700364,2.7477324,1.1807151,b'    903114700202469376'
"{'flux': array([10.490337, 10.487829, 10.485325, ...,  7.92458 ,  7.92458 ,
        7.92458 ], dtype=float32), 'ivar': array([0., 0., 0., ..., 0., 0., 0.], dtype=float32), 'lsf_sigma': array([0., 0., 0., ..., 0., 0., 0.], dtype=float32), 'lambda': array([ 3.7975193e+03,  3.7983938e+03,  3.7992686e+03, ...,
       -1.0000000e+00, -1.0000000e+00, -1.0000000e+00], dtype=float32), 'mask': array([ True,  True,  True, ...,  True,  True,  True])}",93.772,12.979208,0.15547596,8.025427e-06,False,8.159565,14.558846,29.73029,44.86905,57.485695,2.5776494,4.744826,3.602656,2.3216019,1.0128404,7.419967,14.503824,29.623545,44.565033,56.50934,3.8577597,4.7424884,3.700364,2.7477324,1.1807151,b'    903120472638515200'
"{'flux': array([0.31008998, 0.31001663, 0.30994335, ..., 2.5593836 , 2.5593836 ,
       2.5593836 ], dtype=float32), 'ivar': array([0., 0., 0., ..., 0., 0., 0.], dtype=float32), 'lsf_sigma': array([0., 0., 0., ..., 0., 0., 0.], dtype=float32), 'lambda': array([ 3.7975193e+03,  3.7983938e+03,  3.7992686e+03, ...,
       -1.0000000e+00, -1.0000000e+00, -1.0000000e+00], dtype=float32), 'mask': array([ True,  True,  True, ...,  True,  True,  True])}",0.0,39.24682,0.147754,6.2166164e-06,False,3.4454882,8.283087,12.44116,16.098015,16.847876,2.5776494,4.744826,3.602656,2.3216019,1.0128404,1.9129219,8.27951,12.514298,15.823615,16.764687,3.8577597,4.7424884,3.700364,2.7477324,1.1807151,b'    903121022394329088'
"{'flux': array([ 3.1603289,  3.1595633,  3.1587987, ..., 10.280005 , 10.280005 ,
       10.280005 ], dtype=float32), 'ivar': array([0., 0., 0., ..., 0., 0., 0.], dtype=float32), 'lsf_sigma': array([0., 0., 0., ..., 0., 0., 0.], dtype=float32), 'lambda': array([ 3.7975193e+03,  3.7983938e+03,  3.7992686e+03, ...,
       -1.0000000e+00, -1.0000000e+00, -1.0000000e+00], dtype=float32), 'mask': array([ True,  True,  True, ...,  True,  True,  True])}",127.42514,10.632931,0.15493469,9.496723e-06,False,5.4237947,15.482754,36.358868,57.88258,74.902466,2.5776494,4.744826,3.602656,2.3216019,1.0128404,6.634453,15.3583145,36.389782,57.369373,74.421616,3.8577597,4.7424884,3.700364,2.7477324,1.1807151,b'    903121572150142976'
"{'flux': array([0.9293628 , 0.92913765, 0.928913  , ..., 0.26767504, 0.26767504,
       0.26767504], dtype=float32), 'ivar': array([0., 0., 0., ..., 0., 0., 0.], dtype=float32), 'lsf_sigma': array([0., 0., 0., ..., 0., 0., 0.], dtype=float32), 'lambda': array([ 3.7975193e+03,  3.7983938e+03,  3.7992686e+03, ...,
       -1.0000000e+00, -1.0000000e+00, -1.0000000e+00], dtype=float32), 'mask': array([ True,  True,  True, ...,  True,  True,  True])}",0.0,0.0,0.8751931,0.83137834,False,0.1505599,0.1998859,0.17978889,0.39275044,0.76452357,2.5776494,4.744826,3.602656,2.3216019,1.0128404,0.047055118,0.16924804,0.17016363,0.3652058,0.33608302,3.8577597,4.7424884,3.700364,2.7477324,1.1807151,b'    903121847028049920'
"{'flux': array([0.7662579 , 0.76606864, 0.7658797 , ..., 1.8367139 , 1.8367139 ,
       1.8367139 ], dtype=float32), 'ivar': array([0., 0., 0., ..., 0., 0., 0.], dtype=float32), 'lsf_sigma': array([0., 0., 0., ..., 0., 0., 0.], dtype=float32), 'lambda': array([ 3.7975193e+03,  3.7983938e+03,  3.7992686e+03, ...,
       -1.0000000e+00, -1.0000000e+00, -1.0000000e+00], dtype=float32), 'mask': array([ True,  True,  True, ...,  True,  True,  True])}",0.0,565.6854,0.029669086,1.2368058e-05,False,2.9774485,5.635921,8.185191,10.661561,12.670081,2.5776494,4.744826,3.602656,2.3216019,1.0128404,3.5763373,5.579827,8.258129,10.476327,11.826074,3.8577597,4.7424884,3.700364,2.7477324,1.1807151,b'    903122121905956864'
"{'flux': array([8.213017 , 8.2110195, 8.209025 , ..., 4.8319187, 4.8319187,
       4.8319187], dtype=float32), 'ivar': array([0., 0., 0., ..., 0., 0., 0.], dtype=float32), 'lsf_sigma': array([0., 0., 0., ..., 0., 0., 0.], dtype=float32), 'lambda': array([ 3.7975193e+03,  3.7983938e+03,  3.7992686e+03, ...,
       -1.0000000e+00, -1.0000000e+00, -1.0000000e+00], dtype=float32), 'mask': array([ True,  True,  True, ...,  True,  True,  True])}",61.930687,38.176483,0.12730789,4.5819816e-06,False,6.880473,13.314792,20.250122,27.612041,31.680025,2.5776494,4.744826,3.602656,2.3216019,1.0128404,4.4024706,13.300415,20.3419,27.33016,31.524775,3.8577597,4.7424884,3.700364,2.7477324,1.1807151,b'    903122396783863808'
"{'flux': array([ 4.026193 ,  4.025246 ,  4.0243006, ..., 10.558087 , 10.558087 ,
       10.558087 ], dtype=float32), 'ivar': array([0., 0., 0., ..., 0., 0., 0.], dtype=float32), 'lsf_sigma': array([0., 0., 0., ..., 0., 0., 0.], dtype=float32), 'lambda': array([ 3.7975193e+03,  3.7983938e+03,  3.7992686e+03, ...,
       -1.0000000e+00, -1.0000000e+00, -1.0000000e+00], dtype=float32), 'mask': array([ True,  True,  True, ...,  True,  True,  True])}",158.33682,8.916798,0.15449503,2.7766786e-05,False,2.9620535,9.9683695,30.838259,49.45072,67.980774,2.5776494,4.744826,3.602656,2.3216019,1.0128404,2.8116689,9.95225,30.77076,49.065136,67.350586,3.8577597,4.7424884,3.700364,2.7477324,1.1807151,b'    903122671661770752'
"{'flux': array([2.8896773, 2.8889737, 2.8882713, ..., 1.835799 , 1.835799 ,
       1.835799 ], dtype=float32), 'ivar': array([0., 0., 0., ..., 0., 0., 0.], dtype=float32), 'lsf_sigma': array([0., 0., 0., ..., 0., 0., 0.], dtype=float32), 'lambda': array([ 3.7975193e+03,  3.7983938e+03,  3.7992686e+03, ...,
       -1.0000000e+00, -1.0000000e+00, -1.0000000e+00], dtype=float32), 'mask': array([ True,  True,  True, ...,  True,  True,  True])}",0.0,53.783413,0.03902323,5.1421875e-06,False,4.7228804,6.5784283,8.319922,10.979315,10.769568,2.5776494,4.744826,3.602656,2.3216019,1.0128404,3.3955908,6.5151825,8.460538,10.411711,11.601362,3.8577597,4.7424884,3.700364,2.7477324,1.1807151,b'    903122946539677696'
"{'flux': array([1.4198987, 1.4195457, 1.4191929, ..., 8.4196005, 8.4196005,
       8.4196005], dtype=float32), 'ivar': array([0., 0., 0., ..., 0., 0., 0.], dtype=float32), 'lsf_sigma': array([0., 0., 0., ..., 0., 0., 0.], dtype=float32), 'lambda': array([ 3.7975193e+03,  3.7983938e+03,  3.7992686e+03, ...,
       -1.0000000e+00, -1.0000000e+00, -1.0000000e+00], dtype=float32), 'mask': array([ True,  True,  True, ...,  True,  True,  True])}",173.75217,13.877412,0.15508193,1.2427581e-05,False,3.7215154,11.24788,28.495796,45.85167,59.590717,2.5776494,4.744826,3.602656,2.3216019,1.0128404,4.6820636,11.101459,28.606054,44.971806,59.062717,3.8577597,4.7424884,3.700364,2.7477324,1.1807151,b'    903123221417584640'
"{'flux': array([2.6871943, 2.6865394, 2.6858857, ..., 3.7188988, 3.7188988,
       3.7188988], dtype=float32), 'ivar': array([0., 0., 0., ..., 0., 0., 0.], dtype=float32), 'lsf_sigma': array([0., 0., 0., ..., 0., 0., 0.], dtype=float32), 'lambda': array([ 3.7975193e+03,  3.7983938e+03,  3.7992686e+03, ...,
       -1.0000000e+00, -1.0000000e+00, -1.0000000e+00], dtype=float32), 'mask': array([ True,  True,  True, ...,  True,  True,  True])}",146.7254,27.419619,0.20177917,1.1525556e-05,False,4.48541,9.12169,17.975426,26.012463,31.888197,2.5776494,4.744826,3.602656,2.3216019,1.0128404,4.137853,9.081511,18.058323,25.978008,30.790764,3.8577597,4.7424884,3.700364,2.7477324,1.1807151,b'    903123771173398528'
"{'flux': array([0.29020745, 0.290138  , 0.29006866, ..., 3.1261227 , 3.1261227 ,
       3.1261227 ], dtype=float32), 'ivar': array([0., 0., 0., ..., 0., 0., 0.], dtype=float32), 'lsf_sigma': array([0., 0., 0., ..., 0., 0., 0.], dtype=float32), 'lambda': array([ 3.7975193e+03,  3.7983938e+03,  3.7992686e+03, ...,
       -1.0000000e+00, -1.0000000e+00, -1.0000000e+00], dtype=float32), 'mask': array([ True,  True,  True, ...,  True,  True,  True])}",51.99418,37.90501,0.07642587,8.624708e-06,False,2.5990982,7.2665105,12.90046,18.704588,22.091148,2.5776494,4.744826,3.602656,2.3216019,1.0128404,2.2683575,7.2511,12.904382,18.396816,21.59265,3.8577597,4.7424884,3.700364,2.7477324,1.1807151,b'    903124046051305472'
"{'flux': array([4.152543, 4.151552, 4.150563, ..., 4.584565, 4.584565, 4.584565],
      dtype=float32), 'ivar': array([0., 0., 0., ..., 0., 0., 0.], dtype=float32), 'lsf_sigma': array([0., 0., 0., ..., 0., 0., 0.], dtype=float32), 'lambda': array([ 3.7975193e+03,  3.7983938e+03,  3.7992686e+03, ...,
       -1.0000000e+00, -1.0000000e+00, -1.0000000e+00], dtype=float32), 'mask': array([ True,  True,  True, ...,  True,  True,  True])}",102.52395,17.962793,0.15377362,8.553084e-06,False,4.2398314,8.77423,16.029005,23.350113,27.795359,2.5776494,4.744826,3.602656,2.3216019,1.0128404,4.096372,8.752526,16.129246,23.182764,27.643192,3.8577597,4.7424884,3.700364,2.7477324,1.1807151,b'    903124595807119360'
"{'flux': array([4.5399146, 4.538832 , 4.5377507, ..., 4.604048 , 4.604048 ,
       4.604048 ], dtype=float32), 'ivar': array([0., 0., 0., ..., 0., 0., 0.], dtype=float32), 'lsf_sigma': array([0., 0., 0., ..., 0., 0., 0.], dtype=float32), 'lambda': array([ 3.7975193e+03,  3.7983938e+03,  3.7992686e+03, ...,
       -1.0000000e+00, -1.0000000e+00, -1.0000000e+00], dtype=float32), 'mask': array([ True,  True,  True, ...,  True,  True,  True])}",38.325893,18.607796,0.14487818,7.0510428e-06,False,5.1307197,10.738339,17.980484,25.09722,28.977192,2.5776494,4.744826,3.602656,2.3216019,1.0128404,3.9527566,10.719322,18.09227,24.808601,28.964012,3.8577597,4.7424884,3.700364,2.7477324,1.1807151,b'    903124870685026304'
"{'flux': array([3.7498698, 3.7489674, 3.7480664, ..., 7.056303 , 7.056303 ,
       7.056303 ], dtype=float32), 'ivar': array([0., 0., 0., ..., 0., 0., 0.], dtype=float32), 'lsf_sigma': array([0., 0., 0., ..., 0., 0., 0.], dtype=float32), 'lambda': array([ 3.7975193e+03,  3.7983938e+03,  3.7992686e+03, ...,
       -1.0000000e+00, -1.0000000e+00, -1.0000000e+00], dtype=float32), 'mask': array([ True,  True,  True, ...,  True,  True,  True])}",130.41751,12.482299,0.15635636,1.0807898e-05,False,4.226508,11.334666,29.125744,46.677605,61.293163,2.5776494,4.744826,3.602656,2.3216019,1.0128404,5.2293997,11.249697,29.10725,46.45381,61.08346,3.8577597,4.7424884,3.700364,2.7477324,1.1807151,b'    903125145562933248'
"{'flux': array([2.8267856, 2.826099 , 2.8254132, ..., 5.0374064, 5.0374064,
       5.0374064], dtype=float32), 'ivar': array([0., 0., 0., ..., 0., 0., 0.], dtype=float32), 'lsf_sigma': array([0., 0., 0., ..., 0., 0., 0.], dtype=float32), 'lambda': array([ 3.7975193e+03,  3.7983938e+03,  3.7992686e+03, ...,
       -1.0000000e+00, -1.0000000e+00, -1.0000000e+00], dtype=float32), 'mask': array([ True,  True,  True, ...,  True,  True,  True])}",57.9964,27.300613,0.07249979,8.854633e-06,False,3.3595707,8.622599,17.098663,26.14406,32.58058,2.5776494,4.744826,3.602656,2.3216019,1.0128404,2.6087725,8.632569,17.131292,26.040798,31.793846,3.8577597,4.7424884,3.700364,2.7477324,1.1807151,b'    903125420440840192'
"{'flux': array([2.0942316, 2.0937405, 2.0932505, ..., 4.160169 , 4.160169 ,
       4.160169 ], dtype=float32), 'ivar': array([0., 0., 0., ..., 0., 0., 0.], dtype=float32), 'lsf_sigma': array([0., 0., 0., ..., 0., 0., 0.], dtype=float32), 'lambda': array([ 3.7975193e+03,  3.7983938e+03,  3.7992686e+03, ...,
       -1.0000000e+00, -1.0000000e+00, -1.0000000e+00], dtype=float32), 'mask': array([ True,  True,  True, ...,  True,  True,  True])}",62.02215,36.365986,0.15360683,8.46548e-06,False,3.8136961,7.349168,13.273733,19.88812,24.757694,2.5776494,4.744826,3.602656,2.3216019,1.0128404,3.2114487,7.345949,13.426659,19.562181,24.278915,3.8577597,4.7424884,3.700364,2.7477324,1.1807151,b'    903125695318747136'
"{'flux': array([5.7643766, 5.762898 , 5.761421 , ..., 5.424443 , 5.424443 ,
       5.424443 ], dtype=float32), 'ivar': array([0., 0., 0., ..., 0., 0., 0.], dtype=float32), 'lsf_sigma': array([0., 0., 0., ..., 0., 0., 0.], dtype=float32), 'lambda': array([ 3.7975193e+03,  3.7983938e+03,  3.7992686e+03, ...,
       -1.0000000e+00, -1.0000000e+00, -1.0000000e+00], dtype=float32), 'mask': array([ True,  True,  True, ...,  True,  True,  True])}",13.594092,37.42242,0.069324784,7.584056e-06,False,6.2908583,13.526676,23.368965,33.11833,37.97679,2.5776494,4.744826,3.602656,2.3216019,1.0128404,4.5888352,13.550159,23.317524,33.04895,38.035984,3.8577597,4.7424884,3.700364,2.7477324,1.1807151,b'    903131742632699904'
"{'flux': array([ 3.700149  ,  3.6991758 ,  3.6982043 , ..., -0.61525357,
       -0.61525357, -0.61525357], dtype=float32), 'ivar': array([0., 0., 0., ..., 0., 0., 0.], dtype=float32), 'lsf_sigma': array([0., 0., 0., ..., 0., 0., 0.], dtype=float32), 'lambda': array([ 3.7975193e+03,  3.7983938e+03,  3.7992686e+03, ...,
       -1.0000000e+00, -1.0000000e+00, -1.0000000e+00], dtype=float32), 'mask': array([ True,  True,  True, ...,  True,  True,  True])}",0.0,0.0,0.77682346,2.8978498e-05,True,1.2446015,0.39839634,0.48073614,0.7601406,-0.49653986,2.5776494,4.744826,3.602656,2.3216019,1.0128404,0.29256257,0.34291127,0.5876985,0.63828355,-0.68996567,3.8577597,4.7424884,3.700364,2.7477324,1.1807151,b'    903132017510606848'
"{'flux': array([3.649293 , 3.6483462, 3.6474009, ..., 4.487239 , 4.487239 ,
       4.487239 ], dtype=float32), 'ivar': array([0., 0., 0., ..., 0., 0., 0.], dtype=float32), 'lsf_sigma': array([0., 0., 0., ..., 0., 0., 0.], dtype=float32), 'lambda': array([ 3.7975193e+03,  3.7983938e+03,  3.7992686e+03, ...,
       -1.0000000e+00, -1.0000000e+00, -1.0000000e+00], dtype=float32), 'mask': array([ True,  True,  True, ...,  True,  True,  True])}",97.970535,25.228937,0.1382702,9.286259e-06,False,4.4220295,8.424986,14.936704,21.028625,24.399218,2.5776494,4.744826,3.602656,2.3216019,1.0128404,3.2322025,8.373658,14.979607,20.97094,24.371689,3.8577597,4.7424884,3.700364,2.7477324,1.1807151,b'    903132567266420736'
"{'flux': array([ 4.8715982 ,  4.870335  ,  4.8690734 , ..., -0.08331464,
       -0.08331464, -0.08331464], dtype=float32), 'ivar': array([0., 0., 0., ..., 0., 0., 0.], dtype=float32), 'lsf_sigma': array([0., 0., 0., ..., 0., 0., 0.], dtype=float32), 'lambda': array([ 3.7975193e+03,  3.7983938e+03,  3.7992686e+03, ...,
       -1.0000000e+00, -1.0000000e+00, -1.0000000e+00], dtype=float32), 'mask': array([ True,  True,  True, ...,  True,  True,  True])}",96.53535,30.00762,0.10462556,1.544485e-05,False,2.8620327,4.2924733,7.4015813,9.962191,10.782823,2.5776494,4.744826,3.602656,2.3216019,1.0128404,1.4512678,4.23745,7.4733005,9.73261,10.51143,3.8577597,4.7424884,3.700364,2.7477324,1.1807151,b'    903132842144327680'
"{'flux': array([19.837795 , 19.832827 , 19.827864 , ...,  6.2075686,  6.2075686,
        6.2075686], dtype=float32), 'ivar': array([0., 0., 0., ..., 0., 0., 0.], dtype=float32), 'lsf_sigma': array([0., 0., 0., ..., 0., 0., 0.], dtype=float32), 'lambda': array([ 3.7975193e+03,  3.7983938e+03,  3.7992686e+03, ...,
       -1.0000000e+00, -1.0000000e+00, -1.0000000e+00], dtype=float32), 'mask': array([ True,  True,  True, ...,  True,  True,  True])}",18.480238,24.914986,0.023411794,4.6921987e-06,False,17.268019,22.447699,31.523167,38.196342,42.144615,2.5776494,4.744826,3.602656,2.3216019,1.0128404,15.4775305,22.29917,31.553211,37.8228,41.680683,3.8577597,4.7424884,3.700364,2.7477324,1.1807151,b'    903133666778048512'
"{'flux': array([3.3982396 , 3.3974042 , 3.3965702 , ..., 0.49989113, 0.49989113,
       0.49989113], dtype=float32), 'ivar': array([0., 0., 0., ..., 0., 0., 0.], dtype=float32), 'lsf_sigma': array([0., 0., 0., ..., 0., 0., 0.], dtype=float32), 'lambda': array([ 3.7975193e+03,  3.7983938e+03,  3.7992686e+03, ...,
       -1.0000000e+00, -1.0000000e+00, -1.0000000e+00], dtype=float32), 'mask': array([ True,  True,  True, ...,  True,  True,  True])}",0.0,29.573902,0.11299575,9.635645e-06,False,3.263798,5.745151,8.539415,11.013861,10.8125725,2.5776494,4.744826,3.602656,2.3216019,1.0128404,1.334715,5.7475886,8.617391,10.591759,11.159964,3.8577597,4.7424884,3.700364,2.7477324,1.1807151,b'    903135316045490176'
"{'flux': array([ 0.53252834,  0.5323957 ,  0.5322632 , ..., -0.05026264,
       -0.05026264, -0.05026264], dtype=float32), 'ivar': array([0., 0., 0., ..., 0., 0., 0.], dtype=float32), 'lsf_sigma': array([0., 0., 0., ..., 0., 0., 0.], dtype=float32), 'lambda': array([ 3.7975193e+03,  3.7983938e+03,  3.7992686e+03, ...,
       -1.0000000e+00, -1.0000000e+00, -1.0000000e+00], dtype=float32), 'mask': array([ True,  True,  True, ...,  True,  True,  True])}",0.0,0.0,-0.002414844,0.003775489,True,0.37836578,0.36837137,0.6616174,0.6280583,0.21646787,2.5776494,4.744826,3.602656,2.3216019,1.0128404,0.24856079,0.34176347,0.6476357,0.6862135,-0.12686357,3.8577597,4.7424884,3.700364,2.7477324,1.1807151,b'    903135590923397120'
"{'flux': array([4.7101536, 4.708963 , 4.707775 , ..., 4.965523 , 4.965523 ,
       4.965523 ], dtype=float32), 'ivar': array([0., 0., 0., ..., 0., 0., 0.], dtype=float32), 'lsf_sigma': array([0., 0., 0., ..., 0., 0., 0.], dtype=float32), 'lambda': array([ 3.7975193e+03,  3.7983938e+03,  3.7992686e+03, ...,
       -1.0000000e+00, -1.0000000e+00, -1.0000000e+00], dtype=float32), 'mask': array([ True,  True,  True, ...,  True,  True,  True])}",65.690285,15.55599,0.15514784,1.2076894e-05,False,4.33908,8.595129,18.664095,27.545685,33.61726,2.5776494,4.744826,3.602656,2.3216019,1.0128404,3.7022328,8.561657,18.71821,27.311209,33.4753,3.8577597,4.7424884,3.700364,2.7477324,1.1807151,b'    903136415557117952'
"{'flux': array([-0.39999494, -0.3999743 , -0.3999537 , ...,  2.7785892 ,
        2.7785892 ,  2.7785892 ], dtype=float32), 'ivar': array([0., 0., 0., ..., 0., 0., 0.], dtype=float32), 'lsf_sigma': array([0.       , 0.       , 0.       , ..., 0.7590112, 0.7590112,
       0.7590112], dtype=float32), 'lambda': array([ 3.7966450e+03,  3.7975193e+03,  3.7983938e+03, ...,
       -1.0000000e+00, -1.0000000e+00, -1.0000000e+00], dtype=float32), 'mask': array([ True,  True,  True, ...,  True,  True,  True])}",222.75279,26.238323,0.23268083,7.449889e-05,False,-0.52296865,3.378886,13.322756,23.86337,36.038383,2.8314571,7.1867127,3.9774723,1.9313284,0.81686,0.39198261,3.3568652,13.677026,24.527891,35.619053,6.1849537,7.2021613,4.825853,2.6769986,1.301346,b'    909815403419559936'
"{'flux': array([0.23723145, 0.23721804, 0.23720467, ..., 1.1697748 , 1.1697748 ,
       1.1697748 ], dtype=float32), 'ivar': array([0., 0., 0., ..., 0., 0., 0.], dtype=float32), 'lsf_sigma': array([0.       , 0.       , 0.       , ..., 0.7591515, 0.7591515,
       0.7591515], dtype=float32), 'lambda': array([ 3.7966450e+03,  3.7975193e+03,  3.7983938e+03, ...,
       -1.0000000e+00, -1.0000000e+00, -1.0000000e+00], dtype=float32), 'mask': array([ True,  True,  True, ...,  True,  True,  True])}",211.98508,31.104631,0.23317066,6.332472e-05,False,0.7251572,3.2243836,11.492515,19.377514,30.339441,2.8314571,7.1867127,3.9774723,1.9313284,0.81686,1.0288749,3.2286496,11.266138,19.816359,29.113295,6.1849537,7.2021613,4.825853,2.6769986,1.301346,b'    909815678297466880'
"{'flux': array([-0.33152103, -0.33150578, -0.33149058, ...,  0.00882887,
        0.00882887,  0.00882887], dtype=float32), 'ivar': array([0., 0., 0., ..., 0., 0., 0.], dtype=float32), 'lsf_sigma': array([0.        , 0.        , 0.        , ..., 0.75924456, 0.75924456,
       0.75924456], dtype=float32), 'lambda': array([ 3.7966450e+03,  3.7975193e+03,  3.7983938e+03, ...,
       -1.0000000e+00, -1.0000000e+00, -1.0000000e+00], dtype=float32), 'mask': array([ True,  True,  True, ...,  True,  True,  True])}",372.9206,69.565216,0.23246558,3.8874838e-05,False,0.5561568,3.0319207,8.034135,12.914653,19.214169,2.8314571,7.1867127,3.9774723,1.9313284,0.81686,1.13468,3.002487,7.9747224,13.356358,19.494709,6.1849537,7.2021613,4.825853,2.6769986,1.301346,b'    909815953175373824'
"{'flux': array([-1.5092427, -1.5091774, -1.5091124, ...,  1.60727  ,  1.60727  ,
        1.60727  ], dtype=float32), 'ivar': array([0., 0., 0., ..., 0., 0., 0.], dtype=float32), 'lsf_sigma': array([0.       , 0.       , 0.       , ..., 0.7592679, 0.7592679,
       0.7592679], dtype=float32), 'lambda': array([ 3.7966450e+03,  3.7975193e+03,  3.7983938e+03, ...,
       -1.0000000e+00, -1.0000000e+00, -1.0000000e+00], dtype=float32), 'mask': array([ True,  True,  True, ...,  True,  True,  True])}",139.12326,20.738163,0.19731247,4.3703414e-05,False,0.22964929,4.4537654,12.999454,21.013039,28.953533,2.8314571,7.1867127,3.9774723,1.9313284,0.81686,1.4046193,4.4036937,12.98366,21.137571,29.271975,6.1849537,7.2021613,4.825853,2.6769986,1.301346,b'    909816228053280768'
"{'flux': array([ 0.2622745 ,  0.26226082,  0.26224723, ..., -0.15530473,
       -0.15530473, -0.15530473], dtype=float32), 'ivar': array([0., 0., 0., ..., 0., 0., 0.], dtype=float32), 'lsf_sigma': array([0.       , 0.       , 0.       , ..., 0.7593844, 0.7593844,
       0.7593844], dtype=float32), 'lambda': array([ 3.7966450e+03,  3.7975193e+03,  3.7983938e+03, ...,
       -1.0000000e+00, -1.0000000e+00, -1.0000000e+00], dtype=float32), 'mask': array([ True,  True,  True, ...,  True,  True,  True])}",94.406,31.93301,0.21530537,2.5332265e-05,False,0.9158289,3.1720557,7.459394,11.985118,16.056772,2.8314571,7.1867127,3.9774723,1.9313284,0.81686,1.3599343,3.0947351,7.585521,12.270797,16.823708,6.1849537,7.2021613,4.825853,2.6769986,1.301346,b'    909816502931187712'
"{'flux': array([ 0.10824282,  0.10823678,  0.10823076, ..., -0.857766  ,
       -0.857766  , -0.857766  ], dtype=float32), 'ivar': array([0., 0., 0., ..., 0., 0., 0.], dtype=float32), 'lsf_sigma': array([0., 0., 0., ..., 0., 0., 0.], dtype=float32), 'lambda': array([ 3.7966450e+03,  3.7975193e+03,  3.7983938e+03, ...,
       -1.0000000e+00, -1.0000000e+00, -1.0000000e+00], dtype=float32), 'mask': array([ True,  True,  True, ...,  True,  True,  True])}",199.7144,25.14623,0.33042702,6.002791e-05,False,0.55741554,1.8612853,8.1582365,14.235278,20.161678,2.8314571,7.1867127,3.9774723,1.9313284,0.81686,0.7909823,1.8419191,8.233417,14.667488,21.314678,6.1849537,7.2021613,4.825853,2.6769986,1.301346,b'    909816777809094656'
"{'flux': array([1.8171825 , 1.8170856 , 1.8169886 , ..., 0.01024467, 0.01024467,
       0.01024467], dtype=float32), 'ivar': array([0., 0., 0., ..., 0., 0., 0.], dtype=float32), 'lsf_sigma': array([0., 0., 0., ..., 0., 0., 0.], dtype=float32), 'lambda': array([ 3.7966450e+03,  3.7975193e+03,  3.7983938e+03, ...,
       -1.0000000e+00, -1.0000000e+00, -1.0000000e+00], dtype=float32), 'mask': array([ True,  True,  True, ...,  True,  True,  True])}",136.02493,22.438604,0.29949608,2.2466531e-05,False,2.3760426,4.353974,11.2700815,16.742006,23.173746,2.8314571,7.1867127,3.9774723,1.9313284,0.81686,2.050998,4.3252473,11.211021,16.944427,23.52636,6.1849537,7.2021613,4.825853,2.6769986,1.301346,b'    909817052687001600'
"{'flux': array([ 4.1062984,  4.1061006,  4.1059036, ..., -0.3961382, -0.3961382,
       -0.3961382], dtype=float32), 'ivar': array([0., 0., 0., ..., 0., 0., 0.], dtype=float32), 'lsf_sigma': array([0., 0., 0., ..., 0., 0., 0.], dtype=float32), 'lambda': array([ 3.7966450e+03,  3.7975193e+03,  3.7983938e+03, ...,
       -1.0000000e+00, -1.0000000e+00, -1.0000000e+00], dtype=float32), 'mask': array([ True,  True,  True, ...,  True,  True,  True])}",98.22926,17.036226,0.2994523,1.30476565e-05,False,3.4964156,5.310012,14.256971,20.894709,28.742098,2.8314571,7.1867127,3.9774723,1.9313284,0.81686,2.6385112,5.321831,14.181122,20.961641,28.504745,6.1849537,7.2021613,4.825853,2.6769986,1.301346,b'    909817327564908544'
"{'flux': array([0.98630977, 0.98626786, 0.986226  , ..., 9.64612   , 9.64612   ,
       9.64612   ], dtype=float32), 'ivar': array([0., 0., 0., ..., 0., 0., 0.], dtype=float32), 'lsf_sigma': array([0.       , 0.       , 0.       , ..., 0.7598211, 0.7598211,
       0.7598211], dtype=float32), 'lambda': array([ 3.7966450e+03,  3.7975193e+03,  3.7983938e+03, ...,
       -1.0000000e+00, -1.0000000e+00, -1.0000000e+00], dtype=float32), 'mask': array([ True,  True,  True, ...,  True,  True,  True])}",96.385895,25.928148,0.281381,9.257578e-05,False,0.4597036,1.5594832,6.631895,11.136215,14.17225,2.8314571,7.1867127,3.9774723,1.9313284,0.81686,0.24948746,1.4986408,6.720829,11.504339,15.284397,6.1849537,7.2021613,4.825853,2.6769986,1.301346,b'    909817877320722432'
"{'flux': array([1.5161148 , 1.516078  , 1.5160413 , ..., 0.57252115, 0.57252115,
       0.57252115], dtype=float32), 'ivar': array([0., 0., 0., ..., 0., 0., 0.], dtype=float32), 'lsf_sigma': array([0.       , 0.       , 0.       , ..., 0.7598515, 0.7598515,
       0.7598515], dtype=float32), 'lambda': array([ 3.7966450e+03,  3.7975193e+03,  3.7983938e+03, ...,
       -1.0000000e+00, -1.0000000e+00, -1.0000000e+00], dtype=float32), 'mask': array([ True,  True,  True, ...,  True,  True,  True])}",39.835545,37.61843,0.17142312,1.6359822e-05,False,1.4995044,4.0226626,9.55179,15.137691,19.260452,2.8314571,7.1867127,3.9774723,1.9313284,0.81686,1.3563201,3.983182,9.668842,15.033935,18.926527,6.1849537,7.2021613,4.825853,2.6769986,1.301346,b'    909818152198629376'
"{'flux': array([ 0.27948186,  0.27947703,  0.27947223, ..., -0.96098655,
       -0.96098655, -0.96098655], dtype=float32), 'ivar': array([0., 0., 0., ..., 0., 0., 0.], dtype=float32), 'lsf_sigma': array([0.       , 0.       , 0.       , ..., 0.7599424, 0.7599424,
       0.7599424], dtype=float32), 'lambda': array([ 3.7966450e+03,  3.7975193e+03,  3.7983938e+03, ...,
       -1.0000000e+00, -1.0000000e+00, -1.0000000e+00], dtype=float32), 'mask': array([ True,  True,  True, ...,  True,  True,  True])}",256.21146,56.183598,0.4104915,8.973241e-05,False,0.3519866,1.5614643,6.650117,11.325325,16.79588,2.8314571,7.1867127,3.9774723,1.9313284,0.81686,0.36521173,1.5322931,6.6546702,11.559382,16.392115,6.1849537,7.2021613,4.825853,2.6769986,1.301346,b'    909818427076536320'
"{'flux': array([ 0.9595205 ,  0.9594759 ,  0.9594314 , ..., -0.42299554,
       -0.42299554, -0.42299554], dtype=float32), 'ivar': array([0., 0., 0., ..., 0., 0., 0.], dtype=float32), 'lsf_sigma': array([0.        , 0.        , 0.        , ..., 0.76000863, 0.76000863,
       0.76000863], dtype=float32), 'lambda': array([ 3.7966450e+03,  3.7975193e+03,  3.7983938e+03, ...,
       -1.0000000e+00, -1.0000000e+00, -1.0000000e+00], dtype=float32), 'mask': array([ True,  True,  True, ...,  True,  True,  True])}",327.5837,54.370213,0.40208688,7.503056e-05,False,0.55135363,1.48563,7.1443563,12.782446,18.169737,2.8314571,7.1867127,3.9774723,1.9313284,0.81686,0.23458885,1.4615542,7.121432,12.95239,18.5605,6.1849537,7.2021613,4.825853,2.6769986,1.301346,b'    909818701954443264'
"{'flux': array([2.6078625, 2.6076899, 2.607518 , ..., 0.9532454, 0.9532454,
       0.9532454], dtype=float32), 'ivar': array([0., 0., 0., ..., 0., 0., 0.], dtype=float32), 'lsf_sigma': array([0., 0., 0., ..., 0., 0., 0.], dtype=float32), 'lambda': array([ 3.7966450e+03,  3.7975193e+03,  3.7983938e+03, ...,
       -1.0000000e+00, -1.0000000e+00, -1.0000000e+00], dtype=float32), 'mask': array([ True,  True,  True, ...,  True,  True,  True])}",171.47667,23.301245,0.2398944,5.5963123e-05,False,1.7310156,3.4714565,13.662508,22.908993,29.87379,2.8314571,7.1867127,3.9774723,1.9313284,0.81686,1.1173359,3.4523196,13.572541,22.745068,30.50284,6.1849537,7.2021613,4.825853,2.6769986,1.301346,b'    909818976832350208'
"{'flux': array([0.0971652 , 0.09716181, 0.09715844, ..., 2.2170286 , 2.2170286 ,
       2.2170286 ], dtype=float32), 'ivar': array([0., 0., 0., ..., 0., 0., 0.], dtype=float32), 'lsf_sigma': array([0., 0., 0., ..., 0., 0., 0.], dtype=float32), 'lambda': array([ 3.7966450e+03,  3.7975193e+03,  3.7983938e+03, ...,
       -1.0000000e+00, -1.0000000e+00, -1.0000000e+00], dtype=float32), 'mask': array([ True,  True,  True, ...,  True,  True,  True])}",199.5921,17.589853,0.316236,5.3330637e-05,False,1.385879,4.492519,18.180576,29.87625,40.133762,2.8314571,7.1867127,3.9774723,1.9313284,0.81686,1.6545236,4.4802275,18.039038,29.887384,39.345566,6.1849537,7.2021613,4.825853,2.6769986,1.301346,b'    909819251710257152'
"{'flux': array([ 0.3235857 ,  0.323567  ,  0.32354835, ..., -0.6744799 ,
       -0.6744799 , -0.6744799 ], dtype=float32), 'ivar': array([0., 0., 0., ..., 0., 0., 0.], dtype=float32), 'lsf_sigma': array([0., 0., 0., ..., 0., 0., 0.], dtype=float32), 'lambda': array([ 3.7966450e+03,  3.7975193e+03,  3.7983938e+03, ...,
       -1.0000000e+00, -1.0000000e+00, -1.0000000e+00], dtype=float32), 'mask': array([ True,  True,  True, ...,  True,  True,  True])}",252.75,33.00548,0.32894054,7.5932265e-05,False,0.6649103,2.1526897,9.712299,17.848974,26.535345,2.8314571,7.1867127,3.9774723,1.9313284,0.81686,0.91353166,2.0969985,9.641783,17.757523,25.851969,6.1849537,7.2021613,4.825853,2.6769986,1.301346,b'    909819526588164096'
"{'flux': array([ 3.3593254,  3.3592558,  3.3591866, ..., 12.42516  , 12.42516  ,
       12.42516  ], dtype=float32), 'ivar': array([0., 0., 0., ..., 0., 0., 0.], dtype=float32), 'lsf_sigma': array([0.        , 0.        , 0.        , ..., 0.76039606, 0.76039606,
       0.76039606], dtype=float32), 'lambda': array([ 3.7966450e+03,  3.7975193e+03,  3.7983938e+03, ...,
       -1.0000000e+00, -1.0000000e+00, -1.0000000e+00], dtype=float32), 'mask': array([ True,  True,  True, ...,  True,  True,  True])}",190.80232,30.712492,0.36953995,4.2144733e-05,False,2.1326535,2.5039814,8.835556,14.501288,22.321783,2.8314571,7.1867127,3.9774723,1.9313284,0.81686,1.2759644,2.5123549,8.65264,14.723756,21.320736,6.1849537,7.2021613,4.825853,2.6769986,1.301346,b'    909819801466071040'
"{'flux': array([5.211764 , 5.2115517, 5.211341 , ..., 1.4829911, 1.4829911,
       1.4829911], dtype=float32), 'ivar': array([0., 0., 0., ..., 0., 0., 0.], dtype=float32), 'lsf_sigma': array([0.       , 0.       , 0.       , ..., 0.7604628, 0.7604628,
       0.7604628], dtype=float32), 'lambda': array([ 3.7966450e+03,  3.7975193e+03,  3.7983938e+03, ...,
       -1.0000000e+00, -1.0000000e+00, -1.0000000e+00], dtype=float32), 'mask': array([ True,  True,  True, ...,  True,  True,  True])}",73.57885,18.92663,0.19739386,4.4721113e-05,False,2.8146856,3.235282,9.93605,16.12455,23.870544,2.8314571,7.1867127,3.9774723,1.9313284,0.81686,1.3561943,3.212352,9.833855,16.35016,22.428894,6.1849537,7.2021613,4.825853,2.6769986,1.301346,b'    909820076343977984'
"{'flux': array([1.2023169 , 1.2022412 , 1.2021658 , ..., 0.19729748, 0.19729748,
       0.19729748], dtype=float32), 'ivar': array([0., 0., 0., ..., 0., 0., 0.], dtype=float32), 'lsf_sigma': array([0.      , 0.      , 0.      , ..., 0.760462, 0.760462, 0.760462],
      dtype=float32), 'lambda': array([ 3.7966450e+03,  3.7975193e+03,  3.7983938e+03, ...,
       -1.0000000e+00, -1.0000000e+00, -1.0000000e+00], dtype=float32), 'mask': array([ True,  True,  True, ...,  True,  True,  True])}",119.6286,23.824934,0.22957458,4.077087e-05,False,1.4061422,2.6258457,8.165698,13.481423,18.274992,2.8314571,7.1867127,3.9774723,1.9313284,0.81686,1.0525738,2.5993257,8.108374,13.446377,18.220467,6.1849537,7.2021613,4.825853,2.6769986,1.301346,b'    909820351221884928'
"{'flux': array([-1.6591071 , -1.6590581 , -1.6590093 , ...,  0.49754804,
        0.49754804,  0.49754804], dtype=float32), 'ivar': array([0., 0., 0., ..., 0., 0., 0.], dtype=float32), 'lsf_sigma': array([0.       , 0.       , 0.       , ..., 0.7605014, 0.7605014,
       0.7605014], dtype=float32), 'lambda': array([ 3.7966450e+03,  3.7975193e+03,  3.7983938e+03, ...,
       -1.0000000e+00, -1.0000000e+00, -1.0000000e+00], dtype=float32), 'mask': array([ True,  True,  True, ...,  True,  True,  True])}",144.54039,30.588764,0.40658483,4.4960085e-05,False,0.8067205,3.0506616,10.346939,15.997672,22.374922,2.8314571,7.1867127,3.9774723,1.9313284,0.81686,1.5857049,3.051799,10.24515,15.821303,21.314512,6.1849537,7.2021613,4.825853,2.6769986,1.301346,b'    909820626099791872'
"{'flux': array([-0.8995498 , -0.8995244 , -0.8994992 , ..., -0.09686797,
       -0.09686797, -0.09686797], dtype=float32), 'ivar': array([0., 0., 0., ..., 0., 0., 0.], dtype=float32), 'lsf_sigma': array([0.        , 0.        , 0.        , ..., 0.73566186, 0.73566186,
       0.73566186], dtype=float32), 'lambda': array([ 3.7966450e+03,  3.7975193e+03,  3.7983938e+03, ...,
       -1.0000000e+00, -1.0000000e+00, -1.0000000e+00], dtype=float32), 'mask': array([ True,  True,  True, ...,  True,  True,  True])}",119.46416,19.452978,0.26197174,5.6142286e-05,False,0.42092448,2.2335942,9.420546,16.481983,23.25863,2.8314571,7.1867127,3.9774723,1.9313284,0.81686,0.76549095,2.2178912,9.413813,16.485052,23.17211,6.1849537,7.2021613,4.825853,2.6769986,1.301346,b'    909820900977698816'
"{'flux': array([ 2.856986  ,  2.8568988 ,  2.8568122 , ..., -0.16414975,
       -0.16414975, -0.16414975], dtype=float32), 'ivar': array([0., 0., 0., ..., 0., 0., 0.], dtype=float32), 'lsf_sigma': array([0.       , 0.       , 0.       , ..., 0.7357503, 0.7357503,
       0.7357503], dtype=float32), 'lambda': array([ 3.7966450e+03,  3.7975193e+03,  3.7983938e+03, ...,
       -1.0000000e+00, -1.0000000e+00, -1.0000000e+00], dtype=float32), 'mask': array([ True,  True,  True, ...,  True,  True,  True])}",146.86034,23.104843,0.26294386,5.093767e-05,False,2.122497,3.3308246,11.320203,19.136272,28.18065,2.8314571,7.1867127,3.9774723,1.9313284,0.81686,1.289015,3.2973776,11.342381,19.305452,27.569347,6.1849537,7.2021613,4.825853,2.6769986,1.301346,b'    909821175855605760'
"{'flux': array([ 0.45387802,  0.45386273,  0.45384747, ..., -0.6814307 ,
       -0.6814307 , -0.6814307 ], dtype=float32), 'ivar': array([0., 0., 0., ..., 0., 0., 0.], dtype=float32), 'lsf_sigma': array([0., 0., 0., ..., 0., 0., 0.], dtype=float32), 'lambda': array([ 3.7966450e+03,  3.7975193e+03,  3.7983938e+03, ...,
       -1.0000000e+00, -1.0000000e+00, -1.0000000e+00], dtype=float32), 'mask': array([ True,  True,  True, ...,  True,  True,  True])}",117.37744,18.467207,0.2620874,5.2209558e-05,False,0.9515878,3.2752573,11.982713,19.971403,26.53883,2.8314571,7.1867127,3.9774723,1.9313284,0.81686,1.1051478,3.2433376,12.11986,19.979984,26.764427,6.1849537,7.2021613,4.825853,2.6769986,1.301346,b'    909821450733512704'
"{'flux': array([2.8260334, 2.8259706, 2.8259077, ..., 1.6084745, 1.6084745,
       1.6084745], dtype=float32), 'ivar': array([0., 0., 0., ..., 0., 0., 0.], dtype=float32), 'lsf_sigma': array([0.      , 0.      , 0.      , ..., 0.736048, 0.736048, 0.736048],
      dtype=float32), 'lambda': array([ 3.7966450e+03,  3.7975193e+03,  3.7983938e+03, ...,
       -1.0000000e+00, -1.0000000e+00, -1.0000000e+00], dtype=float32), 'mask': array([ True,  True,  True, ...,  True,  True,  True])}",229.70163,21.410551,0.3298804,5.7394624e-05,False,1.8533313,3.131013,14.311711,24.895023,34.37976,2.8314571,7.1867127,3.9774723,1.9313284,0.81686,1.0735605,3.107265,14.198576,24.680014,33.573093,6.1849537,7.2021613,4.825853,2.6769986,1.301346,b'    909822275367233536'
"{'flux': array([ 1.3872066 ,  1.3871701 ,  1.3871335 , ..., -0.10538117,
       -0.10538117, -0.10538117], dtype=float32), 'ivar': array([0., 0., 0., ..., 0., 0., 0.], dtype=float32), 'lsf_sigma': array([0.      , 0.      , 0.      , ..., 0.736112, 0.736112, 0.736112],
      dtype=float32), 'lambda': array([ 3.7966450e+03,  3.7975193e+03,  3.7983938e+03, ...,
       -1.0000000e+00, -1.0000000e+00, -1.0000000e+00], dtype=float32), 'mask': array([ True,  True,  True, ...,  True,  True,  True])}",213.3987,52.80787,0.35827774,6.700892e-05,False,1.1792432,2.0167315,7.6483192,12.407432,18.393503,2.8314571,7.1867127,3.9774723,1.9313284,0.81686,0.825281,2.023444,7.4515123,12.572751,18.421337,6.1849537,7.2021613,4.825853,2.6769986,1.301346,b'    909822550245140480'
"{'flux': array([-0.6106968, -0.610654 , -0.6106114, ...,  5.86805  ,  5.86805  ,
        5.86805  ], dtype=float32), 'ivar': array([0., 0., 0., ..., 0., 0., 0.], dtype=float32), 'lsf_sigma': array([0.       , 0.       , 0.       , ..., 0.7755109, 0.7755109,
       0.7755109], dtype=float32), 'lambda': array([ 3.7966450e+03,  3.7975193e+03,  3.7983938e+03, ...,
       -1.0000000e+00, -1.0000000e+00, -1.0000000e+00], dtype=float32), 'mask': array([ True,  True,  True, ...,  True,  True,  True])}",197.72617,13.869068,0.21776415,4.2310516e-05,False,1.0660981,4.954807,18.949366,31.099354,39.959732,2.8314571,7.1867127,3.9774723,1.9313284,0.81686,1.5807133,4.9136467,18.949179,31.137394,41.03695,6.1849537,7.2021613,4.825853,2.6769986,1.301346,b'    909826398535837696'
"{'flux': array([1.2283827, 1.2282811, 1.2281797, ..., 0.662231 , 0.662231 ,
       0.662231 ], dtype=float32), 'ivar': array([0., 0., 0., ..., 0., 0., 0.], dtype=float32), 'lsf_sigma': array([0.       , 0.       , 0.       , ..., 0.7755594, 0.7755594,
       0.7755594], dtype=float32), 'lambda': array([ 3.7966450e+03,  3.7975193e+03,  3.7983938e+03, ...,
       -1.0000000e+00, -1.0000000e+00, -1.0000000e+00], dtype=float32), 'mask': array([ True,  True,  True, ...,  True,  True,  True])}",188.1204,29.601727,0.23306519,3.486855e-05,False,1.5478195,2.7976406,8.957223,15.661964,21.304932,2.8314571,7.1867127,3.9774723,1.9313284,0.81686,1.2666202,2.7472959,9.015414,15.590985,21.504574,6.1849537,7.2021613,4.825853,2.6769986,1.301346,b'    909826673413744640'
"{'flux': array([-0.41498554, -0.41495243, -0.41491938, ...,  2.3501022 ,
        2.3501022 ,  2.3501022 ], dtype=float32), 'ivar': array([0., 0., 0., ..., 0., 0., 0.], dtype=float32), 'lsf_sigma': array([0.        , 0.        , 0.        , ..., 0.77554363, 0.77554363,
       0.77554363], dtype=float32), 'lambda': array([ 3.7966450e+03,  3.7975193e+03,  3.7983938e+03, ...,
       -1.0000000e+00, -1.0000000e+00, -1.0000000e+00], dtype=float32), 'mask': array([ True,  True,  True, ...,  True,  True,  True])}",143.61826,18.967148,0.23382431,6.0595252e-05,False,0.5825299,2.7438264,11.949686,21.510323,29.718155,2.8314571,7.1867127,3.9774723,1.9313284,0.81686,0.9803901,2.7171013,11.8986225,21.110373,29.526741,6.1849537,7.2021613,4.825853,2.6769986,1.301346,b'    909826948291651584'
"{'flux': array([2.4423604 , 2.4421973 , 2.4420345 , ..., 0.14870583, 0.14870583,
       0.14870583], dtype=float32), 'ivar': array([0., 0., 0., ..., 0., 0., 0.], dtype=float32), 'lsf_sigma': array([0.        , 0.        , 0.        , ..., 0.77564543, 0.77564543,
       0.77564543], dtype=float32), 'lambda': array([ 3.7966450e+03,  3.7975193e+03,  3.7983938e+03, ...,
       -1.0000000e+00, -1.0000000e+00, -1.0000000e+00], dtype=float32), 'mask': array([ True,  True,  True, ...,  True,  True,  True])}",114.35863,21.249445,0.18648615,6.534955e-05,False,1.3652128,3.577524,12.02077,17.895782,22.91246,2.8314571,7.1867127,3.9774723,1.9313284,0.81686,1.107765,3.5938833,11.898083,18.26566,22.881529,6.1849537,7.2021613,4.825853,2.6769986,1.301346,b'    909827223169558528'
"{'flux': array([-1.226522 , -1.2264262, -1.2263309, ...,  1.1793746,  1.1793746,
        1.1793746], dtype=float32), 'ivar': array([0., 0., 0., ..., 0., 0., 0.], dtype=float32), 'lsf_sigma': array([0., 0., 0., ..., 0., 0., 0.], dtype=float32), 'lambda': array([ 3.7966450e+03,  3.7975193e+03,  3.7983938e+03, ...,
       -1.0000000e+00, -1.0000000e+00, -1.0000000e+00], dtype=float32), 'mask': array([ True,  True,  True, ...,  True,  True,  True])}",88.21724,21.458635,0.22066806,2.3929415e-05,False,0.6378403,3.1918771,10.677731,16.5149,18.372253,2.8314571,7.1867127,3.9774723,1.9313284,0.81686,1.0102952,3.1854155,10.423534,15.979212,18.321321,6.1849537,7.2021613,4.825853,2.6769986,1.301346,b'    909827498047465472'
"{'flux': array([0.34209317, 0.34206975, 0.34204638, ..., 0.7089117 , 0.7089117 ,
       0.7089117 ], dtype=float32), 'ivar': array([0., 0., 0., ..., 0., 0., 0.], dtype=float32), 'lsf_sigma': array([0., 0., 0., ..., 0., 0., 0.], dtype=float32), 'lambda': array([ 3.7966450e+03,  3.7975193e+03,  3.7983938e+03, ...,
       -1.0000000e+00, -1.0000000e+00, -1.0000000e+00], dtype=float32), 'mask': array([ True,  True,  True, ...,  True,  True,  True])}",141.71075,29.558758,0.37562263,0.00010248183,False,0.25032666,0.98597676,5.085092,9.049642,12.65106,2.8314571,7.1867127,3.9774723,1.9313284,0.81686,0.29379997,0.9564371,5.0701175,8.950137,12.251991,6.1849537,7.2021613,4.825853,2.6769986,1.301346,b'    909827772925372416'
"{'flux': array([-1.504794 , -1.5046952, -1.5045967, ...,  4.5417504,  4.5417504,
        4.5417504], dtype=float32), 'ivar': array([0., 0., 0., ..., 0., 0., 0.], dtype=float32), 'lsf_sigma': array([0., 0., 0., ..., 0., 0., 0.], dtype=float32), 'lambda': array([ 3.7966450e+03,  3.7975193e+03,  3.7983938e+03, ...,
       -1.0000000e+00, -1.0000000e+00, -1.0000000e+00], dtype=float32), 'mask': array([ True,  True,  True, ...,  True,  True,  True])}",183.50842,17.132645,0.23080724,4.9565282e-05,False,0.49276656,4.3828287,17.38778,29.526714,39.58377,2.8314571,7.1867127,3.9774723,1.9313284,0.81686,1.5105318,4.3485904,17.289005,29.425932,39.814804,6.1849537,7.2021613,4.825853,2.6769986,1.301346,b'    909828047803279360'
"{'flux': array([-0.19239458, -0.19238153, -0.19236849, ..., 11.467157  ,
       11.467157  , 11.467157  ], dtype=float32), 'ivar': array([0., 0., 0., ..., 0., 0., 0.], dtype=float32), 'lsf_sigma': array([0.       , 0.       , 0.       , ..., 0.7760135, 0.7760135,
       0.7760135], dtype=float32), 'lambda': array([ 3.7966450e+03,  3.7975193e+03,  3.7983938e+03, ...,
       -1.0000000e+00, -1.0000000e+00, -1.0000000e+00], dtype=float32), 'mask': array([ True,  True,  True, ...,  True,  True,  True])}",272.52435,32.232918,0.41098347,9.935181e-05,False,0.48380357,1.6670735,9.048501,17.551683,25.975641,2.8314571,7.1867127,3.9774723,1.9313284,0.81686,0.31667012,1.6403339,8.982877,17.265785,24.953417,6.1849537,7.2021613,4.825853,2.6769986,1.301346,b'    909828597559093248'
"{'flux': array([0.73630446, 0.7362439 , 0.7361834 , ..., 6.8353114 , 6.8353114 ,
       6.8353114 ], dtype=float32), 'ivar': array([0., 0., 0., ..., 0., 0., 0.], dtype=float32), 'lsf_sigma': array([0.        , 0.        , 0.        , ..., 0.77601653, 0.77601653,
       0.77601653], dtype=float32), 'lambda': array([ 3.7966450e+03,  3.7975193e+03,  3.7983938e+03, ...,
       -1.0000000e+00, -1.0000000e+00, -1.0000000e+00], dtype=float32), 'mask': array([ True,  True,  True, ...,  True,  True,  True])}",181.58571,12.929953,0.2182309,3.365414e-05,False,2.1890538,6.8017697,23.194433,39.242947,53.356552,2.8314571,7.1867127,3.9774723,1.9313284,0.81686,2.2797701,6.7754903,23.23087,39.04297,52.734406,6.1849537,7.2021613,4.825853,2.6769986,1.301346,b'    909828872437000192'
"{'flux': array([0.64719695, 0.6471541 , 0.6471113 , ..., 1.5947769 , 1.5947769 ,
       1.5947769 ], dtype=float32), 'ivar': array([0., 0., 0., ..., 0., 0., 0.], dtype=float32), 'lsf_sigma': array([0.        , 0.        , 0.        , ..., 0.77612096, 0.77612096,
       0.77612096], dtype=float32), 'lambda': array([ 3.7966450e+03,  3.7975193e+03,  3.7983938e+03, ...,
       -1.0000000e+00, -1.0000000e+00, -1.0000000e+00], dtype=float32), 'mask': array([ True,  True,  True, ...,  True,  True,  True])}",216.15663,29.023825,0.3292934,8.003951e-05,False,0.7513061,1.8460654,9.933811,17.736399,24.15091,2.8314571,7.1867127,3.9774723,1.9313284,0.81686,0.60719687,1.8406407,9.900499,17.956522,24.635483,6.1849537,7.2021613,4.825853,2.6769986,1.301346,b'    909829147314907136'
"{'flux': array([1.3989288, 1.3988558, 1.3987828, ..., 3.5279124, 3.5279124,
       3.5279124], dtype=float32), 'ivar': array([0., 0., 0., ..., 0., 0., 0.], dtype=float32), 'lsf_sigma': array([0.       , 0.       , 0.       , ..., 0.7761576, 0.7761576,
       0.7761576], dtype=float32), 'lambda': array([ 3.7966450e+03,  3.7975193e+03,  3.7983938e+03, ...,
       -1.0000000e+00, -1.0000000e+00, -1.0000000e+00], dtype=float32), 'mask': array([ True,  True,  True, ...,  True,  True,  True])}",192.67543,26.234797,0.25797492,4.320784e-05,False,1.6306112,4.3325043,15.125562,24.577429,31.954477,2.8314571,7.1867127,3.9774723,1.9313284,0.81686,1.3781588,4.303763,15.0333805,24.55584,32.476562,6.1849537,7.2021613,4.825853,2.6769986,1.301346,b'    909829422192814080'
"{'flux': array([1.988546  , 1.9884095 , 1.9882731 , ..., 0.42275316, 0.42275316,
       0.42275316], dtype=float32), 'ivar': array([0., 0., 0., ..., 0., 0., 0.], dtype=float32), 'lsf_sigma': array([0.        , 0.        , 0.        , ..., 0.77618706, 0.77618706,
       0.77618706], dtype=float32), 'lambda': array([ 3.7966450e+03,  3.7975193e+03,  3.7983938e+03, ...,
       -1.0000000e+00, -1.0000000e+00, -1.0000000e+00], dtype=float32), 'mask': array([ True,  True,  True, ...,  True,  True,  True])}",59.323402,42.869106,0.5900687,5.8057125e-05,False,1.839214,2.4681077,7.299599,14.582906,19.66205,2.8314571,7.1867127,3.9774723,1.9313284,0.81686,1.2509817,2.4462843,7.373295,14.193539,19.386724,6.1849537,7.2021613,4.825853,2.6769986,1.301346,b'    909829697070721024'
"{'flux': array([ 0.3060366 ,  0.30600938,  0.30598223, ..., -2.4538474 ,
       -2.4538474 , -2.4538474 ], dtype=float32), 'ivar': array([0., 0., 0., ..., 0., 0., 0.], dtype=float32), 'lsf_sigma': array([0., 0., 0., ..., 0., 0., 0.], dtype=float32), 'lambda': array([ 3.7966450e+03,  3.7975193e+03,  3.7983938e+03, ...,
       -1.0000000e+00, -1.0000000e+00, -1.0000000e+00], dtype=float32), 'mask': array([ True,  True,  True, ...,  True,  True,  True])}",152.81723,36.866947,0.41023564,6.427673e-05,False,1.5258557,2.716525,9.4438,14.310411,18.934734,2.8314571,7.1867127,3.9774723,1.9313284,0.81686,1.1188512,2.7762134,9.141425,14.24899,18.139679,6.1849537,7.2021613,4.825853,2.6769986,1.301346,b'    909829971948627968'
"{'flux': array([0.61498094, 0.6149295 , 0.6148782 , ..., 0.20471178, 0.20471178,
       0.20471178], dtype=float32), 'ivar': array([0., 0., 0., ..., 0., 0., 0.], dtype=float32), 'lsf_sigma': array([0., 0., 0., ..., 0., 0., 0.], dtype=float32), 'lambda': array([ 3.7966450e+03,  3.7975193e+03,  3.7983938e+03, ...,
       -1.0000000e+00, -1.0000000e+00, -1.0000000e+00], dtype=float32), 'mask': array([ True,  True,  True, ...,  True,  True,  True])}",67.33779,34.081146,0.21883504,5.2471543e-05,False,0.8710176,3.5226247,10.886888,18.48019,25.159853,2.8314571,7.1867127,3.9774723,1.9313284,0.81686,1.0998427,3.497566,10.797592,18.436409,25.489397,6.1849537,7.2021613,4.825853,2.6769986,1.301346,b'    909830246826534912'
"{'flux': array([ 0.709221 ,  0.7091731,  0.7091251, ..., -0.8687145, -0.8687145,
       -0.8687145], dtype=float32), 'ivar': array([0., 0., 0., ..., 0., 0., 0.], dtype=float32), 'lsf_sigma': array([0., 0., 0., ..., 0., 0., 0.], dtype=float32), 'lambda': array([ 3.7966450e+03,  3.7975193e+03,  3.7983938e+03, ...,
       -1.0000000e+00, -1.0000000e+00, -1.0000000e+00], dtype=float32), 'mask': array([ True,  True,  True, ...,  True,  True,  True])}",84.58551,18.41576,0.18715568,6.180425e-05,False,1.142547,3.1365123,10.471683,15.942005,21.59864,2.8314571,7.1867127,3.9774723,1.9313284,0.81686,1.1437256,3.1129448,10.393294,16.50784,21.475784,6.1849537,7.2021613,4.825853,2.6769986,1.301346,b'    909830521704441856'
"{'flux': array([ 0.77709234,  0.7770231 ,  0.77695394, ..., 13.184761  ,
       13.184761  , 13.184761  ], dtype=float32), 'ivar': array([0., 0., 0., ..., 0., 0., 0.], dtype=float32), 'lsf_sigma': array([0.       , 0.       , 0.       , ..., 0.7765144, 0.7765144,
       0.7765144], dtype=float32), 'lambda': array([ 3.7966450e+03,  3.7975193e+03,  3.7983938e+03, ...,
       -1.0000000e+00, -1.0000000e+00, -1.0000000e+00], dtype=float32), 'mask': array([ True,  True,  True, ...,  True,  True,  True])}",0.0,0.0,0.31635088,2.6408137e-05,False,2.1440926,5.628833,22.084417,36.261913,55.26683,2.8314571,7.1867127,3.9774723,1.9313284,0.81686,3.7583454,5.6974196,21.2443,36.450096,52.22843,6.1849537,7.2021613,4.825853,2.6769986,1.301346,b'    909830796582348800'
"{'flux': array([ 0.74206966,  0.74202496,  0.7419803 , ..., -0.05225861,
       -0.05225861, -0.05225861], dtype=float32), 'ivar': array([0., 0., 0., ..., 0., 0., 0.], dtype=float32), 'lsf_sigma': array([0.       , 0.       , 0.       , ..., 0.7765587, 0.7765587,
       0.7765587], dtype=float32), 'lambda': array([ 3.7966450e+03,  3.7975193e+03,  3.7983938e+03, ...,
       -1.0000000e+00, -1.0000000e+00, -1.0000000e+00], dtype=float32), 'mask': array([ True,  True,  True, ...,  True,  True,  True])}",105.897865,35.648098,0.3283916,3.6433008e-05,False,1.3490571,3.239451,10.186476,16.551046,23.976044,2.8314571,7.1867127,3.9774723,1.9313284,0.81686,1.3930184,3.2152443,9.954253,16.221693,23.171602,6.1849537,7.2021613,4.825853,2.6769986,1.301346,b'    909831346338162688'
"{'flux': array([0.15967543, 0.15966706, 0.15965867, ..., 0.8558218 , 0.8558218 ,
       0.8558218 ], dtype=float32), 'ivar': array([0., 0., 0., ..., 0., 0., 0.], dtype=float32), 'lsf_sigma': array([0.        , 0.        , 0.        , ..., 0.77658796, 0.77658796,
       0.77658796], dtype=float32), 'lambda': array([ 3.7966450e+03,  3.7975193e+03,  3.7983938e+03, ...,
       -1.0000000e+00, -1.0000000e+00, -1.0000000e+00], dtype=float32), 'mask': array([ True,  True,  True, ...,  True,  True,  True])}",109.09643,20.026615,0.21952343,7.484576e-05,False,0.68069243,2.386011,9.467377,16.40582,23.276094,2.8314571,7.1867127,3.9774723,1.9313284,0.81686,0.7423077,2.3730261,9.286249,16.381468,23.305834,6.1849537,7.2021613,4.825853,2.6769986,1.301346,b'    909831621216069632'
"{'flux': array([ 3.0671384,  3.0670214,  3.0669048, ..., -1.3793497, -1.3793497,
       -1.3793497], dtype=float32), 'ivar': array([0., 0., 0., ..., 0., 0., 0.], dtype=float32), 'lsf_sigma': array([0.       , 0.       , 0.       , ..., 0.7525034, 0.7525034,
       0.7525034], dtype=float32), 'lambda': array([ 3.7966450e+03,  3.7975193e+03,  3.7983938e+03, ...,
       -1.0000000e+00, -1.0000000e+00, -1.0000000e+00], dtype=float32), 'mask': array([ True,  True,  True, ...,  True,  True,  True])}",110.25301,18.524673,0.1944459,6.092916e-05,False,1.0997012,2.709951,9.9161625,15.522276,21.549593,2.8314571,7.1867127,3.9774723,1.9313284,0.81686,0.74306786,2.681484,9.7073765,15.617371,20.562527,6.1849537,7.2021613,4.825853,2.6769986,1.301346,b'    909832170971883520'
"{'flux': array([3.1283288, 3.1282268, 3.1281247, ..., 3.7086344, 3.7086344,
       3.7086344], dtype=float32), 'ivar': array([0., 0., 0., ..., 0., 0., 0.], dtype=float32), 'lsf_sigma': array([0., 0., 0., ..., 0., 0., 0.], dtype=float32), 'lambda': array([ 3.7966450e+03,  3.7975193e+03,  3.7983938e+03, ...,
       -1.0000000e+00, -1.0000000e+00, -1.0000000e+00], dtype=float32), 'mask': array([ True,  True,  True, ...,  True,  True,  True])}",226.45555,15.387461,0.19367763,4.7327496e-05,False,2.275691,6.558326,23.68457,40.283047,56.509922,2.8314571,7.1867127,3.9774723,1.9313284,0.81686,2.3147457,6.5600233,23.45586,40.091232,56.312557,6.1849537,7.2021613,4.825853,2.6769986,1.301346,b'    909832720727697408'
"{'flux': array([ 0.23655528,  0.23654492,  0.2365346 , ..., -0.8073457 ,
       -0.8073457 , -0.8073457 ], dtype=float32), 'ivar': array([0., 0., 0., ..., 0., 0., 0.], dtype=float32), 'lsf_sigma': array([0., 0., 0., ..., 0., 0., 0.], dtype=float32), 'lambda': array([ 3.7966450e+03,  3.7975193e+03,  3.7983938e+03, ...,
       -1.0000000e+00, -1.0000000e+00, -1.0000000e+00], dtype=float32), 'mask': array([ True,  True,  True, ...,  True,  True,  True])}",122.89496,20.74252,0.26044437,2.642709e-05,False,1.3555373,3.6738338,12.097339,20.15322,28.465034,2.8314571,7.1867127,3.9774723,1.9313284,0.81686,1.6197482,3.6536372,11.910062,19.74957,27.372036,6.1849537,7.2021613,4.825853,2.6769986,1.301346,b'    909832995605604352'
"{'flux': array([ 0.3717343 ,  0.37172014,  0.371706  , ..., -2.0084865 ,
       -2.0084865 , -2.0084865 ], dtype=float32), 'ivar': array([0., 0., 0., ..., 0., 0., 0.], dtype=float32), 'lsf_sigma': array([0., 0., 0., ..., 0., 0., 0.], dtype=float32), 'lambda': array([ 3.7966450e+03,  3.7975193e+03,  3.7983938e+03, ...,
       -1.0000000e+00, -1.0000000e+00, -1.0000000e+00], dtype=float32), 'mask': array([ True,  True,  True, ...,  True,  True,  True])}",235.04121,37.504578,0.43187636,0.000108374035,False,0.30053726,1.2622871,6.5762,12.3970785,19.23656,2.8314571,7.1867127,3.9774723,1.9313284,0.81686,0.35146883,1.2383285,6.3872867,12.235691,18.044134,6.1849537,7.2021613,4.825853,2.6769986,1.301346,b'    909833270483511296'
"{'flux': array([0.4105973 , 0.41057968, 0.41056216, ..., 9.285437  , 9.285437  ,
       9.285437  ], dtype=float32), 'ivar': array([0., 0., 0., ..., 0., 0., 0.], dtype=float32), 'lsf_sigma': array([0.        , 0.        , 0.        , ..., 0.75282145, 0.75282145,
       0.75282145], dtype=float32), 'lambda': array([ 3.7966450e+03,  3.7975193e+03,  3.7983938e+03, ...,
       -1.0000000e+00, -1.0000000e+00, -1.0000000e+00], dtype=float32), 'mask': array([ True,  True,  True, ...,  True,  True,  True])}",120.629196,30.480337,0.3180075,7.6274315e-05,False,0.52796805,1.6906102,7.4914274,13.248738,19.699547,2.8314571,7.1867127,3.9774723,1.9313284,0.81686,0.76800215,1.663176,7.3295555,12.991783,18.381092,6.1849537,7.2021613,4.825853,2.6769986,1.301346,b'    909833545361418240'
"{'flux': array([1.5476587, 1.5475959, 1.5475332, ..., 0.673181 , 0.673181 ,
       0.673181 ], dtype=float32), 'ivar': array([0., 0., 0., ..., 0., 0., 0.], dtype=float32), 'lsf_sigma': array([0.       , 0.       , 0.       , ..., 0.7528771, 0.7528771,
       0.7528771], dtype=float32), 'lambda': array([ 3.7966450e+03,  3.7975193e+03,  3.7983938e+03, ...,
       -1.0000000e+00, -1.0000000e+00, -1.0000000e+00], dtype=float32), 'mask': array([ True,  True,  True, ...,  True,  True,  True])}",56.11739,29.71894,0.37358084,2.3681883e-05,False,1.5095642,3.2406185,10.830592,17.376238,26.322573,2.8314571,7.1867127,3.9774723,1.9313284,0.81686,1.7028553,3.2293103,10.655695,17.033888,24.097383,6.1849537,7.2021613,4.825853,2.6769986,1.301346,b'    909834095117232128'
"{'flux': array([-0.80353063, -0.80348885, -0.8034471 , ..., -0.52164143,
       -0.52164143, -0.52164143], dtype=float32), 'ivar': array([0., 0., 0., ..., 0., 0., 0.], dtype=float32), 'lsf_sigma': array([0.       , 0.       , 0.       , ..., 0.7529164, 0.7529164,
       0.7529164], dtype=float32), 'lambda': array([ 3.7966450e+03,  3.7975193e+03,  3.7983938e+03, ...,
       -1.0000000e+00, -1.0000000e+00, -1.0000000e+00], dtype=float32), 'mask': array([ True,  True,  True, ...,  True,  True,  True])}",92.98732,45.03916,0.29125988,5.8279496e-05,False,0.4080513,1.7901113,6.8725533,12.255555,17.949213,2.8314571,7.1867127,3.9774723,1.9313284,0.81686,0.50922054,1.7795322,6.716782,11.712156,17.041752,6.1849537,7.2021613,4.825853,2.6769986,1.301346,b'    909834369995139072'
"{'flux': array([4.800658 , 4.800438 , 4.8002186, ..., 3.8360493, 3.8360493,
       3.8360493], dtype=float32), 'ivar': array([0., 0., 0., ..., 0., 0., 0.], dtype=float32), 'lsf_sigma': array([0.       , 0.       , 0.       , ..., 0.7533599, 0.7533599,
       0.7533599], dtype=float32), 'lambda': array([ 3.7966450e+03,  3.7975193e+03,  3.7983938e+03, ...,
       -1.0000000e+00, -1.0000000e+00, -1.0000000e+00], dtype=float32), 'mask': array([ True,  True,  True, ...,  True,  True,  True])}",185.43723,11.912467,0.2560403,4.023342e-05,False,1.4167039,4.60152,19.055582,32.023735,42.752445,2.8314571,7.1867127,3.9774723,1.9313284,0.81686,1.4527488,4.5866666,18.765976,31.386635,41.215786,6.1849537,7.2021613,4.825853,2.6769986,1.301346,b'    909837118774208512'
"{'flux': array([4.287121 , 4.2867117, 4.286303 , ..., 3.8518379, 3.8518379,
       3.8518379], dtype=float32), 'ivar': array([0., 0., 0., ..., 0., 0., 0.], dtype=float32), 'lsf_sigma': array([0.       , 0.       , 0.       , ..., 0.7542093, 0.7542093,
       0.7542093], dtype=float32), 'lambda': array([ 3.7966450e+03,  3.7975193e+03,  3.7983938e+03, ...,
       -1.0000000e+00, -1.0000000e+00, -1.0000000e+00], dtype=float32), 'mask': array([ True,  True,  True, ...,  True,  True,  True])}",183.42561,19.981276,0.3063793,3.2261833e-05,False,3.0127952,4.646031,15.535994,26.104216,37.149956,2.8314571,7.1867127,3.9774723,1.9313284,0.81686,2.6135726,4.6295643,15.360276,26.093218,36.864098,6.1849537,7.2021613,4.825853,2.6769986,1.301346,b'    909837393652115456'
"{'flux': array([ 0.98681855,  0.9866961 ,  0.9865738 , ..., -0.1836024 ,
       -0.1836024 , -0.1836024 ], dtype=float32), 'ivar': array([0., 0., 0., ..., 0., 0., 0.], dtype=float32), 'lsf_sigma': array([0.        , 0.        , 0.        , ..., 0.75425917, 0.75425917,
       0.75425917], dtype=float32), 'lambda': array([ 3.7966450e+03,  3.7975193e+03,  3.7983938e+03, ...,
       -1.0000000e+00, -1.0000000e+00, -1.0000000e+00], dtype=float32), 'mask': array([ True,  True,  True, ...,  True,  True,  True])}",114.286354,30.318478,0.45218083,6.703476e-05,False,0.96828634,1.8473909,7.020154,11.836269,16.015364,2.8314571,7.1867127,3.9774723,1.9313284,0.81686,0.84508395,1.840268,6.945343,12.202971,17.049686,6.1849537,7.2021613,4.825853,2.6769986,1.301346,b'    909837668530022400'
"{'flux': array([3.9921446, 3.9916859, 3.9912288, ..., 4.228825 , 4.228825 ,
       4.228825 ], dtype=float32), 'ivar': array([0., 0., 0., ..., 0., 0., 0.], dtype=float32), 'lsf_sigma': array([0.       , 0.       , 0.       , ..., 0.7542783, 0.7542783,
       0.7542783], dtype=float32), 'lambda': array([ 3.7966450e+03,  3.7975193e+03,  3.7983938e+03, ...,
       -1.0000000e+00, -1.0000000e+00, -1.0000000e+00], dtype=float32), 'mask': array([ True,  True,  True, ...,  True,  True,  True])}",197.75417,28.519186,0.26968595,1.0594344e-05,False,2.5627105,5.8137107,18.036161,31.396637,47.900784,2.8314571,7.1867127,3.9774723,1.9313284,0.81686,2.1341827,5.770502,18.066236,31.119972,46.65085,6.1849537,7.2021613,4.825853,2.6769986,1.301346,b'    909837943407929344'
"{'flux': array([0.3234046 , 0.3233761 , 0.32334766, ..., 0.7403961 , 0.7403961 ,
       0.7403961 ], dtype=float32), 'ivar': array([0., 0., 0., ..., 0., 0., 0.], dtype=float32), 'lsf_sigma': array([0.      , 0.      , 0.      , ..., 0.754313, 0.754313, 0.754313],
      dtype=float32), 'lambda': array([ 3.7966450e+03,  3.7975193e+03,  3.7983938e+03, ...,
       -1.0000000e+00, -1.0000000e+00, -1.0000000e+00], dtype=float32), 'mask': array([ True,  True,  True, ...,  True,  True,  True])}",135.96947,22.659163,0.24320285,7.7456614e-05,False,0.4944321,2.0217664,7.9883246,14.135206,19.673502,2.8314571,7.1867127,3.9774723,1.9313284,0.81686,0.7689014,1.9897696,7.8859363,13.818126,19.383156,6.1849537,7.2021613,4.825853,2.6769986,1.301346,b'    909838218285836288'
"{'flux': array([-0.45307752, -0.45302707, -0.4529767 , ..., -0.13170648,
       -0.13170648, -0.13170648], dtype=float32), 'ivar': array([0., 0., 0., ..., 0., 0., 0.], dtype=float32), 'lsf_sigma': array([0., 0., 0., ..., 0., 0., 0.], dtype=float32), 'lambda': array([ 3.7966450e+03,  3.7975193e+03,  3.7983938e+03, ...,
       -1.0000000e+00, -1.0000000e+00, -1.0000000e+00], dtype=float32), 'mask': array([ True,  True,  True, ...,  True,  True,  True])}",185.29044,44.453022,0.2573189,3.440251e-05,False,0.45746002,1.7043366,5.2866583,8.844866,11.034641,2.8314571,7.1867127,3.9774723,1.9313284,0.81686,0.507434,1.6518292,5.201223,8.455704,11.174524,6.1849537,7.2021613,4.825853,2.6769986,1.301346,b'    909838493163743232'
"{'flux': array([1.3822759 , 1.3821478 , 1.38202   , ..., 0.01467925, 0.01467925,
       0.01467925], dtype=float32), 'ivar': array([0., 0., 0., ..., 0., 0., 0.], dtype=float32), 'lsf_sigma': array([0., 0., 0., ..., 0., 0., 0.], dtype=float32), 'lambda': array([ 3.7966450e+03,  3.7975193e+03,  3.7983938e+03, ...,
       -1.0000000e+00, -1.0000000e+00, -1.0000000e+00], dtype=float32), 'mask': array([ True,  True,  True, ...,  True,  True,  True])}",286.07074,44.248558,0.4070162,0.00010044502,False,0.5556374,2.2803206,10.750152,17.793642,24.46393,2.8314571,7.1867127,3.9774723,1.9313284,0.81686,0.42743185,2.286481,10.483723,17.78619,23.570862,6.1849537,7.2021613,4.825853,2.6769986,1.301346,b'    909838768041650176'
"{'flux': array([0.6020352 , 0.60197127, 0.6019075 , ..., 2.9219913 , 2.9219913 ,
       2.9219913 ], dtype=float32), 'ivar': array([0., 0., 0., ..., 0., 0., 0.], dtype=float32), 'lsf_sigma': array([0.       , 0.       , 0.       , ..., 0.7545378, 0.7545378,
       0.7545378], dtype=float32), 'lambda': array([ 3.7966450e+03,  3.7975193e+03,  3.7983938e+03, ...,
       -1.0000000e+00, -1.0000000e+00, -1.0000000e+00], dtype=float32), 'mask': array([ True,  True,  True, ...,  True,  True,  True])}",146.50436,17.99628,0.16435365,5.6740748e-05,False,1.5402784,5.081756,16.009893,25.547916,34.25414,2.8314571,7.1867127,3.9774723,1.9313284,0.81686,1.6273923,5.0765452,15.9228,25.490263,34.402313,6.1849537,7.2021613,4.825853,2.6769986,1.301346,b'    909839317797464064'
"{'flux': array([ 1.1671257 ,  1.1670028 ,  1.1668802 , ..., -0.39293748,
       -0.39293748, -0.39293748], dtype=float32), 'ivar': array([0., 0., 0., ..., 0., 0., 0.], dtype=float32), 'lsf_sigma': array([0.        , 0.        , 0.        , ..., 0.75458837, 0.75458837,
       0.75458837], dtype=float32), 'lambda': array([ 3.7966450e+03,  3.7975193e+03,  3.7983938e+03, ...,
       -1.0000000e+00, -1.0000000e+00, -1.0000000e+00], dtype=float32), 'mask': array([ True,  True,  True, ...,  True,  True,  True])}",185.31767,43.426025,0.38403565,4.3922508e-05,False,0.68846613,1.8684821,6.571336,10.118705,12.281806,2.8314571,7.1867127,3.9774723,1.9313284,0.81686,0.5917463,1.8616824,6.490632,9.933237,12.704788,6.1849537,7.2021613,4.825853,2.6769986,1.301346,b'    909839867553277952'
"{'flux': array([1.503985 , 1.5038284, 1.5036718, ..., 1.6185535, 1.6185535,
       1.6185535], dtype=float32), 'ivar': array([0., 0., 0., ..., 0., 0., 0.], dtype=float32), 'lsf_sigma': array([0.       , 0.       , 0.       , ..., 0.7546507, 0.7546507,
       0.7546507], dtype=float32), 'lambda': array([ 3.7966450e+03,  3.7975193e+03,  3.7983938e+03, ...,
       -1.0000000e+00, -1.0000000e+00, -1.0000000e+00], dtype=float32), 'mask': array([ True,  True,  True, ...,  True,  True,  True])}",123.08453,18.769701,0.18082419,5.7785946e-05,False,1.1262457,3.9680824,13.102463,21.39892,29.478846,2.8314571,7.1867127,3.9774723,1.9313284,0.81686,1.195453,3.9347813,13.067028,21.656593,29.738464,6.1849537,7.2021613,4.825853,2.6769986,1.301346,b'    909840142431184896'
"{'flux': array([3.5795767 , 3.5792296 , 3.5788834 , ..., 0.20284778, 0.20284778,
       0.20284778], dtype=float32), 'ivar': array([0., 0., 0., ..., 0., 0., 0.], dtype=float32), 'lsf_sigma': array([0.        , 0.        , 0.        , ..., 0.75466436, 0.75466436,
       0.75466436], dtype=float32), 'lambda': array([ 3.7966450e+03,  3.7975193e+03,  3.7983938e+03, ...,
       -1.0000000e+00, -1.0000000e+00, -1.0000000e+00], dtype=float32), 'mask': array([ True,  True,  True, ...,  True,  True,  True])}",24.715216,45.63983,0.19646433,2.656413e-05,False,1.7096045,3.90267,9.670999,14.709235,17.945253,2.8314571,7.1867127,3.9774723,1.9313284,0.81686,1.6617798,3.8890622,9.52011,14.664678,18.284046,6.1849537,7.2021613,4.825853,2.6769986,1.301346,b'    909840417309091840'
"{'flux': array([ 0.7015257 ,  0.70142704,  0.7013286 , ..., -0.2550367 ,
       -0.2550367 , -0.2550367 ], dtype=float32), 'ivar': array([0., 0., 0., ..., 0., 0., 0.], dtype=float32), 'lsf_sigma': array([0.        , 0.        , 0.        , ..., 0.75465816, 0.75465816,
       0.75465816], dtype=float32), 'lambda': array([ 3.7966450e+03,  3.7975193e+03,  3.7983938e+03, ...,
       -1.0000000e+00, -1.0000000e+00, -1.0000000e+00], dtype=float32), 'mask': array([ True,  True,  True, ...,  True,  True,  True])}",135.93442,18.678669,0.22536054,7.608228e-05,False,0.7455566,2.7084296,9.503378,15.744062,20.134947,2.8314571,7.1867127,3.9774723,1.9313284,0.81686,0.9257352,2.676116,9.498053,15.448795,20.184408,6.1849537,7.2021613,4.825853,2.6769986,1.301346,b'    909840692186998784'
"{'flux': array([ 3.953175  ,  3.9526873 ,  3.9522004 , ..., -0.39931542,
       -0.39931542, -0.39931542], dtype=float32), 'ivar': array([0., 0., 0., ..., 0., 0., 0.], dtype=float32), 'lsf_sigma': array([0.       , 0.       , 0.       , ..., 0.7547073, 0.7547073,
       0.7547073], dtype=float32), 'lambda': array([ 3.7966450e+03,  3.7975193e+03,  3.7983938e+03, ...,
       -1.0000000e+00, -1.0000000e+00, -1.0000000e+00], dtype=float32), 'mask': array([ True,  True,  True, ...,  True,  True,  True])}",80.92718,21.828896,0.19653639,3.1827556e-05,False,1.1372403,2.78563,8.008145,13.941722,17.76224,2.8314571,7.1867127,3.9774723,1.9313284,0.81686,1.1089118,2.748068,7.941811,13.566993,18.685936,6.1849537,7.2021613,4.825853,2.6769986,1.301346,b'    909840967064905728'
"{'flux': array([0.74713904, 0.7470617 , 0.74698454, ..., 0.44800836, 0.44800836,
       0.44800836], dtype=float32), 'ivar': array([0., 0., 0., ..., 0., 0., 0.], dtype=float32), 'lsf_sigma': array([0., 0., 0., ..., 0., 0., 0.], dtype=float32), 'lambda': array([ 3.7966450e+03,  3.7975193e+03,  3.7983938e+03, ...,
       -1.0000000e+00, -1.0000000e+00, -1.0000000e+00], dtype=float32), 'mask': array([ True,  True,  True, ...,  True,  True,  True])}",269.13214,50.864185,0.38320675,2.4639123e-05,False,1.5224758,2.4418573,7.4438047,12.425693,17.829166,2.8314571,7.1867127,3.9774723,1.9313284,0.81686,1.2108189,2.4506052,7.298098,12.50555,16.699915,6.1849537,7.2021613,4.825853,2.6769986,1.301346,b'    909841241942812672'
"{'flux': array([2.214305  , 2.2140267 , 2.2137492 , ..., 0.38994592, 0.38994592,
       0.38994592], dtype=float32), 'ivar': array([0., 0., 0., ..., 0., 0., 0.], dtype=float32), 'lsf_sigma': array([0., 0., 0., ..., 0., 0., 0.], dtype=float32), 'lambda': array([ 3.7966450e+03,  3.7975193e+03,  3.7983938e+03, ...,
       -1.0000000e+00, -1.0000000e+00, -1.0000000e+00], dtype=float32), 'mask': array([ True,  True,  True, ...,  True,  True,  True])}",142.97038,27.606731,0.21876565,8.707003e-05,False,0.8285721,2.962597,10.553397,17.320084,21.768394,2.8314571,7.1867127,3.9774723,1.9313284,0.81686,1.0440563,2.927749,10.428756,17.158636,22.620934,6.1849537,7.2021613,4.825853,2.6769986,1.301346,b'    909841516820719616'
"{'flux': array([ 2.3198323 ,  2.319594  ,  2.3193562 , ..., -0.29321015,
       -0.29321015, -0.29321015], dtype=float32), 'ivar': array([0., 0., 0., ..., 0., 0., 0.], dtype=float32), 'lsf_sigma': array([0., 0., 0., ..., 0., 0., 0.], dtype=float32), 'lambda': array([ 3.7966450e+03,  3.7975193e+03,  3.7983938e+03, ...,
       -1.0000000e+00, -1.0000000e+00, -1.0000000e+00], dtype=float32), 'mask': array([ True,  True,  True, ...,  True,  True,  True])}",127.37301,36.427197,0.41359654,9.166602e-05,False,1.0196902,2.2140145,7.986052,12.145009,14.293038,2.8314571,7.1867127,3.9774723,1.9313284,0.81686,0.97167456,2.221766,7.7846465,12.046862,15.230594,6.1849537,7.2021613,4.825853,2.6769986,1.301346,b'    909841791698626560'
"{'flux': array([ 1.648815  ,  1.6486288 ,  1.6484431 , ..., -0.04748024,
       -0.04748024, -0.04748024], dtype=float32), 'ivar': array([0., 0., 0., ..., 0., 0., 0.], dtype=float32), 'lsf_sigma': array([0., 0., 0., ..., 0., 0., 0.], dtype=float32), 'lambda': array([ 3.7966450e+03,  3.7975193e+03,  3.7983938e+03, ...,
       -1.0000000e+00, -1.0000000e+00, -1.0000000e+00], dtype=float32), 'mask': array([ True,  True,  True, ...,  True,  True,  True])}",116.95775,25.880617,0.25752285,5.309277e-05,False,0.59109473,1.9748795,7.165564,12.319947,15.926278,2.8314571,7.1867127,3.9774723,1.9313284,0.81686,0.5223253,1.9252113,7.103606,12.013351,16.286892,6.1849537,7.2021613,4.825853,2.6769986,1.301346,b'    909842066576533504'
"{'flux': array([1.4558277 , 1.4556617 , 1.4554956 , ..., 0.19516966, 0.19516966,
       0.19516966], dtype=float32), 'ivar': array([0., 0., 0., ..., 0., 0., 0.], dtype=float32), 'lsf_sigma': array([0., 0., 0., ..., 0., 0., 0.], dtype=float32), 'lambda': array([ 3.7966450e+03,  3.7975193e+03,  3.7983938e+03, ...,
       -1.0000000e+00, -1.0000000e+00, -1.0000000e+00], dtype=float32), 'mask': array([ True,  True,  True, ...,  True,  True,  True])}",0.0,33.8667,0.16502014,3.5080717e-05,False,0.5427024,2.0717895,5.499207,8.323199,9.564484,2.8314571,7.1867127,3.9774723,1.9313284,0.81686,0.5494198,2.0359125,5.4450927,8.267038,9.9159775,6.1849537,7.2021613,4.825853,2.6769986,1.301346,b'    909842341454440448'
"{'flux': array([-0.27863294, -0.27861166, -0.2785904 , ...,  2.6264527 ,
        2.6264527 ,  2.6264527 ], dtype=float32), 'ivar': array([0., 0., 0., ..., 0., 0., 0.], dtype=float32), 'lsf_sigma': array([0., 0., 0., ..., 0., 0., 0.], dtype=float32), 'lambda': array([ 3.7966450e+03,  3.7975193e+03,  3.7983938e+03, ...,
       -1.0000000e+00, -1.0000000e+00, -1.0000000e+00], dtype=float32), 'mask': array([ True,  True,  True, ...,  True,  True,  True])}",168.6413,17.086666,0.19456641,5.1267732e-05,False,0.8865218,3.9472923,14.23091,22.721785,29.491913,2.8314571,7.1867127,3.9774723,1.9313284,0.81686,1.0674893,3.9598536,14.099111,22.629227,29.856537,6.1849537,7.2021613,4.825853,2.6769986,1.301346,b'    909842891210254336'
"{'flux': array([0.05380165, 0.05379765, 0.05379365, ..., 0.1688086 , 0.1688086 ,
       0.1688086 ], dtype=float32), 'ivar': array([0., 0., 0., ..., 0., 0., 0.], dtype=float32), 'lsf_sigma': array([0., 0., 0., ..., 0., 0., 0.], dtype=float32), 'lambda': array([ 3.7966450e+03,  3.7975193e+03,  3.7983938e+03, ...,
       -1.0000000e+00, -1.0000000e+00, -1.0000000e+00], dtype=float32), 'mask': array([ True,  True,  True, ...,  True,  True,  True])}",80.521935,31.116394,0.18950541,2.1919206e-05,False,1.3787893,3.4202561,7.7971516,11.675764,14.990357,2.8314571,7.1867127,3.9774723,1.9313284,0.81686,1.3489479,3.4066505,7.7272754,11.570056,14.2441225,6.1849537,7.2021613,4.825853,2.6769986,1.301346,b'    909843166088161280'
"{'flux': array([-0.9428729 , -0.94282573, -0.94277877, ...,  2.1102996 ,
        2.1102996 ,  2.1102996 ], dtype=float32), 'ivar': array([0., 0., 0., ..., 0., 0., 0.], dtype=float32), 'lsf_sigma': array([0., 0., 0., ..., 0., 0., 0.], dtype=float32), 'lambda': array([ 3.7966450e+03,  3.7975193e+03,  3.7983938e+03, ...,
       -1.0000000e+00, -1.0000000e+00, -1.0000000e+00], dtype=float32), 'mask': array([ True,  True,  True, ...,  True,  True,  True])}",133.69833,17.143951,0.19885093,6.141191e-05,False,0.5800598,3.214603,11.842055,20.161707,27.878935,2.8314571,7.1867127,3.9774723,1.9313284,0.81686,0.82637477,3.1816041,11.81462,20.19705,28.261038,6.1849537,7.2021613,4.825853,2.6769986,1.301346,b'    909843440966068224'
"{'flux': array([0.11918648, 0.1191802 , 0.11917392, ..., 1.5771917 , 1.5771917 ,
       1.5771917 ], dtype=float32), 'ivar': array([0., 0., 0., ..., 0., 0., 0.], dtype=float32), 'lsf_sigma': array([0., 0., 0., ..., 0., 0., 0.], dtype=float32), 'lambda': array([ 3.7966450e+03,  3.7975193e+03,  3.7983938e+03, ...,
       -1.0000000e+00, -1.0000000e+00, -1.0000000e+00], dtype=float32), 'mask': array([ True,  True,  True, ...,  True,  True,  True])}",0.0,0.0,0.35760704,2.4557736e-05,False,1.015759,2.642279,8.372948,12.184732,16.329216,2.8314571,7.1867127,3.9774723,1.9313284,0.81686,1.7258146,2.6348667,8.09191,12.723814,17.04013,6.1849537,7.2021613,4.825853,2.6769986,1.301346,b'    909843715843975168'
"{'flux': array([ 4.133861 ,  4.133609 ,  4.1333566, ..., -1.5779243, -1.5779243,
       -1.5779243], dtype=float32), 'ivar': array([0., 0., 0., ..., 0., 0., 0.], dtype=float32), 'lsf_sigma': array([0., 0., 0., ..., 0., 0., 0.], dtype=float32), 'lambda': array([ 3.7966450e+03,  3.7975193e+03,  3.7983938e+03, ...,
       -1.0000000e+00, -1.0000000e+00, -1.0000000e+00], dtype=float32), 'mask': array([ True,  True,  True, ...,  True,  True,  True])}",0.0,72.57748,0.30155003,4.2874995e-05,False,1.1566477,1.4886999,3.9887185,5.436155,5.9824743,2.8314571,7.1867127,3.9774723,1.9313284,0.81686,0.7297027,1.4826087,3.891447,5.2826786,6.419678,6.1849537,7.2021613,4.825853,2.6769986,1.301346,b'    909844265599789056'
"{'flux': array([-0.22474575, -0.2247315 , -0.22471727, ...,  1.1917332 ,
        1.1917332 ,  1.1917332 ], dtype=float32), 'ivar': array([0., 0., 0., ..., 0., 0., 0.], dtype=float32), 'lsf_sigma': array([0., 0., 0., ..., 0., 0., 0.], dtype=float32), 'lambda': array([ 3.7966450e+03,  3.7975193e+03,  3.7983938e+03, ...,
       -1.0000000e+00, -1.0000000e+00, -1.0000000e+00], dtype=float32), 'mask': array([ True,  True,  True, ...,  True,  True,  True])}",198.88605,22.245836,0.2703814,8.085571e-05,False,0.29632738,1.8945075,8.831278,15.657583,19.847036,2.8314571,7.1867127,3.9774723,1.9313284,0.81686,0.47569028,1.8512394,8.799083,15.32641,20.457825,6.1849537,7.2021613,4.825853,2.6769986,1.301346,b'    909844540477696000'
"{'flux': array([0.54557973, 0.54553366, 0.5454877 , ..., 0.7515624 , 0.7515624 ,
       0.7515624 ], dtype=float32), 'ivar': array([0., 0., 0., ..., 0., 0., 0.], dtype=float32), 'lsf_sigma': array([0., 0., 0., ..., 0., 0., 0.], dtype=float32), 'lambda': array([ 3.7966450e+03,  3.7975193e+03,  3.7983938e+03, ...,
       -1.0000000e+00, -1.0000000e+00, -1.0000000e+00], dtype=float32), 'mask': array([ True,  True,  True, ...,  True,  True,  True])}",119.0338,32.434284,0.23475972,1.42248e-05,False,1.4359391,3.854031,9.116503,13.83067,17.06275,2.8314571,7.1867127,3.9774723,1.9313284,0.81686,1.7330846,3.8414927,9.060639,14.094426,17.366337,6.1849537,7.2021613,4.825853,2.6769986,1.301346,b'    909845090233509888'
"{'flux': array([-0.05353983, -0.05353709, -0.05353436, ..., -1.1425198 ,
       -1.1425198 , -1.1425198 ], dtype=float32), 'ivar': array([0., 0., 0., ..., 0., 0., 0.], dtype=float32), 'lsf_sigma': array([0.       , 0.       , 1.0469184, ..., 0.       , 0.       ,
       0.       ], dtype=float32), 'lambda': array([ 3.7966450e+03,  3.7975193e+03,  3.7983938e+03, ...,
       -1.0000000e+00, -1.0000000e+00, -1.0000000e+00], dtype=float32), 'mask': array([ True,  True,  True, ...,  True,  True,  True])}",48.270145,29.503428,0.32955393,1.1246591e-05,False,2.5248997,4.071374,9.088166,12.028947,15.928594,2.8314571,7.1867127,3.9774723,1.9313284,0.81686,2.5234482,4.0645742,9.069387,11.901374,16.11149,6.1849537,7.2021613,4.825853,2.6769986,1.301346,b'    909845365111416832'
"{'flux': array([-1.0546505, -1.054579 , -1.0545077, ...,  3.7458537,  3.7458537,
        3.7458537], dtype=float32), 'ivar': array([0., 0., 0., ..., 0., 0., 0.], dtype=float32), 'lsf_sigma': array([0.       , 0.       , 1.0470078, ..., 0.       , 0.       ,
       0.       ], dtype=float32), 'lambda': array([ 3.7966450e+03,  3.7975193e+03,  3.7983938e+03, ...,
       -1.0000000e+00, -1.0000000e+00, -1.0000000e+00], dtype=float32), 'mask': array([ True,  True,  True, ...,  True,  True,  True])}",168.24448,17.632526,0.19336641,4.704214e-05,False,1.201131,5.1701603,18.3194,29.718502,40.30879,2.8314571,7.1867127,3.9774723,1.9313284,0.81686,1.3988756,5.171084,18.203297,29.81366,40.347084,6.1849537,7.2021613,4.825853,2.6769986,1.301346,b'    909845639989323776'
"{'flux': array([-0.5977112 , -0.59765995, -0.59760875, ...,  2.6513882 ,
        2.6513882 ,  2.6513882 ], dtype=float32), 'ivar': array([0., 0., 0., ..., 0., 0., 0.], dtype=float32), 'lsf_sigma': array([0.      , 0.      , 1.047021, ..., 0.      , 0.      , 0.      ],
      dtype=float32), 'lambda': array([ 3.7966450e+03,  3.7975193e+03,  3.7983938e+03, ...,
       -1.0000000e+00, -1.0000000e+00, -1.0000000e+00], dtype=float32), 'mask': array([ True,  True,  True, ...,  True,  True,  True])}",297.32544,67.70307,0.4684621,0.00014147272,False,0.27240032,0.85947335,4.027554,8.229003,13.182512,2.8314571,7.1867127,3.9774723,1.9313284,0.81686,0.42568448,0.8132642,3.966642,8.38334,13.444562,6.1849537,7.2021613,4.825853,2.6769986,1.301346,b'    909845914867230720'
"{'flux': array([-0.9400445, -0.939968 , -0.9398915, ...,  1.542706 ,  1.542706 ,
        1.542706 ], dtype=float32), 'ivar': array([0., 0., 0., ..., 0., 0., 0.], dtype=float32), 'lsf_sigma': array([0.       , 0.       , 1.0471026, ..., 0.       , 0.       ,
       0.       ], dtype=float32), 'lambda': array([ 3.7966450e+03,  3.7975193e+03,  3.7983938e+03, ...,
       -1.0000000e+00, -1.0000000e+00, -1.0000000e+00], dtype=float32), 'mask': array([ True,  True,  True, ...,  True,  True,  True])}",48.275223,61.629696,0.376111,2.9191133e-05,False,1.0724964,1.9146651,5.6780105,8.02757,10.852725,2.8314571,7.1867127,3.9774723,1.9313284,0.81686,1.0016117,1.8972136,5.6189313,8.123794,10.78441,6.1849537,7.2021613,4.825853,2.6769986,1.301346,b'    909846189745137664'
"{'flux': array([-0.47074714, -0.4707115 , -0.470676  , ...,  0.9042937 ,
        0.9042937 ,  0.9042937 ], dtype=float32), 'ivar': array([0., 0., 0., ..., 0., 0., 0.], dtype=float32), 'lsf_sigma': array([0.       , 0.       , 1.0472469, ..., 0.       , 0.       ,
       0.       ], dtype=float32), 'lambda': array([ 3.7966450e+03,  3.7975193e+03,  3.7983938e+03, ...,
       -1.0000000e+00, -1.0000000e+00, -1.0000000e+00], dtype=float32), 'mask': array([ True,  True,  True, ...,  True,  True,  True])}",118.73987,52.593464,0.37987387,2.549037e-05,False,1.2996347,1.636419,5.0952663,7.496327,10.678778,2.8314571,7.1867127,3.9774723,1.9313284,0.81686,0.76460403,1.6092701,5.0743957,7.6365175,10.607143,6.1849537,7.2021613,4.825853,2.6769986,1.301346,b'    909847289256765440'
"{'flux': array([3.4049332, 3.4047139, 0.9771761, ..., 2.6326983, 2.6326983,
       2.6326983], dtype=float32), 'ivar': array([0.        , 0.04706446, 0.        , ..., 0.        , 0.        ,
       0.        ], dtype=float32), 'lsf_sigma': array([0.       , 1.0475322, 1.0473845, ..., 0.       , 0.       ,
       0.       ], dtype=float32), 'lambda': array([ 3.7966450e+03,  3.7975193e+03,  3.7983938e+03, ...,
       -1.0000000e+00, -1.0000000e+00, -1.0000000e+00], dtype=float32), 'mask': array([ True, False,  True, ...,  True,  True,  True])}",0.0,0.0,0.36209914,4.3514137e-05,False,0.6253219,2.1499798,9.285591,15.760987,22.129581,2.8314571,7.1867127,3.9774723,1.9313284,0.81686,1.1636306,2.1412928,8.999282,16.299915,22.252083,6.1849537,7.2021613,4.825853,2.6769986,1.301346,b'    909847839012579328'
"{'flux': array([2.9029207, 2.9027135, 1.5124081, ..., 2.4302564, 2.4302564,
       2.4302564], dtype=float32), 'ivar': array([0.       , 0.1670148, 0.       , ..., 0.       , 0.       ,
       0.       ], dtype=float32), 'lsf_sigma': array([0.       , 1.0476265, 1.0474364, ..., 0.       , 0.       ,
       0.       ], dtype=float32), 'lambda': array([ 3.7966450e+03,  3.7975193e+03,  3.7983938e+03, ...,
       -1.0000000e+00, -1.0000000e+00, -1.0000000e+00], dtype=float32), 'mask': array([ True, False,  True, ...,  True,  True,  True])}",151.42569,22.417671,0.2604723,8.102354e-05,False,0.3606335,1.7426531,7.571247,13.000656,18.55352,2.8314571,7.1867127,3.9774723,1.9313284,0.81686,0.5262088,1.7205724,7.560508,13.281864,18.51649,6.1849537,7.2021613,4.825853,2.6769986,1.301346,b'    909848113890486272'
"{'flux': array([1.6921118, 1.6918602, 1.6916089, ..., 3.4774346, 3.4774346,
       3.4774346], dtype=float32), 'ivar': array([0., 0., 0., ..., 0., 0., 0.], dtype=float32), 'lsf_sigma': array([0.       , 0.       , 1.0796607, ..., 0.       , 0.       ,
       0.       ], dtype=float32), 'lambda': array([ 3.7966450e+03,  3.7975193e+03,  3.7983938e+03, ...,
       -1.0000000e+00, -1.0000000e+00, -1.0000000e+00], dtype=float32), 'mask': array([ True,  True,  True, ...,  True,  True,  True])}",181.74734,16.76243,0.18118858,5.646914e-05,False,1.193603,4.5406356,13.945447,21.415573,27.506245,2.8314571,7.1867127,3.9774723,1.9313284,0.81686,1.2311679,4.508789,13.928283,21.635546,28.6703,6.1849537,7.2021613,4.825853,2.6769986,1.301346,b'    909848388768393216'
"{'flux': array([0.7955296, 0.7954279, 0.7953264, ..., 2.6317961, 2.6317961,
       2.6317961], dtype=float32), 'ivar': array([0., 0., 0., ..., 0., 0., 0.], dtype=float32), 'lsf_sigma': array([0.       , 0.       , 1.0797039, ..., 0.       , 0.       ,
       0.       ], dtype=float32), 'lambda': array([ 3.7966450e+03,  3.7975193e+03,  3.7983938e+03, ...,
       -1.0000000e+00, -1.0000000e+00, -1.0000000e+00], dtype=float32), 'mask': array([ True,  True,  True, ...,  True,  True,  True])}",212.39513,36.639088,0.24852018,8.71618e-05,False,0.93877214,2.8574045,10.181888,16.714985,21.08656,2.8314571,7.1867127,3.9774723,1.9313284,0.81686,1.0692198,2.830742,10.125415,16.81276,22.441383,6.1849537,7.2021613,4.825853,2.6769986,1.301346,b'    909848663646300160'
"{'flux': array([-0.14198734, -0.14196745, -0.14194755, ...,  1.0744375 ,
        1.0744375 ,  1.0744375 ], dtype=float32), 'ivar': array([0., 0., 0., ..., 0., 0., 0.], dtype=float32), 'lsf_sigma': array([0.       , 0.       , 1.0797021, ..., 0.       , 0.       ,
       0.       ], dtype=float32), 'lambda': array([ 3.7966450e+03,  3.7975193e+03,  3.7983938e+03, ...,
       -1.0000000e+00, -1.0000000e+00, -1.0000000e+00], dtype=float32), 'mask': array([ True,  True,  True, ...,  True,  True,  True])}",215.30647,59.38157,0.33585176,5.96793e-05,False,1.1334212,2.2148273,5.723076,8.034171,10.413714,2.8314571,7.1867127,3.9774723,1.9313284,0.81686,1.0298241,2.1803832,5.633462,7.9927692,10.095934,6.1849537,7.2021613,4.825853,2.6769986,1.301346,b'    909848938524207104'
"{'flux': array([1.1243227, 1.1241771, 1.1240318, ..., 1.4686941, 1.4686941,
       1.4686941], dtype=float32), 'ivar': array([0., 0., 0., ..., 0., 0., 0.], dtype=float32), 'lsf_sigma': array([0.       , 0.       , 1.0797687, ..., 0.       , 0.       ,
       0.       ], dtype=float32), 'lambda': array([ 3.7966450e+03,  3.7975193e+03,  3.7983938e+03, ...,
       -1.0000000e+00, -1.0000000e+00, -1.0000000e+00], dtype=float32), 'mask': array([ True,  True,  True, ...,  True,  True,  True])}",28.769842,79.0666,0.25715977,1.410989e-05,False,2.1070392,3.7138865,8.315265,11.875026,15.394989,2.8314571,7.1867127,3.9774723,1.9313284,0.81686,1.9125785,3.6739464,8.262122,11.849732,15.354312,6.1849537,7.2021613,4.825853,2.6769986,1.301346,b'    909849213402114048'
"{'flux': array([-1.589939 , -1.5897014, -1.589464 , ...,  4.759103 ,  4.759103 ,
        4.759103 ], dtype=float32), 'ivar': array([0., 0., 0., ..., 0., 0., 0.], dtype=float32), 'lsf_sigma': array([0.       , 0.       , 1.0798377, ..., 0.       , 0.       ,
       0.       ], dtype=float32), 'lambda': array([ 3.7966450e+03,  3.7975193e+03,  3.7983938e+03, ...,
       -1.0000000e+00, -1.0000000e+00, -1.0000000e+00], dtype=float32), 'mask': array([ True,  True,  True, ...,  True,  True,  True])}",150.42197,21.55481,0.20107208,4.36154e-05,False,1.7308518,4.459183,14.542362,25.518408,35.219055,2.8314571,7.1867127,3.9774723,1.9313284,0.81686,1.4962754,4.3890553,14.6434355,25.197296,35.646397,6.1849537,7.2021613,4.825853,2.6769986,1.301346,b'    909849488280020992'
"{'flux': array([0.9665839 , 0.9664294 , 0.96627516, ..., 9.12444   , 9.12444   ,
       9.12444   ], dtype=float32), 'ivar': array([0., 0., 0., ..., 0., 0., 0.], dtype=float32), 'lsf_sigma': array([0.      , 0.      , 1.079849, ..., 0.      , 0.      , 0.      ],
      dtype=float32), 'lambda': array([ 3.7966450e+03,  3.7975193e+03,  3.7983938e+03, ...,
       -1.0000000e+00, -1.0000000e+00, -1.0000000e+00], dtype=float32), 'mask': array([ True,  True,  True, ...,  True,  True,  True])}",0.0,0.0,0.00021972567,2.443098e-05,False,0.6580281,3.7223806,15.641167,39.859684,66.60018,2.8314571,7.1867127,3.9774723,1.9313284,0.81686,0.22143343,3.7453358,15.306944,39.840782,66.629715,6.1849537,7.2021613,4.825853,2.6769986,1.301346,b'    909849763157927936'
"{'flux': array([16.189144, 16.186584, 16.18403 , ...,  6.477964,  6.477964,
        6.477964], dtype=float32), 'ivar': array([0., 0., 0., ..., 0., 0., 0.], dtype=float32), 'lsf_sigma': array([0.       , 0.       , 1.0798988, ..., 0.       , 0.       ,
       0.       ], dtype=float32), 'lambda': array([ 3.7966450e+03,  3.7975193e+03,  3.7983938e+03, ...,
       -1.0000000e+00, -1.0000000e+00, -1.0000000e+00], dtype=float32), 'mask': array([ True,  True,  True, ...,  True,  True,  True])}",0.0,0.0,1.8338484,0.0002260237,False,20.798073,25.835518,29.14268,39.935684,41.172333,2.8314571,7.1867127,3.9774723,1.9313284,0.81686,20.040218,25.834751,28.93407,39.66196,43.740627,6.1849537,7.2021613,4.825853,2.6769986,1.301346,b'    909850038035834880'
"{'flux': array([ 0.9354917 ,  0.9353496 , -0.00647641, ...,  2.8867924 ,
        2.8867924 ,  2.8867924 ], dtype=float32), 'ivar': array([0.       , 1.4188769, 0.       , ..., 0.       , 0.       ,
       0.       ], dtype=float32), 'lsf_sigma': array([0.       , 1.0801147, 1.0798694, ..., 0.       , 0.       ,
       0.       ], dtype=float32), 'lambda': array([ 3.7966450e+03,  3.7975193e+03,  3.7983938e+03, ...,
       -1.0000000e+00, -1.0000000e+00, -1.0000000e+00], dtype=float32), 'mask': array([ True, False,  True, ...,  True,  True,  True])}",163.97165,27.212616,0.42463902,0.00013620246,False,0.4150719,1.2703246,5.9163504,12.037266,16.764994,2.8314571,7.1867127,3.9774723,1.9313284,0.81686,0.25638592,1.1994059,6.0157084,12.004809,17.574142,6.1849537,7.2021613,4.825853,2.6769986,1.301346,b'    909850312913741824'
"{'flux': array([ 0.7606517 ,  0.7605408 , -0.05354746, ...,  4.4084396 ,
        4.4084396 ,  4.4084396 ], dtype=float32), 'ivar': array([0.        , 0.06587993, 0.        , ..., 0.        , 0.        ,
       0.        ], dtype=float32), 'lsf_sigma': array([0.       , 1.0802038, 1.0799868, ..., 0.       , 0.       ,
       0.       ], dtype=float32), 'lambda': array([ 3.7966450e+03,  3.7975193e+03,  3.7983938e+03, ...,
       -1.0000000e+00, -1.0000000e+00, -1.0000000e+00], dtype=float32), 'mask': array([ True, False,  True, ...,  True,  True,  True])}",197.69836,23.590714,0.25529298,7.0576505e-05,False,0.8442759,3.25625,12.4951935,20.97589,26.702085,2.8314571,7.1867127,3.9774723,1.9313284,0.81686,1.2585502,3.2149448,12.447294,20.938208,27.971436,6.1849537,7.2021613,4.825853,2.6769986,1.301346,b'    909850862669555712'
"{'flux': array([-0.0087789 , -0.00877755, -0.91989   , ...,  2.6037567 ,
        2.6037567 ,  2.6037567 ], dtype=float32), 'ivar': array([0.       , 0.3021647, 0.       , ..., 0.       , 0.       ,
       0.       ], dtype=float32), 'lsf_sigma': array([0.       , 1.0802336, 1.0799949, ..., 0.       , 0.       ,
       0.       ], dtype=float32), 'lambda': array([ 3.7966450e+03,  3.7975193e+03,  3.7983938e+03, ...,
       -1.0000000e+00, -1.0000000e+00, -1.0000000e+00], dtype=float32), 'mask': array([ True, False,  True, ...,  True,  True,  True])}",111.5566,24.495377,0.42529845,0.00011158608,False,0.24760018,0.9887041,4.6784477,9.390415,13.759946,2.8314571,7.1867127,3.9774723,1.9313284,0.81686,0.22014144,0.9116287,4.716509,9.744106,14.301399,6.1849537,7.2021613,4.825853,2.6769986,1.301346,b'    909851137547462656'
"{'flux': array([0.55939853, 0.5593174 , 1.5005175 , ..., 2.5993302 , 2.5993302 ,
       2.5993302 ], dtype=float32), 'ivar': array([0.        , 0.24802227, 0.        , ..., 0.        , 0.        ,
       0.        ], dtype=float32), 'lsf_sigma': array([0.       , 1.0802969, 1.0800616, ..., 0.       , 0.       ,
       0.       ], dtype=float32), 'lambda': array([ 3.7966450e+03,  3.7975193e+03,  3.7983938e+03, ...,
       -1.0000000e+00, -1.0000000e+00, -1.0000000e+00], dtype=float32), 'mask': array([ True, False,  True, ...,  True,  True,  True])}",194.48494,34.981556,0.3522808,6.61856e-05,False,0.14254935,1.4432279,6.052191,10.190879,14.239166,2.8314571,7.1867127,3.9774723,1.9313284,0.81686,0.43864375,1.3992357,6.196755,10.959642,15.465704,6.1849537,7.2021613,4.825853,2.6769986,1.301346,b'    909851687303276544'
"{'flux': array([1.7502292, 1.7499793, 0.4390482, ..., 2.4286544, 2.4286544,
       2.4286544], dtype=float32), 'ivar': array([0.       , 0.1232907, 0.       , ..., 0.       , 0.       ,
       0.       ], dtype=float32), 'lsf_sigma': array([0.       , 1.0803893, 1.0801418, ..., 0.       , 0.       ,
       0.       ], dtype=float32), 'lambda': array([ 3.7966450e+03,  3.7975193e+03,  3.7983938e+03, ...,
       -1.0000000e+00, -1.0000000e+00, -1.0000000e+00], dtype=float32), 'mask': array([ True, False,  True, ...,  True,  True,  True])}",129.56586,22.723055,0.41500682,7.932525e-05,False,1.0301474,2.0217798,8.135894,14.261809,18.894073,2.8314571,7.1867127,3.9774723,1.9313284,0.81686,0.7546028,1.9710232,8.185465,14.592361,19.943983,6.1849537,7.2021613,4.825853,2.6769986,1.301346,b'    909851962181183488'
"{'flux': array([-0.09332921, -0.09331589, -0.09009768, ...,  4.773149  ,
        4.773149  ,  4.773149  ], dtype=float32), 'ivar': array([0.       , 0.2563624, 0.       , ..., 0.       , 0.       ,
       0.       ], dtype=float32), 'lsf_sigma': array([0.       , 1.0803825, 1.0801326, ..., 0.       , 0.       ,
       0.       ], dtype=float32), 'lambda': array([ 3.7966450e+03,  3.7975193e+03,  3.7983938e+03, ...,
       -1.0000000e+00, -1.0000000e+00, -1.0000000e+00], dtype=float32), 'mask': array([ True, False,  True, ...,  True,  True,  True])}",196.41658,33.308044,0.3491879,7.4553165e-05,False,1.1644934,2.5060313,10.337162,18.043615,26.343885,2.8314571,7.1867127,3.9774723,1.9313284,0.81686,0.8730113,2.488079,10.4106045,18.627327,26.82342,6.1849537,7.2021613,4.825853,2.6769986,1.301346,b'    909852237059090432'
"{'flux': array([0.4330598 , 0.4330001 , 0.45654428, ..., 0.9159555 , 0.9159555 ,
       0.9159555 ], dtype=float32), 'ivar': array([0.       , 0.5433409, 0.       , ..., 0.       , 0.       ,
       0.       ], dtype=float32), 'lsf_sigma': array([0.       , 1.080425 , 1.0801785, ..., 0.       , 0.       ,
       0.       ], dtype=float32), 'lambda': array([ 3.7966450e+03,  3.7975193e+03,  3.7983938e+03, ...,
       -1.0000000e+00, -1.0000000e+00, -1.0000000e+00], dtype=float32), 'mask': array([ True, False,  True, ...,  True,  True,  True])}",38.683235,31.196138,0.3422558,4.0076342e-05,False,0.93572867,2.0806823,6.6230693,9.950847,11.1655035,2.8314571,7.1867127,3.9774723,1.9313284,0.81686,0.69831455,2.0084286,6.728196,10.151781,13.253319,6.1849537,7.2021613,4.825853,2.6769986,1.301346,b'    909852786814904320'
"{'flux': array([-0.03653579, -0.03653103, -0.8087621 , ...,  4.349199  ,
        4.349199  ,  4.349199  ], dtype=float32), 'ivar': array([0.        , 0.22407897, 0.        , ..., 0.        , 0.        ,
       0.        ], dtype=float32), 'lsf_sigma': array([0.       , 1.0804715, 1.0802234, ..., 0.       , 0.       ,
       0.       ], dtype=float32), 'lambda': array([ 3.7966450e+03,  3.7975193e+03,  3.7983938e+03, ...,
       -1.0000000e+00, -1.0000000e+00, -1.0000000e+00], dtype=float32), 'mask': array([ True, False,  True, ...,  True,  True,  True])}",173.16458,18.377455,0.2680274,6.268805e-05,False,0.94408375,3.3574562,13.15393,22.205185,28.597181,2.8314571,7.1867127,3.9774723,1.9313284,0.81686,0.9942406,3.306593,13.142077,22.279993,29.667921,6.1849537,7.2021613,4.825853,2.6769986,1.301346,b'    909853061692811264'
"{'flux': array([0.2279184 , 0.45771042, 1.2042567 , ..., 2.1818383 , 2.1818383 ,
       2.1818383 ], dtype=float32), 'ivar': array([0.67822105, 0.7704116 , 0.7230349 , ..., 0.        , 0.        ,
       0.        ], dtype=float32), 'lsf_sigma': array([1.0807008, 1.0804628, 1.0802158, ..., 0.       , 0.       ,
       0.       ], dtype=float32), 'lambda': array([ 3.7966450e+03,  3.7975193e+03,  3.7983938e+03, ...,
       -1.0000000e+00, -1.0000000e+00, -1.0000000e+00], dtype=float32), 'mask': array([False, False, False, ...,  True,  True,  True])}",0.0,0.0,0.7395778,2.8031297,True,0.24937843,0.6057493,3.261162,6.67656,8.850216,2.8314571,7.1867127,3.9774723,1.9313284,0.81686,0.029442558,0.56577593,3.2922695,7.0182457,10.656079,6.1849537,7.2021613,4.825853,2.6769986,1.301346,b'    909853336570718208'
"{'flux': array([2.6132991, 2.613021 , 0.8156712, ..., 6.0736914, 6.0736914,
       6.0736914], dtype=float32), 'ivar': array([0.        , 0.25304455, 0.        , ..., 0.        , 0.        ,
       0.        ], dtype=float32), 'lsf_sigma': array([0.       , 1.0663947, 1.0661377, ..., 0.       , 0.       ,
       0.       ], dtype=float32), 'lambda': array([ 3.7966450e+03,  3.7975193e+03,  3.7983938e+03, ...,
       -1.0000000e+00, -1.0000000e+00, -1.0000000e+00], dtype=float32), 'mask': array([ True, False,  True, ...,  True,  True,  True])}",218.91354,29.119802,0.24893586,6.406659e-05,False,1.0913633,2.7803085,11.800438,22.685646,32.78913,2.8314571,7.1867127,3.9774723,1.9313284,0.81686,0.8398461,2.7216973,11.8794,22.491674,34.04891,6.1849537,7.2021613,4.825853,2.6769986,1.301346,b'    909853886326532096'
"{'flux': array([2.245371 , 2.9281647, 2.8946471, ..., 4.0498805, 4.0498805,
       4.0498805], dtype=float32), 'ivar': array([0.0867925 , 0.19392547, 0.1901684 , ..., 0.        , 0.        ,
       0.        ], dtype=float32), 'lsf_sigma': array([1.0666695, 1.066444 , 1.0661901, ..., 0.       , 0.       ,
       0.       ], dtype=float32), 'lambda': array([ 3.7966450e+03,  3.7975193e+03,  3.7983938e+03, ...,
       -1.0000000e+00, -1.0000000e+00, -1.0000000e+00], dtype=float32), 'mask': array([False, False, False, ...,  True,  True,  True])}",145.87636,13.643357,0.22097483,4.363825e-05,False,1.4889793,3.8752158,12.997487,20.5879,26.677607,2.8314571,7.1867127,3.9774723,1.9313284,0.81686,1.3502961,3.8390045,13.083059,20.810413,27.249016,6.1849537,7.2021613,4.825853,2.6769986,1.301346,b'    909854161204439040'
"{'flux': array([3.154612 , 2.4994338, 1.9169298, ..., 4.245474 , 4.245474 ,
       4.245474 ], dtype=float32), 'ivar': array([0.09751347, 0.20254052, 0.19922285, ..., 0.        , 0.        ,
       0.        ], dtype=float32), 'lsf_sigma': array([1.0666945, 1.0664625, 1.0662068, ..., 0.       , 0.       ,
       0.       ], dtype=float32), 'lambda': array([ 3.7966450e+03,  3.7975193e+03,  3.7983938e+03, ...,
       -1.0000000e+00, -1.0000000e+00, -1.0000000e+00], dtype=float32), 'mask': array([False, False, False, ...,  True,  True,  True])}",66.60905,14.264125,0.16945504,4.9803348e-05,False,1.190658,4.3307214,13.378973,21.085316,29.26497,2.8314571,7.1867127,3.9774723,1.9313284,0.81686,1.1084889,4.329329,13.28378,21.339022,29.41758,6.1849537,7.2021613,4.825853,2.6769986,1.301346,b'    909854436082345984'
"{'flux': array([1.332942 , 1.3328345, 2.073636 , ..., 4.828084 , 4.828084 ,
       4.828084 ], dtype=float32), 'ivar': array([0.        , 0.14781624, 0.        , ..., 0.        , 0.        ,
       0.        ], dtype=float32), 'lsf_sigma': array([0.       , 1.0664746, 1.0662456, ..., 0.       , 0.       ,
       0.       ], dtype=float32), 'lambda': array([ 3.7966450e+03,  3.7975193e+03,  3.7983938e+03, ...,
       -1.0000000e+00, -1.0000000e+00, -1.0000000e+00], dtype=float32), 'mask': array([ True, False,  True, ...,  True,  True,  True])}",85.9653,13.013292,0.22098666,2.1353811e-05,False,2.1818173,5.2465305,15.3568535,25.03932,32.70914,2.8314571,7.1867127,3.9774723,1.9313284,0.81686,2.3157432,5.2183266,15.3950615,25.143702,33.501827,6.1849537,7.2021613,4.825853,2.6769986,1.301346,b'    909854985838159872'
"{'flux': array([3.1771395, 3.176849 , 1.4147801, ..., 2.980363 , 2.980363 ,
       2.980363 ], dtype=float32), 'ivar': array([0.        , 0.08233968, 0.        , ..., 0.        , 0.        ,
       0.        ], dtype=float32), 'lsf_sigma': array([0.       , 1.0664959, 1.0662715, ..., 0.       , 0.       ,
       0.       ], dtype=float32), 'lambda': array([ 3.7966450e+03,  3.7975193e+03,  3.7983938e+03, ...,
       -1.0000000e+00, -1.0000000e+00, -1.0000000e+00], dtype=float32), 'mask': array([ True, False,  True, ...,  True,  True,  True])}",168.64835,37.89172,0.33750227,4.482851e-05,False,2.0832968,3.068512,9.218751,14.450507,20.35062,2.8314571,7.1867127,3.9774723,1.9313284,0.81686,1.6309568,3.0557835,9.142123,14.55549,20.384956,6.1849537,7.2021613,4.825853,2.6769986,1.301346,b'    909855260716066816'
"{'flux': array([0.22795522, 0.2279336 , 1.2832599 , ..., 3.7022834 , 3.7022834 ,
       3.7022834 ], dtype=float32), 'ivar': array([0.       , 0.0822274, 0.       , ..., 0.       , 0.       ,
       0.       ], dtype=float32), 'lsf_sigma': array([0.       , 1.0665034, 1.0662773, ..., 0.       , 0.       ,
       0.       ], dtype=float32), 'lambda': array([ 3.7966450e+03,  3.7975193e+03,  3.7983938e+03, ...,
       -1.0000000e+00, -1.0000000e+00, -1.0000000e+00], dtype=float32), 'mask': array([ True, False,  True, ...,  True,  True,  True])}",130.88168,25.69473,0.35649115,4.2951786e-05,False,1.7029828,3.0843503,11.414811,18.736586,26.262156,2.8314571,7.1867127,3.9774723,1.9313284,0.81686,1.3021878,3.0709083,11.411277,18.734539,26.267519,6.1849537,7.2021613,4.825853,2.6769986,1.301346,b'    909855535593973760'
"{'flux': array([2.4574924, 2.4572349, 1.7067703, ..., 2.7683907, 2.7683907,
       2.7683907], dtype=float32), 'ivar': array([0.        , 0.25126123, 0.        , ..., 0.        , 0.        ,
       0.        ], dtype=float32), 'lsf_sigma': array([0.       , 1.0664922, 1.0662569, ..., 0.       , 0.       ,
       0.       ], dtype=float32), 'lambda': array([ 3.7966450e+03,  3.7975193e+03,  3.7983938e+03, ...,
       -1.0000000e+00, -1.0000000e+00, -1.0000000e+00], dtype=float32), 'mask': array([ True, False,  True, ...,  True,  True,  True])}",170.7406,39.240917,0.4089582,2.949759e-05,False,1.1272954,1.3840065,5.129325,9.292638,12.457375,2.8314571,7.1867127,3.9774723,1.9313284,0.81686,0.67516035,1.3607897,5.23731,9.3393345,12.908829,6.1849537,7.2021613,4.825853,2.6769986,1.301346,b'    909855810471880704'
"{'flux': array([ 2.3120584 ,  2.3118262 , -0.31211117, ...,  2.7230673 ,
        2.7230673 ,  2.7230673 ], dtype=float32), 'ivar': array([0.       , 0.0864642, 0.       , ..., 0.       , 0.       ,
       0.       ], dtype=float32), 'lsf_sigma': array([0.       , 1.0665253, 1.066301 , ..., 0.       , 0.       ,
       0.       ], dtype=float32), 'lambda': array([ 3.7966450e+03,  3.7975193e+03,  3.7983938e+03, ...,
       -1.0000000e+00, -1.0000000e+00, -1.0000000e+00], dtype=float32), 'mask': array([ True, False,  True, ...,  True,  True,  True])}",128.93546,29.430965,0.2599552,9.110598e-05,False,0.5540511,1.8193675,6.4346333,10.564311,13.391863,2.8314571,7.1867127,3.9774723,1.9313284,0.81686,0.6980299,1.7941884,6.4165974,10.632403,14.168298,6.1849537,7.2021613,4.825853,2.6769986,1.301346,b'    909856085349787648'
"{'flux': array([0.73454916, 0.73448855, 0.89152175, ..., 4.442302  , 4.442302  ,
       4.442302  ], dtype=float32), 'ivar': array([0.        , 0.08759116, 0.        , ..., 0.        , 0.        ,
       0.        ], dtype=float32), 'lsf_sigma': array([0.       , 1.0665455, 1.0663228, ..., 0.       , 0.       ,
       0.       ], dtype=float32), 'lambda': array([ 3.7966450e+03,  3.7975193e+03,  3.7983938e+03, ...,
       -1.0000000e+00, -1.0000000e+00, -1.0000000e+00], dtype=float32), 'mask': array([ True, False,  True, ...,  True,  True,  True])}",236.46931,25.969099,0.33200672,8.1162514e-05,False,0.5474648,2.0321507,9.892635,18.076107,24.775694,2.8314571,7.1867127,3.9774723,1.9313284,0.81686,0.6586183,1.991909,9.887605,18.122923,25.622921,6.1849537,7.2021613,4.825853,2.6769986,1.301346,b'    909856635105601536'
"{'flux': array([4.918328 , 4.9178243, 4.572731 , ..., 6.2837977, 6.2837977,
       6.2837977], dtype=float32), 'ivar': array([0.        , 0.10868943, 0.        , ..., 0.        , 0.        ,
       0.        ], dtype=float32), 'lsf_sigma': array([0.       , 1.0665436, 1.0663204, ..., 0.       , 0.       ,
       0.       ], dtype=float32), 'lambda': array([ 3.7966450e+03,  3.7975193e+03,  3.7983938e+03, ...,
       -1.0000000e+00, -1.0000000e+00, -1.0000000e+00], dtype=float32), 'mask': array([ True, False,  True, ...,  True,  True,  True])}",226.31459,22.775946,0.3832991,4.74343e-05,False,1.0753132,3.3464122,15.446788,24.124475,31.527817,2.8314571,7.1867127,3.9774723,1.9313284,0.81686,0.8813779,3.4506261,15.25593,24.515247,32.28488,6.1849537,7.2021613,4.825853,2.6769986,1.301346,b'    909856909983508480'
"{'flux': array([-3.1548676, -3.1545284, -1.3162152, ...,  3.1413732,  3.1413732,
        3.1413732], dtype=float32), 'ivar': array([0.        , 0.23590595, 0.        , ..., 0.        , 0.        ,
       0.        ], dtype=float32), 'lsf_sigma': array([0.       , 1.0665383, 1.0663074, ..., 0.       , 0.       ,
       0.       ], dtype=float32), 'lambda': array([ 3.7966450e+03,  3.7975193e+03,  3.7983938e+03, ...,
       -1.0000000e+00, -1.0000000e+00, -1.0000000e+00], dtype=float32), 'mask': array([ True, False,  True, ...,  True,  True,  True])}",65.13165,16.715254,0.32014152,7.7426426e-05,False,0.95207626,1.5928842,7.065903,12.283492,15.484462,2.8314571,7.1867127,3.9774723,1.9313284,0.81686,0.67085516,1.568346,7.091733,12.5027,17.373413,6.1849537,7.2021613,4.825853,2.6769986,1.301346,b'    909857184861415424'
"{'flux': array([1.2554237, 1.2553114, 1.1669486, ..., 4.4041657, 4.4041657,
       4.4041657], dtype=float32), 'ivar': array([0.       , 0.1611173, 0.       , ..., 0.       , 0.       ,
       0.       ], dtype=float32), 'lsf_sigma': array([0.       , 1.0666344, 1.0663892, ..., 0.       , 0.       ,
       0.       ], dtype=float32), 'lambda': array([ 3.7966450e+03,  3.7975193e+03,  3.7983938e+03, ...,
       -1.0000000e+00, -1.0000000e+00, -1.0000000e+00], dtype=float32), 'mask': array([ True, False,  True, ...,  True,  True,  True])}",219.52234,28.480755,0.33720815,2.6309835e-05,False,1.8313508,4.4258733,14.487783,23.042423,32.46217,2.8314571,7.1867127,3.9774723,1.9313284,0.81686,1.6153554,4.414414,14.458529,23.292992,33.94014,6.1849537,7.2021613,4.825853,2.6769986,1.301346,b'    909858284373043200'
"{'flux': array([3.6274862, 3.6270998, 2.6338918, ..., 5.738828 , 5.738828 ,
       5.738828 ], dtype=float32), 'ivar': array([0.        , 0.14720044, 0.        , ..., 0.        , 0.        ,
       0.        ], dtype=float32), 'lsf_sigma': array([0.       , 1.066639 , 1.0663975, ..., 0.       , 0.       ,
       0.       ], dtype=float32), 'lambda': array([ 3.7966450e+03,  3.7975193e+03,  3.7983938e+03, ...,
       -1.0000000e+00, -1.0000000e+00, -1.0000000e+00], dtype=float32), 'mask': array([ True, False,  True, ...,  True,  True,  True])}",251.62437,21.296452,0.24875459,5.378912e-05,False,1.1630003,3.6995816,15.511447,26.04155,34.25301,2.8314571,7.1867127,3.9774723,1.9313284,0.81686,1.071666,3.6752245,15.494352,26.236046,34.85912,6.1849537,7.2021613,4.825853,2.6769986,1.301346,b'    909858559250950144'
"{'flux': array([4.068549 , 4.068066 , 1.5737584, ..., 3.7285917, 3.7285917,
       3.7285917], dtype=float32), 'ivar': array([0.        , 0.08342996, 0.        , ..., 0.        , 0.        ,
       0.        ], dtype=float32), 'lsf_sigma': array([0.       , 1.0666152, 1.0663915, ..., 0.       , 0.       ,
       0.       ], dtype=float32), 'lambda': array([ 3.7966450e+03,  3.7975193e+03,  3.7983938e+03, ...,
       -1.0000000e+00, -1.0000000e+00, -1.0000000e+00], dtype=float32), 'mask': array([ True, False,  True, ...,  True,  True,  True])}",0.0,0.0,0.33052352,3.4209646e-05,False,1.8102459,2.5927446,7.9884987,12.62658,18.885014,2.8314571,7.1867127,3.9774723,1.9313284,0.81686,2.2897694,2.5967994,7.8736157,13.213822,18.46853,6.1849537,7.2021613,4.825853,2.6769986,1.301346,b'    909858834128857088'
"{'flux': array([1.6443434 , 1.018771  , 0.34045315, ..., 8.431167  , 8.431167  ,
       8.431167  ], dtype=float32), 'ivar': array([0.06474481, 0.22619694, 0.24314822, ..., 0.        , 0.        ,
       0.        ], dtype=float32), 'lsf_sigma': array([1.043461 , 1.0432743, 1.0430353, ..., 0.       , 0.       ,
       0.       ], dtype=float32), 'lambda': array([ 3.7966450e+03,  3.7975193e+03,  3.7983938e+03, ...,
       -1.0000000e+00, -1.0000000e+00, -1.0000000e+00], dtype=float32), 'mask': array([False, False, False, ...,  True,  True,  True])}",176.39331,13.302652,0.22220509,3.6024576e-05,False,2.5320828,6.584026,21.915867,35.44755,45.424652,2.8314571,7.1867127,3.9774723,1.9313284,0.81686,2.2616613,6.5434384,21.945621,35.31128,45.768284,6.1849537,7.2021613,4.825853,2.6769986,1.301346,b'    909859658762577920'
"{'flux': array([2.5768669, 2.5764399, 2.576013 , ..., 5.4193754, 5.4193754,
       5.4193754], dtype=float32), 'ivar': array([0., 0., 0., ..., 0., 0., 0.], dtype=float32), 'lsf_sigma': array([0., 0., 0., ..., 0., 0., 0.], dtype=float32), 'lambda': array([ 3.7966450e+03,  3.7975193e+03,  3.7983938e+03, ...,
       -1.0000000e+00, -1.0000000e+00, -1.0000000e+00], dtype=float32), 'mask': array([ True,  True,  True, ...,  True,  True,  True])}",200.12367,21.657246,0.30071107,4.6599285e-05,False,1.2315873,3.4247463,15.041386,27.59398,38.587006,2.8314571,7.1867127,3.9774723,1.9313284,0.81686,1.0258511,3.3410177,15.162387,27.644278,39.894516,6.1849537,7.2021613,4.825853,2.6769986,1.301346,b'    909870379000948736'
"{'flux': array([0.9907165 , 0.9905414 , 0.99036646, ..., 4.5030136 , 4.5030136 ,
       4.5030136 ], dtype=float32), 'ivar': array([0., 0., 0., ..., 0., 0., 0.], dtype=float32), 'lsf_sigma': array([0., 0., 0., ..., 0., 0., 0.], dtype=float32), 'lambda': array([ 3.7966450e+03,  3.7975193e+03,  3.7983938e+03, ...,
       -1.0000000e+00, -1.0000000e+00, -1.0000000e+00], dtype=float32), 'mask': array([ True,  True,  True, ...,  True,  True,  True])}",243.13026,34.60319,0.25917763,7.451541e-05,False,0.7585581,2.8999581,12.384477,20.507168,27.539541,2.8314571,7.1867127,3.9774723,1.9313284,0.81686,0.8341879,2.8668232,12.2503,20.904772,27.86698,6.1849537,7.2021613,4.825853,2.6769986,1.301346,b'    909871203634669568'
"{'flux': array([0.23687558, 0.2368362 , 0.23679686, ..., 2.3567257 , 2.3567257 ,
       2.3567257 ], dtype=float32), 'ivar': array([0., 0., 0., ..., 0., 0., 0.], dtype=float32), 'lsf_sigma': array([0., 0., 0., ..., 0., 0., 0.], dtype=float32), 'lambda': array([ 3.7966450e+03,  3.7975193e+03,  3.7983938e+03, ...,
       -1.0000000e+00, -1.0000000e+00, -1.0000000e+00], dtype=float32), 'mask': array([ True,  True,  True, ...,  True,  True,  True])}",185.94707,32.890217,0.347175,6.9908485e-05,False,0.7637349,2.0645027,8.596806,14.920859,21.287554,2.8314571,7.1867127,3.9774723,1.9313284,0.81686,0.5766349,2.0265493,8.71671,15.295273,21.912497,6.1849537,7.2021613,4.825853,2.6769986,1.301346,b'    909871753390483456'
"{'flux': array([4.1557393, 4.1550097, 4.1542807, ..., 5.507604 , 5.507604 ,
       5.507604 ], dtype=float32), 'ivar': array([0., 0., 0., ..., 0., 0., 0.], dtype=float32), 'lsf_sigma': array([0., 0., 0., ..., 0., 0., 0.], dtype=float32), 'lambda': array([ 3.7966450e+03,  3.7975193e+03,  3.7983938e+03, ...,
       -1.0000000e+00, -1.0000000e+00, -1.0000000e+00], dtype=float32), 'mask': array([ True,  True,  True, ...,  True,  True,  True])}",0.0,0.0,0.00024352231,2.9403722e-05,False,1.3460764,3.475049,12.440499,23.825443,33.99436,2.8314571,7.1867127,3.9774723,1.9313284,0.81686,0.6955195,3.4882069,12.23508,23.619183,33.650803,6.1849537,7.2021613,4.825853,2.6769986,1.301346,b'    909872028268390400'
"{'flux': array([1.3339758, 1.3337517, 1.333528 , ..., 2.8336165, 2.8336165,
       2.8336165], dtype=float32), 'ivar': array([0., 0., 0., ..., 0., 0., 0.], dtype=float32), 'lsf_sigma': array([0., 0., 0., ..., 0., 0., 0.], dtype=float32), 'lambda': array([ 3.7966450e+03,  3.7975193e+03,  3.7983938e+03, ...,
       -1.0000000e+00, -1.0000000e+00, -1.0000000e+00], dtype=float32), 'mask': array([ True,  True,  True, ...,  True,  True,  True])}",45.905174,42.884502,0.3031351,2.1713991e-05,False,2.0241375,3.5343354,9.571794,13.98368,18.140867,2.8314571,7.1867127,3.9774723,1.9313284,0.81686,1.5581005,3.5034778,9.613937,14.220541,18.871363,6.1849537,7.2021613,4.825853,2.6769986,1.301346,b'    909872852902111232'
"{'flux': array([5.854854 , 5.8538733, 5.852894 , ..., 7.634884 , 7.634884 ,
       7.634884 ], dtype=float32), 'ivar': array([0., 0., 0., ..., 0., 0., 0.], dtype=float32), 'lsf_sigma': array([0., 0., 0., ..., 0., 0., 0.], dtype=float32), 'lambda': array([ 3.7966450e+03,  3.7975193e+03,  3.7983938e+03, ...,
       -1.0000000e+00, -1.0000000e+00, -1.0000000e+00], dtype=float32), 'mask': array([ True,  True,  True, ...,  True,  True,  True])}",95.78094,10.307682,0.15810166,3.057715e-05,False,3.1705754,8.170172,24.50406,38.98662,53.621113,2.8314571,7.1867127,3.9774723,1.9313284,0.81686,2.6275136,8.148882,24.530678,39.565342,55.057343,6.1849537,7.2021613,4.825853,2.6769986,1.301346,b'    909873402657925120'
"{'flux': array([3.7227292, 3.722116 , 3.7215035, ..., 8.297155 , 8.297155 ,
       8.297155 ], dtype=float32), 'ivar': array([0., 0., 0., ..., 0., 0., 0.], dtype=float32), 'lsf_sigma': array([0., 0., 0., ..., 0., 0., 0.], dtype=float32), 'lambda': array([ 3.7966450e+03,  3.7975193e+03,  3.7983938e+03, ...,
       -1.0000000e+00, -1.0000000e+00, -1.0000000e+00], dtype=float32), 'mask': array([ True,  True,  True, ...,  True,  True,  True])}",174.49445,14.297401,0.25183755,3.2777836e-05,False,2.1621788,5.6971374,20.730507,34.977264,47.27408,2.8314571,7.1867127,3.9774723,1.9313284,0.81686,2.3045611,5.651535,20.778284,35.39913,48.58717,6.1849537,7.2021613,4.825853,2.6769986,1.301346,b'    909873677535832064'
"{'flux': array([2.0961826, 2.0958245, 2.0954666, ..., 5.3614435, 5.3614435,
       5.3614435], dtype=float32), 'ivar': array([0., 0., 0., ..., 0., 0., 0.], dtype=float32), 'lsf_sigma': array([0., 0., 0., ..., 0., 0., 0.], dtype=float32), 'lambda': array([ 3.7966450e+03,  3.7975193e+03,  3.7983938e+03, ...,
       -1.0000000e+00, -1.0000000e+00, -1.0000000e+00], dtype=float32), 'mask': array([ True,  True,  True, ...,  True,  True,  True])}",207.97374,18.82418,0.25634462,6.400452e-05,False,1.0940427,3.7800205,15.139381,24.957731,33.183712,2.8314571,7.1867127,3.9774723,1.9313284,0.81686,1.3123864,3.7391002,15.0583,25.241167,33.15658,6.1849537,7.2021613,4.825853,2.6769986,1.301346,b'    909874502169552896'
"{'flux': array([22.019653, 22.021183, 22.02271 , ..., 71.70312 , 71.70312 ,
       71.70312 ], dtype=float32), 'ivar': array([0., 0., 0., ..., 0., 0., 0.], dtype=float32), 'lsf_sigma': array([0., 0., 0., ..., 0., 0., 0.], dtype=float32), 'lambda': array([ 3.794897e+03,  3.795771e+03,  3.796645e+03, ..., -1.000000e+00,
       -1.000000e+00, -1.000000e+00], dtype=float32), 'mask': array([ True,  True,  True, ...,  True,  True,  True])}",0.0,0.0,0.00022293939,7.1397003e-06,False,38.822575,172.5141,358.89877,467.45227,523.9672,1.920073,3.4066083,3.0409682,1.7723761,0.5742875,43.497433,171.97958,360.8469,464.95273,524.8239,3.4541812,3.4159808,3.4789014,2.0723252,0.8722273,b'   1201423480298432512'
"{'flux': array([3.1683095, 3.16855  , 3.16879  , ..., 2.9207957, 2.9207957,
       2.9207957], dtype=float32), 'ivar': array([0., 0., 0., ..., 0., 0., 0.], dtype=float32), 'lsf_sigma': array([0., 0., 0., ..., 0., 0., 0.], dtype=float32), 'lambda': array([ 3.794897e+03,  3.795771e+03,  3.796645e+03, ..., -1.000000e+00,
       -1.000000e+00, -1.000000e+00], dtype=float32), 'mask': array([ True,  True,  True, ...,  True,  True,  True])}",0.0,35.30366,0.16956538,1.6901568e-05,False,2.645301,4.815467,10.502558,14.489728,18.469662,1.920073,3.4066083,3.0409682,1.7723761,0.5742875,1.6405177,4.7702613,10.340373,15.055218,17.663841,3.4541812,3.4159808,3.4789014,2.0723252,0.8722273,b'   1201423755176339456'
"{'flux': array([3.7439904, 3.744347 , 3.7447035, ..., 1.5961146, 1.5961146,
       1.5961146], dtype=float32), 'ivar': array([0., 0., 0., ..., 0., 0., 0.], dtype=float32), 'lsf_sigma': array([0., 0., 0., ..., 0., 0., 0.], dtype=float32), 'lambda': array([ 3.794897e+03,  3.795771e+03,  3.796645e+03, ..., -1.000000e+00,
       -1.000000e+00, -1.000000e+00], dtype=float32), 'mask': array([ True,  True,  True, ...,  True,  True,  True])}",0.0,0.0,1.263587,0.0005147851,False,5.396979,7.8050303,10.942045,9.430462,5.754531,1.920073,3.4066083,3.0409682,1.7723761,0.5742875,5.42598,7.7812686,10.679467,9.657725,7.247614,3.4541812,3.4159808,3.4789014,2.0723252,0.8722273,b'   1201424030054246400'
"{'flux': array([8.836321, 8.836918, 8.837516, ..., 5.565669, 5.565669, 5.565669],
      dtype=float32), 'ivar': array([0., 0., 0., ..., 0., 0., 0.], dtype=float32), 'lsf_sigma': array([0., 0., 0., ..., 0., 0., 0.], dtype=float32), 'lambda': array([ 3.794897e+03,  3.795771e+03,  3.796645e+03, ..., -1.000000e+00,
       -1.000000e+00, -1.000000e+00], dtype=float32), 'mask': array([ True,  True,  True, ...,  True,  True,  True])}",70.503365,20.746878,0.10604102,8.457262e-06,False,7.238425,14.229312,27.24453,38.51878,42.40274,1.920073,3.4066083,3.0409682,1.7723761,0.5742875,5.739836,14.147647,27.156723,38.38305,43.282,3.4541812,3.4159808,3.4789014,2.0723252,0.8722273,b'   1201424304932153344'
"{'flux': array([-0.85380423, -0.8538559 , -0.85390764, ..., -0.94290197,
       -0.94290197, -0.94290197], dtype=float32), 'ivar': array([0., 0., 0., ..., 0., 0., 0.], dtype=float32), 'lsf_sigma': array([0.       , 0.       , 0.       , ..., 0.7495369, 0.7495369,
       0.7495369], dtype=float32), 'lambda': array([ 3.794897e+03,  3.795771e+03,  3.796645e+03, ..., -1.000000e+00,
       -1.000000e+00, -1.000000e+00], dtype=float32), 'mask': array([ True,  True,  True, ...,  True,  True,  True])}",0.0,22.723055,0.16573563,1.030681e-05,False,1.9967614,6.150803,9.659176,11.798258,9.507749,1.920073,3.4066083,3.0409682,1.7723761,0.5742875,2.0335248,6.058096,9.617579,11.486887,10.337563,3.4541812,3.4159808,3.4789014,2.0723252,0.8722273,b'   1201424854687967232'
"{'flux': array([6.2396555, 6.2401266, 6.2405977, ..., 0.8916937, 0.8916937,
       0.8916937], dtype=float32), 'ivar': array([0., 0., 0., ..., 0., 0., 0.], dtype=float32), 'lsf_sigma': array([0., 0., 0., ..., 0., 0., 0.], dtype=float32), 'lambda': array([ 3.794897e+03,  3.795771e+03,  3.796645e+03, ..., -1.000000e+00,
       -1.000000e+00, -1.000000e+00], dtype=float32), 'mask': array([ True,  True,  True, ...,  True,  True,  True])}",0.0,0.0,-0.00029226005,8.0287464e-05,True,5.19754,7.0301514,10.414306,11.477303,9.192387,1.920073,3.4066083,3.0409682,1.7723761,0.5742875,4.0302467,6.91727,10.365431,11.616817,10.088473,3.4541812,3.4159808,3.4789014,2.0723252,0.8722273,b'   1201425404443781120'
"{'flux': array([12.421147, 12.421836, 12.422525, ..., 46.01299 , 46.01299 ,
       46.01299 ], dtype=float32), 'ivar': array([0., 0., 0., ..., 0., 0., 0.], dtype=float32), 'lsf_sigma': array([0., 0., 0., ..., 0., 0., 0.], dtype=float32), 'lambda': array([ 3.794897e+03,  3.795771e+03,  3.796645e+03, ..., -1.000000e+00,
       -1.000000e+00, -1.000000e+00], dtype=float32), 'mask': array([ True,  True,  True, ...,  True,  True,  True])}",0.0,0.0,-8.858525e-05,7.5133266e-06,False,18.857903,95.23432,213.19481,287.95865,329.80344,1.920073,3.4066083,3.0409682,1.7723761,0.5742875,21.51599,95.12872,213.3992,286.8976,328.59418,3.4541812,3.4159808,3.4789014,2.0723252,0.8722273,b'   1201425679321688064'
"{'flux': array([1.6031786, 1.6033205, 1.6034626, ..., 8.770569 , 8.770569 ,
       8.770569 ], dtype=float32), 'ivar': array([0., 0., 0., ..., 0., 0., 0.], dtype=float32), 'lsf_sigma': array([0., 0., 0., ..., 0., 0., 0.], dtype=float32), 'lambda': array([ 3.794897e+03,  3.795771e+03,  3.796645e+03, ..., -1.000000e+00,
       -1.000000e+00, -1.000000e+00], dtype=float32), 'mask': array([ True,  True,  True, ...,  True,  True,  True])}",65.22421,17.129208,0.19648425,2.121953e-05,False,4.6920953,12.226377,28.171211,40.642582,49.21387,1.920073,3.4066083,3.0409682,1.7723761,0.5742875,5.681528,12.126646,28.1328,41.225773,49.321583,3.4541812,3.4159808,3.4789014,2.0723252,0.8722273,b'   1201425954199595008'
"{'flux': array([ 4.4177876,  4.41818  ,  4.4185715, ..., -1.4579512, -1.4579512,
       -1.4579512], dtype=float32), 'ivar': array([0., 0., 0., ..., 0., 0., 0.], dtype=float32), 'lsf_sigma': array([0., 0., 0., ..., 0., 0., 0.], dtype=float32), 'lambda': array([ 3.794897e+03,  3.795771e+03,  3.796645e+03, ..., -1.000000e+00,
       -1.000000e+00, -1.000000e+00], dtype=float32), 'mask': array([ True,  True,  True, ...,  True,  True,  True])}",0.0,0.0,1.3161502,0.0008667927,False,4.2135587,4.187045,6.816434,5.727667,2.769846,1.920073,3.4066083,3.0409682,1.7723761,0.5742875,3.5480666,4.127879,6.6825566,5.628858,2.6363149,3.4541812,3.4159808,3.4789014,2.0723252,0.8722273,b'   1201426229077501952'
"{'flux': array([-1.2919505, -1.2920636, -1.2921768, ...,  3.7177353,  3.7177353,
        3.7177353], dtype=float32), 'ivar': array([0., 0., 0., ..., 0., 0., 0.], dtype=float32), 'lsf_sigma': array([0., 0., 0., ..., 0., 0., 0.], dtype=float32), 'lambda': array([ 3.794897e+03,  3.795771e+03,  3.796645e+03, ..., -1.000000e+00,
       -1.000000e+00, -1.000000e+00], dtype=float32), 'mask': array([ True,  True,  True, ...,  True,  True,  True])}",0.0,0.0,1.8964767e-05,2.9280014e-05,False,0.2288585,5.088446,16.120512,25.928112,31.437244,1.920073,3.4066083,3.0409682,1.7723761,0.5742875,0.8760624,4.9981194,16.121204,25.692825,31.15947,3.4541812,3.4159808,3.4789014,2.0723252,0.8722273,b'   1201426503955408896'
"{'flux': array([1.5384007, 1.5385616, 1.5387225, ..., 9.084357 , 9.084357 ,
       9.084357 ], dtype=float32), 'ivar': array([0., 0., 0., ..., 0., 0., 0.], dtype=float32), 'lsf_sigma': array([0., 0., 0., ..., 0., 0., 0.], dtype=float32), 'lambda': array([ 3.794897e+03,  3.795771e+03,  3.796645e+03, ..., -1.000000e+00,
       -1.000000e+00, -1.000000e+00], dtype=float32), 'mask': array([ True,  True,  True, ...,  True,  True,  True])}",0.0,0.0,-5.5164524e-05,3.059273e-05,False,0.5620773,1.0762235,5.1841426,23.369457,47.286026,1.920073,3.4066083,3.0409682,1.7723761,0.5742875,0.30149403,0.9842046,5.1027303,23.349724,46.971592,3.4541812,3.4159808,3.4789014,2.0723252,0.8722273,b'   1201426778833315840'
"{'flux': array([ 2.2438486 ,  2.2440352 ,  2.2442217 , ..., -0.36984605,
       -0.36984605, -0.36984605], dtype=float32), 'ivar': array([0., 0., 0., ..., 0., 0., 0.], dtype=float32), 'lsf_sigma': array([0., 0., 0., ..., 0., 0., 0.], dtype=float32), 'lambda': array([ 3.794897e+03,  3.795771e+03,  3.796645e+03, ..., -1.000000e+00,
       -1.000000e+00, -1.000000e+00], dtype=float32), 'mask': array([ True,  True,  True, ...,  True,  True,  True])}",850.0,-3.0,0.2811977,1.5605801e-05,False,2.41137,4.235174,8.761579,10.340214,13.689892,1.920073,3.4066083,3.0409682,1.7723761,0.5742875,2.1786273,4.2123103,8.503448,10.678587,12.796056,3.4541812,3.4159808,3.4789014,2.0723252,0.8722273,b'   1201427053711222784'
"{'flux': array([ 5.350063 ,  5.3503785,  5.350694 , ..., 17.699678 , 17.699678 ,
       17.699678 ], dtype=float32), 'ivar': array([0., 0., 0., ..., 0., 0., 0.], dtype=float32), 'lsf_sigma': array([0.        , 0.        , 0.        , ..., 0.75020283, 0.75020283,
       0.75020283], dtype=float32), 'lambda': array([ 3.794897e+03,  3.795771e+03,  3.796645e+03, ..., -1.000000e+00,
       -1.000000e+00, -1.000000e+00], dtype=float32), 'mask': array([ True,  True,  True, ...,  True,  True,  True])}",0.0,0.0,0.00018217253,9.507312e-06,False,4.7291746,26.51851,72.24925,104.059105,124.32584,1.920073,3.4066083,3.0409682,1.7723761,0.5742875,3.8474762,26.475025,72.08442,104.32029,121.98588,3.4541812,3.4159808,3.4789014,2.0723252,0.8722273,b'   1201427328589129728'
"{'flux': array([2.5468774, 2.5470355, 2.5471935, ..., 8.827474 , 8.827474 ,
       8.827474 ], dtype=float32), 'ivar': array([0., 0., 0., ..., 0., 0., 0.], dtype=float32), 'lsf_sigma': array([0.        , 0.        , 0.        , ..., 0.75029016, 0.75029016,
       0.75029016], dtype=float32), 'lambda': array([ 3.794897e+03,  3.795771e+03,  3.796645e+03, ..., -1.000000e+00,
       -1.000000e+00, -1.000000e+00], dtype=float32), 'mask': array([ True,  True,  True, ...,  True,  True,  True])}",0.0,0.0,0.00015962042,2.3990448e-05,False,1.3231695,2.985026,12.378241,38.74544,67.84747,1.920073,3.4066083,3.0409682,1.7723761,0.5742875,0.5734035,2.908262,12.236395,38.387497,66.669876,3.4541812,3.4159808,3.4789014,2.0723252,0.8722273,b'   1201427603467036672'
"{'flux': array([5.123085 , 5.123478 , 5.123872 , ..., 6.0772367, 6.0772367,
       6.0772367], dtype=float32), 'ivar': array([0., 0., 0., ..., 0., 0., 0.], dtype=float32), 'lsf_sigma': array([0.       , 0.       , 0.       , ..., 0.7503698, 0.7503698,
       0.7503698], dtype=float32), 'lambda': array([ 3.794897e+03,  3.795771e+03,  3.796645e+03, ..., -1.000000e+00,
       -1.000000e+00, -1.000000e+00], dtype=float32), 'mask': array([ True,  True,  True, ...,  True,  True,  True])}",154.68398,19.004574,0.17466266,5.278634e-05,False,3.3582864,6.8838415,21.107372,34.50037,45.687366,1.920073,3.4066083,3.0409682,1.7723761,0.5742875,2.698037,6.781492,21.139698,34.083183,45.417923,3.4541812,3.4159808,3.4789014,2.0723252,0.8722273,b'   1201427878344943616'
"{'flux': array([0.8943706 , 0.89442915, 0.8944877 , ..., 2.1823175 , 2.1823175 ,
       2.1823175 ], dtype=float32), 'ivar': array([0., 0., 0., ..., 0., 0., 0.], dtype=float32), 'lsf_sigma': array([0., 0., 0., ..., 0., 0., 0.], dtype=float32), 'lambda': array([ 3.794897e+03,  3.795771e+03,  3.796645e+03, ..., -1.000000e+00,
       -1.000000e+00, -1.000000e+00], dtype=float32), 'mask': array([ True,  True,  True, ...,  True,  True,  True])}",51.34641,58.345997,0.38244912,2.096541e-05,False,1.1685613,2.961058,8.044352,10.984784,14.378021,1.920073,3.4066083,3.0409682,1.7723761,0.5742875,1.3126938,2.8976994,7.9167747,10.764889,13.345896,3.4541812,3.4159808,3.4789014,2.0723252,0.8722273,b'   1201428153222850560'
"{'flux': array([2.0456057, 2.045797 , 2.0459886, ..., 1.6537004, 1.6537004,
       1.6537004], dtype=float32), 'ivar': array([0., 0., 0., ..., 0., 0., 0.], dtype=float32), 'lsf_sigma': array([0., 0., 0., ..., 0., 0., 0.], dtype=float32), 'lambda': array([ 3.794897e+03,  3.795771e+03,  3.796645e+03, ..., -1.000000e+00,
       -1.000000e+00, -1.000000e+00], dtype=float32), 'mask': array([ True,  True,  True, ...,  True,  True,  True])}",0.0,0.0,1.0382816,0.0013838337,False,5.196145,5.5944395,8.74599,9.110969,10.235928,1.920073,3.4066083,3.0409682,1.7723761,0.5742875,5.683607,5.484617,8.653845,9.402122,10.117431,3.4541812,3.4159808,3.4789014,2.0723252,0.8722273,b'   1201428428100757504'
"{'flux': array([10.365358, 10.366045, 10.366732, ..., 16.975122, 16.975122,
       16.975122], dtype=float32), 'ivar': array([0., 0., 0., ..., 0., 0., 0.], dtype=float32), 'lsf_sigma': array([0., 0., 0., ..., 0., 0., 0.], dtype=float32), 'lambda': array([ 3.794897e+03,  3.795771e+03,  3.796645e+03, ..., -1.000000e+00,
       -1.000000e+00, -1.000000e+00], dtype=float32), 'mask': array([ True,  True,  True, ...,  True,  True,  True])}",0.0,0.0,0.00012561871,8.649241e-06,False,9.932135,41.516254,84.35795,107.79138,123.16383,1.920073,3.4066083,3.0409682,1.7723761,0.5742875,10.020954,41.280495,84.49472,107.39013,122.16944,3.4541812,3.4159808,3.4789014,2.0723252,0.8722273,b'   1201428702978664448'
"{'flux': array([2.966978 , 2.9672432, 2.9675083, ..., 2.1005263, 2.1005263,
       2.1005263], dtype=float32), 'ivar': array([0., 0., 0., ..., 0., 0., 0.], dtype=float32), 'lsf_sigma': array([0., 0., 0., ..., 0., 0., 0.], dtype=float32), 'lambda': array([ 3.794897e+03,  3.795771e+03,  3.796645e+03, ..., -1.000000e+00,
       -1.000000e+00, -1.000000e+00], dtype=float32), 'mask': array([ True,  True,  True, ...,  True,  True,  True])}",0.0,0.0,0.00012497617,2.5542675e-05,False,2.4130478,8.498354,17.00479,21.419321,26.841833,1.920073,3.4066083,3.0409682,1.7723761,0.5742875,2.1014397,8.42514,16.939648,21.570599,25.25768,3.4541812,3.4159808,3.4789014,2.0723252,0.8722273,b'   1201429527612385280'
"{'flux': array([ 1.4263467,  1.4264909,  1.4266353, ..., 15.238991 , 15.238991 ,
       15.238991 ], dtype=float32), 'ivar': array([0., 0., 0., ..., 0., 0., 0.], dtype=float32), 'lsf_sigma': array([0.       , 0.       , 0.       , ..., 0.7631993, 0.7631993,
       0.7631993], dtype=float32), 'lambda': array([ 3.794897e+03,  3.795771e+03,  3.796645e+03, ..., -1.000000e+00,
       -1.000000e+00, -1.000000e+00], dtype=float32), 'mask': array([ True,  True,  True, ...,  True,  True,  True])}",0.0,0.0,-0.0002046901,1.2826821e-05,False,1.598621,16.20865,52.780434,82.06091,103.162544,1.920073,3.4066083,3.0409682,1.7723761,0.5742875,1.789373,16.18245,52.492073,82.54983,99.686134,3.4541812,3.4159808,3.4789014,2.0723252,0.8722273,b'   1201430352246106112'
"{'flux': array([ 1.847237 ,  1.8474163,  1.8475958, ..., -0.6567605, -0.6567605,
       -0.6567605], dtype=float32), 'ivar': array([0., 0., 0., ..., 0., 0., 0.], dtype=float32), 'lsf_sigma': array([0., 0., 0., ..., 0., 0., 0.], dtype=float32), 'lambda': array([ 3.794897e+03,  3.795771e+03,  3.796645e+03, ..., -1.000000e+00,
       -1.000000e+00, -1.000000e+00], dtype=float32), 'mask': array([ True,  True,  True, ...,  True,  True,  True])}",16.728222,51.071056,0.19510768,1.893798e-05,False,2.4454808,5.1497684,11.20015,16.289688,21.137106,1.920073,3.4066083,3.0409682,1.7723761,0.5742875,2.3099058,5.0734906,11.153547,16.574364,20.003363,3.4541812,3.4159808,3.4789014,2.0723252,0.8722273,b'   1201430902001920000'
"{'flux': array([-0.66639817, -0.6664666 , -0.6665351 , ...,  8.55574   ,
        8.55574   ,  8.55574   ], dtype=float32), 'ivar': array([0., 0., 0., ..., 0., 0., 0.], dtype=float32), 'lsf_sigma': array([0., 0., 0., ..., 0., 0., 0.], dtype=float32), 'lambda': array([ 3.794897e+03,  3.795771e+03,  3.796645e+03, ..., -1.000000e+00,
       -1.000000e+00, -1.000000e+00], dtype=float32), 'mask': array([ True,  True,  True, ...,  True,  True,  True])}",166.2365,16.0032,0.17063312,4.6358444e-05,False,2.4362314,9.06044,30.30747,49.216557,66.63948,1.920073,3.4066083,3.0409682,1.7723761,0.5742875,2.9977782,8.982816,30.299774,49.090572,65.95591,3.4541812,3.4159808,3.4789014,2.0723252,0.8722273,b'   1201431176879826944'
"{'flux': array([ 1.1595292,  1.1596389,  1.1597488, ..., 27.34792  , 27.34792  ,
       27.34792  ], dtype=float32), 'ivar': array([0., 0., 0., ..., 0., 0., 0.], dtype=float32), 'lsf_sigma': array([0., 0., 0., ..., 0., 0., 0.], dtype=float32), 'lambda': array([ 3.794897e+03,  3.795771e+03,  3.796645e+03, ..., -1.000000e+00,
       -1.000000e+00, -1.000000e+00], dtype=float32), 'mask': array([ True,  True,  True, ...,  True,  True,  True])}",0.0,0.0,2.0772568e-05,1.1054666e-05,False,2.4762623,20.859558,83.45493,153.55463,209.75137,1.920073,3.4066083,3.0409682,1.7723761,0.5742875,2.363882,21.02207,82.14455,155.23286,204.34727,3.4541812,3.4159808,3.4789014,2.0723252,0.8722273,b'   1201434200536803328'
"{'flux': array([3.8377376, 3.83794  , 3.838142 , ..., 2.4884012, 2.4884012,
       2.4884012], dtype=float32), 'ivar': array([0., 0., 0., ..., 0., 0., 0.], dtype=float32), 'lsf_sigma': array([0., 0., 0., ..., 0., 0., 0.], dtype=float32), 'lambda': array([ 3.794897e+03,  3.795771e+03,  3.796645e+03, ..., -1.000000e+00,
       -1.000000e+00, -1.000000e+00], dtype=float32), 'mask': array([ True,  True,  True, ...,  True,  True,  True])}",97.867256,17.16762,0.1893426,3.275041e-05,False,2.3672738,4.9467673,14.022407,21.807627,28.299782,1.920073,3.4066083,3.0409682,1.7723761,0.5742875,1.857767,4.891402,13.914818,21.882912,28.045172,3.4541812,3.4159808,3.4789014,2.0723252,0.8722273,b'   1201434475414710272'
"{'flux': array([ 1.4853158,  1.4853731,  1.4854306, ..., 14.56863  , 14.56863  ,
       14.56863  ], dtype=float32), 'ivar': array([0., 0., 0., ..., 0., 0., 0.], dtype=float32), 'lsf_sigma': array([0., 0., 0., ..., 0., 0., 0.], dtype=float32), 'lambda': array([ 3.794897e+03,  3.795771e+03,  3.796645e+03, ..., -1.000000e+00,
       -1.000000e+00, -1.000000e+00], dtype=float32), 'mask': array([ True,  True,  True, ...,  True,  True,  True])}",0.0,0.0,3.607341e-05,2.717008e-05,False,0.36354452,1.6405047,8.897288,38.43845,83.03326,1.920073,3.4066083,3.0409682,1.7723761,0.5742875,-0.02278174,1.5764126,8.659635,38.25582,80.36861,3.4541812,3.4159808,3.4789014,2.0723252,0.8722273,b'   1201434750292617216'
"{'flux': array([3.0736518, 3.0737844, 3.0739167, ..., 1.4021716, 1.4021716,
       1.4021716], dtype=float32), 'ivar': array([0., 0., 0., ..., 0., 0., 0.], dtype=float32), 'lsf_sigma': array([0., 0., 0., ..., 0., 0., 0.], dtype=float32), 'lambda': array([ 3.794897e+03,  3.795771e+03,  3.796645e+03, ..., -1.000000e+00,
       -1.000000e+00, -1.000000e+00], dtype=float32), 'mask': array([ True,  True,  True, ...,  True,  True,  True])}",0.0,54.464634,0.1872548,1.2811475e-05,False,2.7028704,4.393076,7.4536743,9.117713,8.543436,1.920073,3.4066083,3.0409682,1.7723761,0.5742875,1.6604594,4.4106436,7.154703,8.803831,7.555776,3.4541812,3.4159808,3.4789014,2.0723252,0.8722273,b'   1201435574926338048'
"{'flux': array([1.7004206, 1.7005035, 1.7005866, ..., 1.0934936, 1.0934936,
       1.0934936], dtype=float32), 'ivar': array([0., 0., 0., ..., 0., 0., 0.], dtype=float32), 'lsf_sigma': array([0., 0., 0., ..., 0., 0., 0.], dtype=float32), 'lambda': array([ 3.794897e+03,  3.795771e+03,  3.796645e+03, ..., -1.000000e+00,
       -1.000000e+00, -1.000000e+00], dtype=float32), 'mask': array([ True,  True,  True, ...,  True,  True,  True])}",0.0,0.0,0.0002482453,2.950013e-05,False,2.2957027,9.651023,18.557323,22.56783,24.18005,1.920073,3.4066083,3.0409682,1.7723761,0.5742875,1.9133304,9.626044,18.30459,22.669197,23.031033,3.4541812,3.4159808,3.4789014,2.0723252,0.8722273,b'   1201435849804244992'
"{'flux': array([ 1.945728 ,  1.9457827,  1.9458376, ..., 39.736626 , 39.736626 ,
       39.736626 ], dtype=float32), 'ivar': array([0., 0., 0., ..., 0., 0., 0.], dtype=float32), 'lsf_sigma': array([0.        , 0.        , 0.        , ..., 0.75387686, 0.75387686,
       0.75387686], dtype=float32), 'lambda': array([ 3.794897e+03,  3.795771e+03,  3.796645e+03, ..., -1.000000e+00,
       -1.000000e+00, -1.000000e+00], dtype=float32), 'mask': array([ True,  True,  True, ...,  True,  True,  True])}",0.0,0.0,3.2184795e-05,1.1792045e-05,False,1.9205171,12.792046,54.501705,151.43553,256.72296,1.920073,3.4066083,3.0409682,1.7723761,0.5742875,1.4793545,12.66026,54.54008,150.64345,254.80643,3.4541812,3.4159808,3.4789014,2.0723252,0.8722273,b'   1201436399560058880'
"{'flux': array([-0.1641393 , -0.16414545, -0.16415164, ...,  1.8477936 ,
        1.8477936 ,  1.8477936 ], dtype=float32), 'ivar': array([0., 0., 0., ..., 0., 0., 0.], dtype=float32), 'lsf_sigma': array([0., 0., 0., ..., 0., 0., 0.], dtype=float32), 'lambda': array([ 3.794897e+03,  3.795771e+03,  3.796645e+03, ..., -1.000000e+00,
       -1.000000e+00, -1.000000e+00], dtype=float32), 'mask': array([ True,  True,  True, ...,  True,  True,  True])}",43.52699,48.39605,0.1626092,2.3452869e-05,False,1.288198,4.615087,9.560408,12.402872,13.78468,1.920073,3.4066083,3.0409682,1.7723761,0.5742875,0.9735616,4.5829315,9.320826,12.211617,12.877885,3.4541812,3.4159808,3.4789014,2.0723252,0.8722273,b'   1201436674437965824'
"{'flux': array([ 2.2572694,  2.257403 ,  2.257537 , ..., 14.443764 , 14.443764 ,
       14.443764 ], dtype=float32), 'ivar': array([0., 0., 0., ..., 0., 0., 0.], dtype=float32), 'lsf_sigma': array([0., 0., 0., ..., 0., 0., 0.], dtype=float32), 'lambda': array([ 3.794897e+03,  3.795771e+03,  3.796645e+03, ..., -1.000000e+00,
       -1.000000e+00, -1.000000e+00], dtype=float32), 'mask': array([ True,  True,  True, ...,  True,  True,  True])}",0.0,0.0,4.5688324e-05,2.8284157e-05,False,0.31050315,1.7407366,9.673427,42.156254,90.05231,1.920073,3.4066083,3.0409682,1.7723761,0.5742875,-0.089508384,1.667028,9.50186,42.47538,88.006096,3.4541812,3.4159808,3.4789014,2.0723252,0.8722273,b'   1201436949315872768'
"{'flux': array([44.24718 , 44.248833, 44.25048 , ..., 67.232346, 67.232346,
       67.232346], dtype=float32), 'ivar': array([0., 0., 0., ..., 0., 0., 0.], dtype=float32), 'lsf_sigma': array([0., 0., 0., ..., 0., 0., 0.], dtype=float32), 'lambda': array([ 3.794897e+03,  3.795771e+03,  3.796645e+03, ..., -1.000000e+00,
       -1.000000e+00, -1.000000e+00], dtype=float32), 'mask': array([ True,  True,  True, ...,  True,  True,  True])}",0.0,0.0,4.180283e-05,7.859991e-06,False,46.31252,170.73941,336.57578,438.7429,506.3562,1.920073,3.4066083,3.0409682,1.7723761,0.5742875,47.372658,169.39499,339.24756,435.37195,508.2452,3.4541812,3.4159808,3.4789014,2.0723252,0.8722273,b'   1201437224193779712'
"{'flux': array([-1.0879918, -1.0880282, -1.0880648, ...,  0.7428772,  0.7428772,
        0.7428772], dtype=float32), 'ivar': array([0., 0., 0., ..., 0., 0., 0.], dtype=float32), 'lsf_sigma': array([0., 0., 0., ..., 0., 0., 0.], dtype=float32), 'lambda': array([ 3.794897e+03,  3.795771e+03,  3.796645e+03, ..., -1.000000e+00,
       -1.000000e+00, -1.000000e+00], dtype=float32), 'mask': array([ True,  True,  True, ...,  True,  True,  True])}",544.7059,245.4288,0.47088948,2.8858733e-05,False,2.378542,4.426583,9.643971,11.76938,12.6950865,1.920073,3.4066083,3.0409682,1.7723761,0.5742875,3.1119592,4.369976,9.498681,11.590962,12.317096,3.4541812,3.4159808,3.4789014,2.0723252,0.8722273,b'   1201437499071686656'
"{'flux': array([3.3472342, 3.347376 , 3.3475182, ..., 8.884625 , 8.884625 ,
       8.884625 ], dtype=float32), 'ivar': array([0., 0., 0., ..., 0., 0., 0.], dtype=float32), 'lsf_sigma': array([0., 0., 0., ..., 0., 0., 0.], dtype=float32), 'lambda': array([ 3.794897e+03,  3.795771e+03,  3.796645e+03, ..., -1.000000e+00,
       -1.000000e+00, -1.000000e+00], dtype=float32), 'mask': array([ True,  True,  True, ...,  True,  True,  True])}",0.0,0.0,0.00033811718,1.6368815e-05,False,1.7482653,12.915306,40.744434,65.24907,82.20266,1.920073,3.4066083,3.0409682,1.7723761,0.5742875,1.6005858,12.8756075,41.10575,65.23476,80.46742,3.4541812,3.4159808,3.4789014,2.0723252,0.8722273,b'   1201437773949593600'
"{'flux': array([10.788268, 10.788534, 10.788801, ..., 11.238121, 11.238121,
       11.238121], dtype=float32), 'ivar': array([0., 0., 0., ..., 0., 0., 0.], dtype=float32), 'lsf_sigma': array([0., 0., 0., ..., 0., 0., 0.], dtype=float32), 'lambda': array([ 3.794897e+03,  3.795771e+03,  3.796645e+03, ..., -1.000000e+00,
       -1.000000e+00, -1.000000e+00], dtype=float32), 'mask': array([ True,  True,  True, ...,  True,  True,  True])}",0.0,0.0,4.5163706e-06,2.1177757e-05,False,14.624613,36.125637,72.701775,90.38716,100.43516,1.920073,3.4066083,3.0409682,1.7723761,0.5742875,12.7970295,36.08776,67.90599,89.16005,99.10638,3.4541812,3.4159808,3.4789014,2.0723252,0.8722273,b'   1201438048827500544'
"{'flux': array([ 1.5123967,  1.5124522,  1.5125078, ..., 28.834864 , 28.834864 ,
       28.834864 ], dtype=float32), 'ivar': array([0., 0., 0., ..., 0., 0., 0.], dtype=float32), 'lsf_sigma': array([0., 0., 0., ..., 0., 0., 0.], dtype=float32), 'lambda': array([ 3.794897e+03,  3.795771e+03,  3.796645e+03, ..., -1.000000e+00,
       -1.000000e+00, -1.000000e+00], dtype=float32), 'mask': array([ True,  True,  True, ...,  True,  True,  True])}",0.0,0.0,-4.2945932e-05,2.5014873e-05,False,0.31014094,2.7872367,13.427405,66.823006,155.27435,1.920073,3.4066083,3.0409682,1.7723761,0.5742875,0.26002577,2.674485,13.564698,68.794914,153.88092,3.4541812,3.4159808,3.4789014,2.0723252,0.8722273,b'   1201438323705407488'
"{'flux': array([ 6.5985217,  6.59873  ,  6.5989366, ..., 10.502392 , 10.502392 ,
       10.502392 ], dtype=float32), 'ivar': array([0., 0., 0., ..., 0., 0., 0.], dtype=float32), 'lsf_sigma': array([0.        , 0.        , 0.        , ..., 0.75423175, 0.75423175,
       0.75423175], dtype=float32), 'lambda': array([ 3.794897e+03,  3.795771e+03,  3.796645e+03, ..., -1.000000e+00,
       -1.000000e+00, -1.000000e+00], dtype=float32), 'mask': array([ True,  True,  True, ...,  True,  True,  True])}",0.0,0.0,0.0001574608,1.0589404e-05,False,6.838577,29.69162,64.80644,86.07207,99.704735,1.920073,3.4066083,3.0409682,1.7723761,0.5742875,7.4600863,29.636063,64.664505,86.255974,99.21639,3.4541812,3.4159808,3.4789014,2.0723252,0.8722273,b'   1201438598583314432'
"{'flux': array([-1.7221632, -1.7222203, -1.7222774, ...,  3.044194 ,  3.044194 ,
        3.044194 ], dtype=float32), 'ivar': array([0., 0., 0., ..., 0., 0., 0.], dtype=float32), 'lsf_sigma': array([0., 0., 0., ..., 0., 0., 0.], dtype=float32), 'lambda': array([ 3.794897e+03,  3.795771e+03,  3.796645e+03, ..., -1.000000e+00,
       -1.000000e+00, -1.000000e+00], dtype=float32), 'mask': array([ True,  True,  True, ...,  True,  True,  True])}",0.0,0.0,9.7017975e-05,0.00011771042,False,-0.13566692,0.42938936,1.6552063,5.7389293,11.099708,1.920073,3.4066083,3.0409682,1.7723761,0.5742875,0.058763795,0.3760195,1.5585159,5.5327644,10.24854,3.4541812,3.4159808,3.4789014,2.0723252,0.8722273,b'   1201438873461221376'
"{'flux': array([ 3.105167,  3.105349,  3.105531, ..., 15.056537, 15.056537,
       15.056537], dtype=float32), 'ivar': array([0., 0., 0., ..., 0., 0., 0.], dtype=float32), 'lsf_sigma': array([0.       , 0.       , 0.       , ..., 0.7544933, 0.7544933,
       0.7544933], dtype=float32), 'lambda': array([ 3.794897e+03,  3.795771e+03,  3.796645e+03, ..., -1.000000e+00,
       -1.000000e+00, -1.000000e+00], dtype=float32), 'mask': array([ True,  True,  True, ...,  True,  True,  True])}",0.0,0.0,-3.965586e-05,1.9865232e-05,False,0.70246273,2.5935996,12.458749,53.54316,113.58481,1.920073,3.4066083,3.0409682,1.7723761,0.5742875,-0.18331657,2.5776567,12.219296,53.524307,111.675095,3.4541812,3.4159808,3.4789014,2.0723252,0.8722273,b'   1201439423217035264'
"{'flux': array([102.987305, 102.99235 , 102.997406, ...,  93.12792 ,  93.12792 ,
        93.12792 ], dtype=float32), 'ivar': array([0., 0., 0., ..., 0., 0., 0.], dtype=float32), 'lsf_sigma': array([0., 0., 0., ..., 0., 0., 0.], dtype=float32), 'lambda': array([ 3.794897e+03,  3.795771e+03,  3.796645e+03, ..., -1.000000e+00,
       -1.000000e+00, -1.000000e+00], dtype=float32), 'mask': array([ True,  True,  True, ...,  True,  True,  True])}",0.0,0.0,6.176444e-05,9.030246e-06,False,109.141846,309.62457,536.3309,649.34155,708.8979,1.920073,3.4066083,3.0409682,1.7723761,0.5742875,95.96812,309.5319,534.57904,649.7399,702.63135,3.4541812,3.4159808,3.4789014,2.0723252,0.8722273,b'   1201439698094942208'
"{'flux': array([-2.5344372, -2.5346632, -2.534889 , ..., 21.476625 , 21.476625 ,
       21.476625 ], dtype=float32), 'ivar': array([0., 0., 0., ..., 0., 0., 0.], dtype=float32), 'lsf_sigma': array([0.      , 0.      , 0.      , ..., 0.730715, 0.730715, 0.730715],
      dtype=float32), 'lambda': array([ 3.794897e+03,  3.795771e+03,  3.796645e+03, ..., -1.000000e+00,
       -1.000000e+00, -1.000000e+00], dtype=float32), 'mask': array([ True,  True,  True, ...,  True,  True,  True])}",0.0,0.0,4.0706967e-05,1.246551e-05,False,1.5056173,16.99473,63.978477,114.95251,158.04637,1.920073,3.4066083,3.0409682,1.7723761,0.5742875,2.0535014,17.169992,62.867714,116.34185,153.15005,3.4541812,3.4159808,3.4789014,2.0723252,0.8722273,b'   1201440247850756096'
"{'flux': array([68.30929 , 68.31472 , 68.32015 , ..., 40.263676, 40.263676,
       40.263676], dtype=float32), 'ivar': array([0., 0., 0., ..., 0., 0., 0.], dtype=float32), 'lsf_sigma': array([0., 0., 0., ..., 0., 0., 0.], dtype=float32), 'lambda': array([ 3.794897e+03,  3.795771e+03,  3.796645e+03, ..., -1.000000e+00,
       -1.000000e+00, -1.000000e+00], dtype=float32), 'mask': array([ True,  True,  True, ...,  True,  True,  True])}",0.0,0.0,8.785381e-05,1.1472385e-05,False,77.699455,166.7184,265.10623,308.29224,322.9137,1.920073,3.4066083,3.0409682,1.7723761,0.5742875,67.71485,166.6733,264.71954,308.6198,318.161,3.4541812,3.4159808,3.4789014,2.0723252,0.8722273,b'   1201440522728663040'
"{'flux': array([2.092994 , 2.0931427, 2.0932915, ..., 8.385656 , 8.385656 ,
       8.385656 ], dtype=float32), 'ivar': array([0., 0., 0., ..., 0., 0., 0.], dtype=float32), 'lsf_sigma': array([0., 0., 0., ..., 0., 0., 0.], dtype=float32), 'lambda': array([ 3.794897e+03,  3.795771e+03,  3.796645e+03, ..., -1.000000e+00,
       -1.000000e+00, -1.000000e+00], dtype=float32), 'mask': array([ True,  True,  True, ...,  True,  True,  True])}",0.0,0.0,-4.111138e-05,3.1290063e-05,False,0.5848149,2.0493698,10.129728,30.446787,53.601288,1.920073,3.4066083,3.0409682,1.7723761,0.5742875,0.15776223,2.012354,9.977425,30.167223,52.7522,3.4541812,3.4159808,3.4789014,2.0723252,0.8722273,b'   1201440797606569984'
"{'flux': array([ 0.8157294,  0.8157858,  0.8158422, ..., -0.5043144, -0.5043144,
       -0.5043144], dtype=float32), 'ivar': array([0., 0., 0., ..., 0., 0., 0.], dtype=float32), 'lsf_sigma': array([0., 0., 0., ..., 0., 0., 0.], dtype=float32), 'lambda': array([ 3.794897e+03,  3.795771e+03,  3.796645e+03, ..., -1.000000e+00,
       -1.000000e+00, -1.000000e+00], dtype=float32), 'mask': array([ True,  True,  True, ...,  True,  True,  True])}",0.0,72.46573,0.00044240794,0.00015092711,True,1.6823517,4.004015,7.014542,7.9271607,6.2235737,1.920073,3.4066083,3.0409682,1.7723761,0.5742875,1.7565912,3.9745407,6.979221,7.8099465,6.9727736,3.4541812,3.4159808,3.4789014,2.0723252,0.8722273,b'   1201441072484476928'
"{'flux': array([0.37924626, 0.37926963, 0.37929305, ..., 4.468825  , 4.468825  ,
       4.468825  ], dtype=float32), 'ivar': array([0., 0., 0., ..., 0., 0., 0.], dtype=float32), 'lsf_sigma': array([0., 0., 0., ..., 0., 0., 0.], dtype=float32), 'lambda': array([ 3.794897e+03,  3.795771e+03,  3.796645e+03, ..., -1.000000e+00,
       -1.000000e+00, -1.000000e+00], dtype=float32), 'mask': array([ True,  True,  True, ...,  True,  True,  True])}",0.0,0.0,0.0001840514,3.798882e-05,False,0.2186028,0.8306141,5.283618,21.767794,43.44915,1.920073,3.4066083,3.0409682,1.7723761,0.5742875,0.17497715,0.7864594,5.171472,21.731281,43.04518,3.4541812,3.4159808,3.4789014,2.0723252,0.8722273,b'   1201441347362383872'
"{'flux': array([2.5497358, 2.549889 , 2.5500424, ..., 7.1698527, 7.1698527,
       7.1698527], dtype=float32), 'ivar': array([0., 0., 0., ..., 0., 0., 0.], dtype=float32), 'lsf_sigma': array([0., 0., 0., ..., 0., 0., 0.], dtype=float32), 'lambda': array([ 3.794897e+03,  3.795771e+03,  3.796645e+03, ..., -1.000000e+00,
       -1.000000e+00, -1.000000e+00], dtype=float32), 'mask': array([ True,  True,  True, ...,  True,  True,  True])}",140.72716,18.142326,0.22219919,1.438857e-05,False,6.40345,14.250174,31.724232,47.059917,60.690933,1.920073,3.4066083,3.0409682,1.7723761,0.5742875,7.3162637,14.166501,31.569468,47.636185,58.698654,3.4541812,3.4159808,3.4789014,2.0723252,0.8722273,b'   1201441622240290816'
"{'flux': array([ 1.6467127,  1.6468279,  1.6469431, ..., 12.905225 , 12.905225 ,
       12.905225 ], dtype=float32), 'ivar': array([0., 0., 0., ..., 0., 0., 0.], dtype=float32), 'lsf_sigma': array([0.        , 0.        , 0.        , ..., 0.73107004, 0.73107004,
       0.73107004], dtype=float32), 'lambda': array([ 3.794897e+03,  3.795771e+03,  3.796645e+03, ..., -1.000000e+00,
       -1.000000e+00, -1.000000e+00], dtype=float32), 'mask': array([ True,  True,  True, ...,  True,  True,  True])}",0.0,0.0,0.00020141857,1.750069e-05,False,0.7683238,4.291724,18.111946,55.578556,98.7748,1.920073,3.4066083,3.0409682,1.7723761,0.5742875,0.56969446,4.2954073,17.829426,55.509327,97.32966,3.4541812,3.4159808,3.4789014,2.0723252,0.8722273,b'   1201441897118197760'
"{'flux': array([8.967301 , 8.968138 , 8.968973 , ..., 2.3529952, 2.3529952,
       2.3529952], dtype=float32), 'ivar': array([0., 0., 0., ..., 0., 0., 0.], dtype=float32), 'lsf_sigma': array([0.        , 0.        , 0.        , ..., 0.73107284, 0.73107284,
       0.73107284], dtype=float32), 'lambda': array([ 3.794897e+03,  3.795771e+03,  3.796645e+03, ..., -1.000000e+00,
       -1.000000e+00, -1.000000e+00], dtype=float32), 'mask': array([ True,  True,  True, ...,  True,  True,  True])}",44.784122,24.9627,0.19248511,1.2592359e-05,False,5.3859973,7.879673,15.488201,21.426086,25.141462,1.920073,3.4066083,3.0409682,1.7723761,0.5742875,4.7030554,7.841357,15.272004,21.536373,23.947983,3.4541812,3.4159808,3.4789014,2.0723252,0.8722273,b'   1201442171996104704'
"{'flux': array([32.022697, 32.02441 , 32.026123, ..., 17.0679  , 17.0679  ,
       17.0679  ], dtype=float32), 'ivar': array([0., 0., 0., ..., 0., 0., 0.], dtype=float32), 'lsf_sigma': array([0.        , 0.        , 0.        , ..., 0.73108095, 0.73108095,
       0.73108095], dtype=float32), 'lambda': array([ 3.794897e+03,  3.795771e+03,  3.796645e+03, ..., -1.000000e+00,
       -1.000000e+00, -1.000000e+00], dtype=float32), 'mask': array([ True,  True,  True, ...,  True,  True,  True])}",0.0,0.0,-0.0003915594,2.2108088e-05,False,47.15227,72.05111,99.71398,113.53155,119.77672,1.920073,3.4066083,3.0409682,1.7723761,0.5742875,42.48915,71.933525,99.65787,112.952415,119.477005,3.4541812,3.4159808,3.4789014,2.0723252,0.8722273,b'   1201442446874011648'
"{'flux': array([1.1067575, 1.1068116, 1.1068656, ..., 7.3370867, 7.3370867,
       7.3370867], dtype=float32), 'ivar': array([0., 0., 0., ..., 0., 0., 0.], dtype=float32), 'lsf_sigma': array([0.       , 0.       , 0.       , ..., 0.7311658, 0.7311658,
       0.7311658], dtype=float32), 'lambda': array([ 3.794897e+03,  3.795771e+03,  3.796645e+03, ..., -1.000000e+00,
       -1.000000e+00, -1.000000e+00], dtype=float32), 'mask': array([ True,  True,  True, ...,  True,  True,  True])}",0.0,0.0,0.00019534778,3.441404e-05,False,0.38422647,1.7634175,8.635801,27.354673,50.721836,1.920073,3.4066083,3.0409682,1.7723761,0.5742875,0.21398884,1.7767318,8.347975,27.221384,49.002934,3.4541812,3.4159808,3.4789014,2.0723252,0.8722273,b'   1201442721751918592'
"{'flux': array([2.1072967, 2.1074183, 2.1075401, ..., 5.4896455, 5.4896455,
       5.4896455], dtype=float32), 'ivar': array([0., 0., 0., ..., 0., 0., 0.], dtype=float32), 'lsf_sigma': array([0., 0., 0., ..., 0., 0., 0.], dtype=float32), 'lambda': array([ 3.794897e+03,  3.795771e+03,  3.796645e+03, ..., -1.000000e+00,
       -1.000000e+00, -1.000000e+00], dtype=float32), 'mask': array([ True,  True,  True, ...,  True,  True,  True])}",0.0,0.0,0.00012343164,2.5916019e-05,False,1.3392782,2.661933,11.845787,29.557125,46.661068,1.920073,3.4066083,3.0409682,1.7723761,0.5742875,0.553375,2.6000872,11.819601,29.087124,46.414883,3.4541812,3.4159808,3.4789014,2.0723252,0.8722273,b'   1201443271507732480'
"{'flux': array([2.821948 , 2.8221776, 2.8224072, ..., 4.8520617, 4.8520617,
       4.8520617], dtype=float32), 'ivar': array([0., 0., 0., ..., 0., 0., 0.], dtype=float32), 'lsf_sigma': array([0., 0., 0., ..., 0., 0., 0.], dtype=float32), 'lambda': array([ 3.794897e+03,  3.795771e+03,  3.796645e+03, ..., -1.000000e+00,
       -1.000000e+00, -1.000000e+00], dtype=float32), 'mask': array([ True,  True,  True, ...,  True,  True,  True])}",0.0,0.0,0.00013512753,3.1048672e-05,False,0.83655244,3.3486645,13.20187,28.525126,42.905045,1.920073,3.4066083,3.0409682,1.7723761,0.5742875,0.47485822,3.3276303,13.078635,28.51053,42.5711,3.4541812,3.4159808,3.4789014,2.0723252,0.8722273,b'   1201443546385639424'
"{'flux': array([ 3.8089192,  3.8092537,  3.809588 , ..., 10.186166 , 10.186166 ,
       10.186166 ], dtype=float32), 'ivar': array([0., 0., 0., ..., 0., 0., 0.], dtype=float32), 'lsf_sigma': array([0., 0., 0., ..., 0., 0., 0.], dtype=float32), 'lambda': array([ 3.794897e+03,  3.795771e+03,  3.796645e+03, ..., -1.000000e+00,
       -1.000000e+00, -1.000000e+00], dtype=float32), 'mask': array([ True,  True,  True, ...,  True,  True,  True])}",0.0,0.0,-2.152129e-05,1.0670411e-05,False,3.9708931,21.122213,49.137592,66.00256,75.82765,1.920073,3.4066083,3.0409682,1.7723761,0.5742875,4.079938,21.110704,48.915565,66.22097,75.44248,3.4541812,3.4159808,3.4789014,2.0723252,0.8722273,b'   1201444096141453312'
"{'flux': array([ 1.7270991,  1.727203 ,  1.7273072, ..., 14.928082 , 14.928082 ,
       14.928082 ], dtype=float32), 'ivar': array([0., 0., 0., ..., 0., 0., 0.], dtype=float32), 'lsf_sigma': array([0., 0., 0., ..., 0., 0., 0.], dtype=float32), 'lambda': array([ 3.794897e+03,  3.795771e+03,  3.796645e+03, ..., -1.000000e+00,
       -1.000000e+00, -1.000000e+00], dtype=float32), 'mask': array([ True,  True,  True, ...,  True,  True,  True])}",0.0,0.0,5.4214834e-05,2.0689644e-05,False,1.1351043,5.039611,21.627192,62.067596,106.0381,1.920073,3.4066083,3.0409682,1.7723761,0.5742875,0.83562917,5.024789,21.313461,61.78196,104.66543,3.4541812,3.4159808,3.4789014,2.0723252,0.8722273,b'   1201444645897267200'
"{'flux': array([2.120384 , 2.1204035, 2.1204228, ..., 2.21066  , 2.21066  ,
       2.21066  ], dtype=float32), 'ivar': array([0., 0., 0., ..., 0., 0., 0.], dtype=float32), 'lsf_sigma': array([0., 0., 0., ..., 0., 0., 0.], dtype=float32), 'lambda': array([ 3.794897e+03,  3.795771e+03,  3.796645e+03, ..., -1.000000e+00,
       -1.000000e+00, -1.000000e+00], dtype=float32), 'mask': array([ True,  True,  True, ...,  True,  True,  True])}",77.79636,30.1204,0.25788093,1.256048e-05,False,3.1742594,4.257522,8.912738,12.425328,16.101082,1.920073,3.4066083,3.0409682,1.7723761,0.5742875,2.5032516,4.281863,8.6677,12.476396,16.29034,3.4541812,3.4159808,3.4789014,2.0723252,0.8722273,b'   1201445745408894976'
"{'flux': array([ 2.761602  ,  2.7616239 ,  2.761646  , ..., -0.17198154,
       -0.17198154, -0.17198154], dtype=float32), 'ivar': array([0., 0., 0., ..., 0., 0., 0.], dtype=float32), 'lsf_sigma': array([0., 0., 0., ..., 0., 0., 0.], dtype=float32), 'lambda': array([ 3.794897e+03,  3.795771e+03,  3.796645e+03, ..., -1.000000e+00,
       -1.000000e+00, -1.000000e+00], dtype=float32), 'mask': array([ True,  True,  True, ...,  True,  True,  True])}",264.05087,75.14346,0.7611758,0.00019628044,True,1.5687973,1.8081783,4.003457,8.489459,9.592849,1.920073,3.4066083,3.0409682,1.7723761,0.5742875,1.0230837,1.7574446,3.9710395,8.117228,10.33223,3.4541812,3.4159808,3.4789014,2.0723252,0.8722273,b'   1201446020286801920'
"{'flux': array([ 4.6263914,  4.626437 ,  4.6264825, ..., 61.36721  , 61.36721  ,
       61.36721  ], dtype=float32), 'ivar': array([0., 0., 0., ..., 0., 0., 0.], dtype=float32), 'lsf_sigma': array([0., 0., 0., ..., 0., 0., 0.], dtype=float32), 'lambda': array([ 3.794897e+03,  3.795771e+03,  3.796645e+03, ..., -1.000000e+00,
       -1.000000e+00, -1.000000e+00], dtype=float32), 'mask': array([ True,  True,  True, ...,  True,  True,  True])}",0.0,0.0,-2.1797303e-05,1.3931987e-05,False,4.233921,22.613396,87.56126,234.60666,390.87857,1.920073,3.4066083,3.0409682,1.7723761,0.5742875,2.7168133,22.582153,87.20154,233.8322,387.2854,3.4541812,3.4159808,3.4789014,2.0723252,0.8722273,b'   1201446570042615808'
"{'flux': array([ 9.8221655,  9.822365 ,  9.822563 , ..., 13.022831 , 13.022831 ,
       13.022831 ], dtype=float32), 'ivar': array([0., 0., 0., ..., 0., 0., 0.], dtype=float32), 'lsf_sigma': array([0., 0., 0., ..., 0., 0., 0.], dtype=float32), 'lambda': array([ 3.794897e+03,  3.795771e+03,  3.796645e+03, ..., -1.000000e+00,
       -1.000000e+00, -1.000000e+00], dtype=float32), 'mask': array([ True,  True,  True, ...,  True,  True,  True])}",0.0,0.0,6.856516e-05,1.259378e-05,False,15.048196,40.918358,71.3138,87.39735,97.445335,1.920073,3.4066083,3.0409682,1.7723761,0.5742875,13.409176,40.966213,71.0944,87.547874,95.6772,3.4541812,3.4159808,3.4789014,2.0723252,0.8722273,b'   1201446844920522752'
"{'flux': array([6.78842  , 6.788516 , 6.788612 , ..., 7.6752224, 7.6752224,
       7.6752224], dtype=float32), 'ivar': array([0., 0., 0., ..., 0., 0., 0.], dtype=float32), 'lsf_sigma': array([0., 0., 0., ..., 0., 0., 0.], dtype=float32), 'lambda': array([ 3.794897e+03,  3.795771e+03,  3.796645e+03, ..., -1.000000e+00,
       -1.000000e+00, -1.000000e+00], dtype=float32), 'mask': array([ True,  True,  True, ...,  True,  True,  True])}",150.51588,14.386127,0.16926478,2.819814e-05,False,3.9492543,9.846224,29.565754,49.416107,69.1004,1.920073,3.4066083,3.0409682,1.7723761,0.5742875,3.919215,9.775065,29.648401,49.31517,68.28818,3.4541812,3.4159808,3.4789014,2.0723252,0.8722273,b'   1201447119798429696'
"{'flux': array([ 1.8218125,  1.8218377,  1.8218629, ..., 28.022573 , 28.022573 ,
       28.022573 ], dtype=float32), 'ivar': array([0., 0., 0., ..., 0., 0., 0.], dtype=float32), 'lsf_sigma': array([0., 0., 0., ..., 0., 0., 0.], dtype=float32), 'lambda': array([ 3.794897e+03,  3.795771e+03,  3.796645e+03, ..., -1.000000e+00,
       -1.000000e+00, -1.000000e+00], dtype=float32), 'mask': array([ True,  True,  True, ...,  True,  True,  True])}",0.0,0.0,-6.875508e-05,8.460645e-06,False,6.5781407,46.798645,122.80211,172.0711,203.46603,1.920073,3.4066083,3.0409682,1.7723761,0.5742875,6.3120956,46.660015,122.856575,172.57988,198.74835,3.4541812,3.4159808,3.4789014,2.0723252,0.8722273,b'   1201447394676336640'
"{'flux': array([4.5809994 , 4.581096  , 4.581194  , ..., 0.02579894, 0.02579894,
       0.02579894], dtype=float32), 'ivar': array([0., 0., 0., ..., 0., 0., 0.], dtype=float32), 'lsf_sigma': array([0., 0., 0., ..., 0., 0., 0.], dtype=float32), 'lambda': array([ 3.794897e+03,  3.795771e+03,  3.796645e+03, ..., -1.000000e+00,
       -1.000000e+00, -1.000000e+00], dtype=float32), 'mask': array([ True,  True,  True, ...,  True,  True,  True])}",0.0,0.0,1.5281913,0.00068862585,False,5.7999926,3.435337,5.1253786,7.436374,8.531651,1.920073,3.4066083,3.0409682,1.7723761,0.5742875,5.5499477,3.3823671,5.134905,7.152906,7.682361,3.4541812,3.4159808,3.4789014,2.0723252,0.8722273,b'   1201447669554243584'
"{'flux': array([49.950172, 49.95084 , 49.95151 , ..., 32.378223, 32.378223,
       32.378223], dtype=float32), 'ivar': array([0., 0., 0., ..., 0., 0., 0.], dtype=float32), 'lsf_sigma': array([0., 0., 0., ..., 0., 0., 0.], dtype=float32), 'lambda': array([ 3.794897e+03,  3.795771e+03,  3.796645e+03, ..., -1.000000e+00,
       -1.000000e+00, -1.000000e+00], dtype=float32), 'mask': array([ True,  True,  True, ...,  True,  True,  True])}",0.0,0.0,0.0005511362,1.3485436e-05,False,101.91637,159.56139,214.00253,239.58247,251.082,1.920073,3.4066083,3.0409682,1.7723761,0.5742875,91.62529,159.13293,214.46538,238.77643,251.68599,3.4541812,3.4159808,3.4789014,2.0723252,0.8722273,b'   1201447944432150528'
"{'flux': array([ 3.8905761,  3.8906732,  3.8907702, ..., -0.9640741, -0.9640741,
       -0.9640741], dtype=float32), 'ivar': array([0., 0., 0., ..., 0., 0., 0.], dtype=float32), 'lsf_sigma': array([0., 0., 0., ..., 0., 0., 0.], dtype=float32), 'lambda': array([ 3.794897e+03,  3.795771e+03,  3.796645e+03, ..., -1.000000e+00,
       -1.000000e+00, -1.000000e+00], dtype=float32), 'mask': array([ True,  True,  True, ...,  True,  True,  True])}",103.37024,40.831474,0.18728115,3.76965e-05,False,1.9909197,3.4638388,9.15818,14.027476,16.144949,1.920073,3.4066083,3.0409682,1.7723761,0.5742875,1.6298333,3.4654796,9.123903,14.154722,17.391592,3.4541812,3.4159808,3.4789014,2.0723252,0.8722273,b'   1201448494187964416'
"{'flux': array([-0.6171802, -0.6171959, -0.6172116, ..., 39.464542 , 39.464542 ,
       39.464542 ], dtype=float32), 'ivar': array([0., 0., 0., ..., 0., 0., 0.], dtype=float32), 'lsf_sigma': array([0., 0., 0., ..., 0., 0., 0.], dtype=float32), 'lambda': array([ 3.794897e+03,  3.795771e+03,  3.796645e+03, ..., -1.000000e+00,
       -1.000000e+00, -1.000000e+00], dtype=float32), 'mask': array([ True,  True,  True, ...,  True,  True,  True])}",0.0,0.0,0.00025858384,1.119681e-05,False,2.92402,21.761845,90.48087,189.082,281.6355,1.920073,3.4066083,3.0409682,1.7723761,0.5742875,2.6376014,21.648268,90.522354,188.25117,280.0009,3.4541812,3.4159808,3.4789014,2.0723252,0.8722273,b'   1201448769065871360'
"{'flux': array([4.4082317, 4.408285 , 4.408339 , ..., 7.7631373, 7.7631373,
       7.7631373], dtype=float32), 'ivar': array([0., 0., 0., ..., 0., 0., 0.], dtype=float32), 'lsf_sigma': array([0., 0., 0., ..., 0., 0., 0.], dtype=float32), 'lambda': array([ 3.794897e+03,  3.795771e+03,  3.796645e+03, ..., -1.000000e+00,
       -1.000000e+00, -1.000000e+00], dtype=float32), 'mask': array([ True,  True,  True, ...,  True,  True,  True])}",102.438644,19.602413,0.13484454,8.2827955e-06,False,7.235536,15.74569,29.22538,43.584072,49.72178,1.920073,3.4066083,3.0409682,1.7723761,0.5742875,7.9164677,15.678305,29.038553,43.39143,49.619125,3.4541812,3.4159808,3.4789014,2.0723252,0.8722273,b'   1201449043943778304'
"{'flux': array([ 9.040926 ,  9.041078 ,  9.041229 , ..., -0.9955945, -0.9955945,
       -0.9955945], dtype=float32), 'ivar': array([0., 0., 0., ..., 0., 0., 0.], dtype=float32), 'lsf_sigma': array([0., 0., 0., ..., 0., 0., 0.], dtype=float32), 'lambda': array([ 3.794897e+03,  3.795771e+03,  3.796645e+03, ..., -1.000000e+00,
       -1.000000e+00, -1.000000e+00], dtype=float32), 'mask': array([ True,  True,  True, ...,  True,  True,  True])}",0.0,0.0,2.3912902,0.00056978926,False,7.974185,12.362731,16.49825,18.579956,21.345787,1.920073,3.4066083,3.0409682,1.7723761,0.5742875,6.4223094,12.297389,16.213669,18.951418,21.555883,3.4541812,3.4159808,3.4789014,2.0723252,0.8722273,b'   1201449318821685248'
"{'flux': array([-2.3850734 , -2.3851087 , -2.3851442 , ..., -0.24948046,
       -0.24948046, -0.24948046], dtype=float32), 'ivar': array([0., 0., 0., ..., 0., 0., 0.], dtype=float32), 'lsf_sigma': array([0., 0., 0., ..., 0., 0., 0.], dtype=float32), 'lambda': array([ 3.794897e+03,  3.795771e+03,  3.796645e+03, ..., -1.000000e+00,
       -1.000000e+00, -1.000000e+00], dtype=float32), 'mask': array([ True,  True,  True, ...,  True,  True,  True])}",276.14258,83.57627,0.13213024,8.727409e-06,False,2.7950404,5.1309032,7.983273,10.2464,9.6402445,1.920073,3.4066083,3.0409682,1.7723761,0.5742875,0.462826,5.159276,7.864304,9.955605,10.897652,3.4541812,3.4159808,3.4789014,2.0723252,0.8722273,b'   1201449593699592192'
"{'flux': array([ 1.6036018,  1.6036246,  1.6036476, ..., 15.903122 , 15.903122 ,
       15.903122 ], dtype=float32), 'ivar': array([0., 0., 0., ..., 0., 0., 0.], dtype=float32), 'lsf_sigma': array([0., 0., 0., ..., 0., 0., 0.], dtype=float32), 'lambda': array([ 3.794897e+03,  3.795771e+03,  3.796645e+03, ..., -1.000000e+00,
       -1.000000e+00, -1.000000e+00], dtype=float32), 'mask': array([ True,  True,  True, ...,  True,  True,  True])}",0.0,0.0,1.2440672e-06,1.7007507e-05,False,1.0093303,5.316466,22.775105,63.04533,106.50962,1.920073,3.4066083,3.0409682,1.7723761,0.5742875,0.7133324,5.2337155,22.715527,62.910282,106.04088,3.4541812,3.4159808,3.4789014,2.0723252,0.8722273,b'   1201449868577499136'
"{'flux': array([4.1328535, 4.1329455, 4.133038 , ..., 9.391039 , 9.391039 ,
       9.391039 ], dtype=float32), 'ivar': array([0., 0., 0., ..., 0., 0., 0.], dtype=float32), 'lsf_sigma': array([0., 0., 0., ..., 0., 0., 0.], dtype=float32), 'lambda': array([ 3.794897e+03,  3.795771e+03,  3.796645e+03, ..., -1.000000e+00,
       -1.000000e+00, -1.000000e+00], dtype=float32), 'mask': array([ True,  True,  True, ...,  True,  True,  True])}",0.0,0.0,8.8372384e-05,2.6654188e-05,False,0.73615366,4.5186443,17.556206,35.0285,50.63402,1.920073,3.4066083,3.0409682,1.7723761,0.5742875,0.67713815,4.4834332,17.479425,35.009296,50.27814,3.4541812,3.4159808,3.4789014,2.0723252,0.8722273,b'   1201450143455406080'
"{'flux': array([ 2.9506352,  2.9506845,  2.9507332, ..., 10.762702 , 10.762702 ,
       10.762702 ], dtype=float32), 'ivar': array([0., 0., 0., ..., 0., 0., 0.], dtype=float32), 'lsf_sigma': array([0., 0., 0., ..., 0., 0., 0.], dtype=float32), 'lambda': array([ 3.794897e+03,  3.795771e+03,  3.796645e+03, ..., -1.000000e+00,
       -1.000000e+00, -1.000000e+00], dtype=float32), 'mask': array([ True,  True,  True, ...,  True,  True,  True])}",0.0,0.0,6.6703146e-06,1.13321885e-05,False,4.714631,21.926598,47.94777,63.44691,73.62332,1.920073,3.4066083,3.0409682,1.7723761,0.5742875,5.057905,21.8562,47.839886,63.38895,72.68334,3.4541812,3.4159808,3.4789014,2.0723252,0.8722273,b'   1201450418333313024'
"{'flux': array([8.403683 , 8.404003 , 8.404323 , ..., 2.0834873, 2.0834873,
       2.0834873], dtype=float32), 'ivar': array([0., 0., 0., ..., 0., 0., 0.], dtype=float32), 'lsf_sigma': array([0., 0., 0., ..., 0., 0., 0.], dtype=float32), 'lambda': array([ 3.794897e+03,  3.795771e+03,  3.796645e+03, ..., -1.000000e+00,
       -1.000000e+00, -1.000000e+00], dtype=float32), 'mask': array([ True,  True,  True, ...,  True,  True,  True])}",0.0,0.0,0.00026318192,3.7866706e-05,False,9.483283,15.502738,23.891106,28.229343,30.20042,1.920073,3.4066083,3.0409682,1.7723761,0.5742875,8.1935425,15.573105,23.645956,28.238226,29.561344,3.4541812,3.4159808,3.4789014,2.0723252,0.8722273,b'   1201450968089126912'
"{'flux': array([2.6035645, 2.6036594, 2.6037548, ..., 5.197854 , 5.197854 ,
       5.197854 ], dtype=float32), 'ivar': array([0., 0., 0., ..., 0., 0., 0.], dtype=float32), 'lsf_sigma': array([0., 0., 0., ..., 0., 0., 0.], dtype=float32), 'lambda': array([ 3.794897e+03,  3.795771e+03,  3.796645e+03, ..., -1.000000e+00,
       -1.000000e+00, -1.000000e+00], dtype=float32), 'mask': array([ True,  True,  True, ...,  True,  True,  True])}",137.6867,17.77668,0.17155713,5.702956e-05,False,2.3970168,6.453022,21.071497,34.605854,46.750713,1.920073,3.4066083,3.0409682,1.7723761,0.5742875,2.3773637,6.471414,20.914747,34.49237,47.49646,3.4541812,3.4159808,3.4789014,2.0723252,0.8722273,b'   1201451242967033856'
"{'flux': array([ 5.8245425,  5.824727 ,  5.824912 , ..., 41.44891  , 41.44891  ,
       41.44891  ], dtype=float32), 'ivar': array([0., 0., 0., ..., 0., 0., 0.], dtype=float32), 'lsf_sigma': array([0., 0., 0., ..., 0., 0., 0.], dtype=float32), 'lambda': array([ 3.794897e+03,  3.795771e+03,  3.796645e+03, ..., -1.000000e+00,
       -1.000000e+00, -1.000000e+00], dtype=float32), 'mask': array([ True,  True,  True, ...,  True,  True,  True])}",0.0,0.0,-8.56482e-05,8.167722e-06,False,15.450286,81.909515,189.3294,255.9823,299.03793,1.920073,3.4066083,3.0409682,1.7723761,0.5742875,16.593681,82.11178,188.55325,256.47974,297.48975,3.4541812,3.4159808,3.4789014,2.0723252,0.8722273,b'   1201451517844940800'
"{'flux': array([4.221851 , 4.221973 , 4.2220955, ..., 2.358373 , 2.358373 ,
       2.358373 ], dtype=float32), 'ivar': array([0., 0., 0., ..., 0., 0., 0.], dtype=float32), 'lsf_sigma': array([0., 0., 0., ..., 0., 0., 0.], dtype=float32), 'lambda': array([ 3.794897e+03,  3.795771e+03,  3.796645e+03, ..., -1.000000e+00,
       -1.000000e+00, -1.000000e+00], dtype=float32), 'mask': array([ True,  True,  True, ...,  True,  True,  True])}",101.07549,36.398907,0.18348303,1.2430759e-05,False,2.5396476,4.9590893,9.227999,12.828301,14.78688,1.920073,3.4066083,3.0409682,1.7723761,0.5742875,2.1335719,4.9548345,9.157363,12.76055,14.337793,3.4541812,3.4159808,3.4789014,2.0723252,0.8722273,b'   1201452342478661632'
"{'flux': array([-0.07564338, -0.07564607, -0.07564875, ..., 11.27537   ,
       11.27537   , 11.27537   ], dtype=float32), 'ivar': array([0., 0., 0., ..., 0., 0., 0.], dtype=float32), 'lsf_sigma': array([0.      , 0.      , 1.129122, ..., 0.      , 0.      , 0.      ],
      dtype=float32), 'lambda': array([ 3.794897e+03,  3.795771e+03,  3.796645e+03, ..., -1.000000e+00,
       -1.000000e+00, -1.000000e+00], dtype=float32), 'mask': array([ True,  True,  True, ...,  True,  True,  True])}",0.0,0.0,8.036201e-05,1.6966593e-05,False,1.2692534,6.8859735,28.37558,57.330036,82.318794,1.920073,3.4066083,3.0409682,1.7723761,0.5742875,0.9882454,6.8416095,28.181307,57.119446,81.648994,3.4541812,3.4159808,3.4789014,2.0723252,0.8722273,b'   1201452892234475520'
"{'flux': array([1.3492064, 1.3492653, 1.3493241, ..., 1.4033083, 1.4033083,
       1.4033083], dtype=float32), 'ivar': array([0., 0., 0., ..., 0., 0., 0.], dtype=float32), 'lsf_sigma': array([0.       , 0.       , 1.1291604, ..., 0.       , 0.       ,
       0.       ], dtype=float32), 'lambda': array([ 3.794897e+03,  3.795771e+03,  3.796645e+03, ..., -1.000000e+00,
       -1.000000e+00, -1.000000e+00], dtype=float32), 'mask': array([ True,  True,  True, ...,  True,  True,  True])}",209.3367,60.75706,0.15308592,1.3405172e-05,False,2.1845162,5.616884,12.413607,18.797735,22.567465,1.920073,3.4066083,3.0409682,1.7723761,0.5742875,2.4813669,5.567782,12.315847,18.869387,23.362001,3.4541812,3.4159808,3.4789014,2.0723252,0.8722273,b'   1201453167112382464'
"{'flux': array([-1.3727533, -1.3727962, -1.3728395, ...,  6.042597 ,  6.042597 ,
        6.042597 ], dtype=float32), 'ivar': array([0., 0., 0., ..., 0., 0., 0.], dtype=float32), 'lsf_sigma': array([0.       , 0.       , 1.1292851, ..., 0.       , 0.       ,
       0.       ], dtype=float32), 'lambda': array([ 3.794897e+03,  3.795771e+03,  3.796645e+03, ..., -1.000000e+00,
       -1.000000e+00, -1.000000e+00], dtype=float32), 'mask': array([ True,  True,  True, ...,  True,  True,  True])}",0.0,0.0,-0.00036023447,3.032334e-05,False,1.1786289,4.07717,15.843886,31.451588,45.517433,1.920073,3.4066083,3.0409682,1.7723761,0.5742875,0.77683645,4.0571823,15.75956,31.438766,44.523914,3.4541812,3.4159808,3.4789014,2.0723252,0.8722273,b'   1201453716868196352'
"{'flux': array([11.822634, 11.822856, 11.823078, ..., 38.001396, 38.001396,
       38.001396], dtype=float32), 'ivar': array([0., 0., 0., ..., 0., 0., 0.], dtype=float32), 'lsf_sigma': array([0.       , 0.       , 1.1293373, ..., 0.       , 0.       ,
       0.       ], dtype=float32), 'lambda': array([ 3.794897e+03,  3.795771e+03,  3.796645e+03, ..., -1.000000e+00,
       -1.000000e+00, -1.000000e+00], dtype=float32), 'mask': array([ True,  True,  True, ...,  True,  True,  True])}",0.0,0.0,-0.00013277227,8.372062e-06,False,14.346676,74.659935,171.97485,233.25891,273.69632,1.920073,3.4066083,3.0409682,1.7723761,0.5742875,14.807542,74.83798,171.5458,233.27975,271.6695,3.4541812,3.4159808,3.4789014,2.0723252,0.8722273,b'   1201453991746103296'
"{'flux': array([-0.375416  , -0.37542468, -0.37543333, ...,  7.860538  ,
        7.860538  ,  7.860538  ], dtype=float32), 'ivar': array([0., 0., 0., ..., 0., 0., 0.], dtype=float32), 'lsf_sigma': array([0.       , 0.       , 1.1294824, ..., 0.       , 0.       ,
       0.       ], dtype=float32), 'lambda': array([ 3.794897e+03,  3.795771e+03,  3.796645e+03, ..., -1.000000e+00,
       -1.000000e+00, -1.000000e+00], dtype=float32), 'mask': array([ True,  True,  True, ...,  True,  True,  True])}",0.0,0.0,-8.8114975e-06,2.9173523e-05,False,1.0741057,4.4760723,16.19063,36.04992,55.43816,1.920073,3.4066083,3.0409682,1.7723761,0.5742875,0.76891565,4.430597,16.111498,35.722466,54.830673,3.4541812,3.4159808,3.4789014,2.0723252,0.8722273,b'   1201454816379824128'
"{'flux': array([0.36673167, 0.3667473 , 0.833948  , ..., 3.2340913 , 3.2340913 ,
       3.2340913 ], dtype=float32), 'ivar': array([0.        , 0.09427441, 0.        , ..., 0.        , 0.        ,
       0.        ], dtype=float32), 'lsf_sigma': array([0.       , 1.1298935, 1.1295807, ..., 0.       , 0.       ,
       0.       ], dtype=float32), 'lambda': array([ 3.794897e+03,  3.795771e+03,  3.796645e+03, ..., -1.000000e+00,
       -1.000000e+00, -1.000000e+00], dtype=float32), 'mask': array([ True, False,  True, ...,  True,  True,  True])}",0.0,0.0,-5.066031e-05,8.00355e-05,False,2.4927151,4.847937,7.511492,8.473444,8.946584,1.920073,3.4066083,3.0409682,1.7723761,0.5742875,2.2156858,4.816439,7.3403516,8.44059,8.409733,3.4541812,3.4159808,3.4789014,2.0723252,0.8722273,b'   1201455366135638016'
"{'flux': array([-0.43642172, -0.43644205, -0.29506516, ..., -1.3779783 ,
       -1.3779783 , -1.3779783 ], dtype=float32), 'ivar': array([0.        , 0.03902206, 0.        , ..., 0.        , 0.        ,
       0.        ], dtype=float32), 'lsf_sigma': array([0.       , 1.1299222, 1.1295993, ..., 0.       , 0.       ,
       0.       ], dtype=float32), 'lambda': array([ 3.794897e+03,  3.795771e+03,  3.796645e+03, ..., -1.000000e+00,
       -1.000000e+00, -1.000000e+00], dtype=float32), 'mask': array([ True,  True,  True, ...,  True,  True,  True])}",80.79331,41.90981,0.27347878,0.0001232423,True,0.20465033,0.2538769,0.2296976,0.24537185,0.7778363,1.920073,3.4066083,3.0409682,1.7723761,0.5742875,0.031890165,0.21285361,0.13330469,0.3020233,0.9630171,3.4541812,3.4159808,3.4789014,2.0723252,0.8722273,b'   1201455641013544960'
"{'flux': array([ 2.7966406 ,  2.7966251 , -0.59061366, ..., 17.070795  ,
       17.070795  , 17.070795  ], dtype=float32), 'ivar': array([0.        , 0.14813471, 0.        , ..., 0.        , 0.        ,
       0.        ], dtype=float32), 'lsf_sigma': array([0.       , 1.0690138, 1.068782 , ..., 0.       , 0.       ,
       0.       ], dtype=float32), 'lambda': array([ 3.794897e+03,  3.795771e+03,  3.796645e+03, ..., -1.000000e+00,
       -1.000000e+00, -1.000000e+00], dtype=float32), 'mask': array([ True, False,  True, ...,  True,  True,  True])}",0.0,0.0,6.529496e-05,2.132234e-05,False,0.34726125,2.8639169,12.744488,49.277584,98.22646,1.920073,3.4066083,3.0409682,1.7723761,0.5742875,0.17826337,2.866059,12.476351,48.72513,97.958015,3.4541812,3.4159808,3.4789014,2.0723252,0.8722273,b'   1201456465647265792'
"{'flux': array([ 2.48624  ,  2.4862385,  2.7791822, ..., 10.496745 , 10.496745 ,
       10.496745 ], dtype=float32), 'ivar': array([0.        , 0.10792063, 0.        , ..., 0.        , 0.        ,
       0.        ], dtype=float32), 'lsf_sigma': array([0.       , 1.0690243, 1.0687943, ..., 0.       , 0.       ,
       0.       ], dtype=float32), 'lambda': array([ 3.794897e+03,  3.795771e+03,  3.796645e+03, ..., -1.000000e+00,
       -1.000000e+00, -1.000000e+00], dtype=float32), 'mask': array([ True, False,  True, ...,  True,  True,  True])}",0.0,0.0,-0.00020371794,2.1871976e-05,False,1.3775647,6.2996454,24.373514,45.506516,64.12041,1.920073,3.4066083,3.0409682,1.7723761,0.5742875,0.8195321,6.345134,23.976896,45.731884,62.369976,3.4541812,3.4159808,3.4789014,2.0723252,0.8722273,b'   1201456740525172736'
"{'flux': array([9.697819, 9.697803, 8.445001, ..., 2.371427, 2.371427, 2.371427],
      dtype=float32), 'ivar': array([0.        , 0.14323972, 0.        , ..., 0.        , 0.        ,
       0.        ], dtype=float32), 'lsf_sigma': array([0.       , 1.0691259, 1.0688847, ..., 0.       , 0.       ,
       0.       ], dtype=float32), 'lambda': array([ 3.794897e+03,  3.795771e+03,  3.796645e+03, ..., -1.000000e+00,
       -1.000000e+00, -1.000000e+00], dtype=float32), 'mask': array([ True, False,  True, ...,  True,  True,  True])}",0.0,0.0,0.00034344863,0.0001512272,False,5.1447053,8.166027,11.126788,12.381878,12.010464,1.920073,3.4066083,3.0409682,1.7723761,0.5742875,4.49131,8.138985,11.055535,12.333935,13.20277,3.4541812,3.4159808,3.4789014,2.0723252,0.8722273,b'   1201457565158893568'
"{'flux': array([ 5.752038,  5.751984,  6.070102, ..., 58.237247, 58.237247,
       58.237247], dtype=float32), 'ivar': array([0.        , 0.15077607, 0.        , ..., 0.        , 0.        ,
       0.        ], dtype=float32), 'lsf_sigma': array([0.       , 1.0691615, 1.068921 , ..., 0.       , 0.       ,
       0.       ], dtype=float32), 'lambda': array([ 3.794897e+03,  3.795771e+03,  3.796645e+03, ..., -1.000000e+00,
       -1.000000e+00, -1.000000e+00], dtype=float32), 'mask': array([ True, False,  True, ...,  True,  True,  True])}",0.0,0.0,-8.9475056e-05,8.817285e-06,False,6.6988444,51.03027,174.16371,288.73007,381.8379,1.920073,3.4066083,3.0409682,1.7723761,0.5742875,5.0926814,51.033245,173.79868,287.88214,376.91367,3.4541812,3.4159808,3.4789014,2.0723252,0.8722273,b'   1201457840036800512'
"{'flux': array([-1.9311568, -1.9311509, -0.4608689, ...,  2.48362  ,  2.48362  ,
        2.48362  ], dtype=float32), 'ivar': array([0.       , 0.2381913, 0.       , ..., 0.       , 0.       ,
       0.       ], dtype=float32), 'lsf_sigma': array([0.       , 1.0691886, 1.0689489, ..., 0.       , 0.       ,
       0.       ], dtype=float32), 'lambda': array([ 3.794897e+03,  3.795771e+03,  3.796645e+03, ..., -1.000000e+00,
       -1.000000e+00, -1.000000e+00], dtype=float32), 'mask': array([ True, False,  True, ...,  True,  True,  True])}",21.047985,65.22468,0.03826504,6.808696e-06,False,3.0959253,5.134116,7.8323736,9.66443,9.794741,1.920073,3.4066083,3.0409682,1.7723761,0.5742875,1.8940471,5.0757527,7.722846,9.583526,11.637031,3.4541812,3.4159808,3.4789014,2.0723252,0.8722273,b'   1201458114914707456'
"{'flux': array([ 0.3162941 ,  0.31629264, -0.08568802, ...,  7.758732  ,
        7.758732  ,  7.758732  ], dtype=float32), 'ivar': array([0.      , 0.196997, 0.      , ..., 0.      , 0.      , 0.      ],
      dtype=float32), 'lsf_sigma': array([0.       , 1.069237 , 1.0689958, ..., 0.       , 0.       ,
       0.       ], dtype=float32), 'lambda': array([ 3.794897e+03,  3.795771e+03,  3.796645e+03, ..., -1.000000e+00,
       -1.000000e+00, -1.000000e+00], dtype=float32), 'mask': array([ True, False,  True, ...,  True,  True,  True])}",0.0,0.0,-2.1602209e-05,3.4216704e-05,False,0.14193486,2.9791887,12.214793,22.779715,32.9009,1.920073,3.4066083,3.0409682,1.7723761,0.5742875,0.09921978,3.022136,11.934081,23.00944,31.9316,3.4541812,3.4159808,3.4789014,2.0723252,0.8722273,b'   1201458389792614400'
"{'flux': array([4.5628924, 4.5628147, 4.3153224, ..., 4.319389 , 4.319389 ,
       4.319389 ], dtype=float32), 'ivar': array([0.        , 0.17085177, 0.        , ..., 0.        , 0.        ,
       0.        ], dtype=float32), 'lsf_sigma': array([0.       , 1.0692475, 1.0690062, ..., 0.       , 0.       ,
       0.       ], dtype=float32), 'lambda': array([ 3.794897e+03,  3.795771e+03,  3.796645e+03, ..., -1.000000e+00,
       -1.000000e+00, -1.000000e+00], dtype=float32), 'mask': array([ True, False,  True, ...,  True,  True,  True])}",0.0,55.99405,0.33554873,1.582369e-05,False,3.1832707,5.070359,11.0766945,15.016781,21.35392,1.920073,3.4066083,3.0409682,1.7723761,0.5742875,3.099059,5.0452437,11.006408,15.089234,21.892962,3.4541812,3.4159808,3.4789014,2.0723252,0.8722273,b'   1201458664670521344'
"{'flux': array([ 3.4190612,  3.4191065,  2.3729553, ..., 17.474981 , 17.474981 ,
       17.474981 ], dtype=float32), 'ivar': array([0.        , 0.18339324, 0.        , ..., 0.        , 0.        ,
       0.        ], dtype=float32), 'lsf_sigma': array([0.       , 1.0692712, 1.0690308, ..., 0.       , 0.       ,
       0.       ], dtype=float32), 'lambda': array([ 3.794897e+03,  3.795771e+03,  3.796645e+03, ..., -1.000000e+00,
       -1.000000e+00, -1.000000e+00], dtype=float32), 'mask': array([ True, False,  True, ...,  True,  True,  True])}",0.0,0.0,2.1597449e-05,1.5141181e-05,False,1.4681894,7.9041753,34.85912,73.956924,111.3641,1.920073,3.4066083,3.0409682,1.7723761,0.5742875,0.89677286,7.8917837,34.58071,73.701584,110.968796,3.4541812,3.4159808,3.4789014,2.0723252,0.8722273,b'   1201458939548428288'
"{'flux': array([-2.3035173, -2.3035228,  1.0877329, ...,  6.343269 ,  6.343269 ,
        6.343269 ], dtype=float32), 'ivar': array([0.       , 0.1779526, 0.       , ..., 0.       , 0.       ,
       0.       ], dtype=float32), 'lsf_sigma': array([0.       , 1.0693059, 1.0690657, ..., 0.       , 0.       ,
       0.       ], dtype=float32), 'lambda': array([ 3.794897e+03,  3.795771e+03,  3.796645e+03, ..., -1.000000e+00,
       -1.000000e+00, -1.000000e+00], dtype=float32), 'mask': array([ True, False,  True, ...,  True,  True,  True])}",0.0,0.0,1.0627211e-05,2.2515638e-05,False,0.9595443,5.301933,19.451824,35.605648,49.44278,1.920073,3.4066083,3.0409682,1.7723761,0.5742875,0.59538203,5.3780456,19.25395,36.00321,48.89379,3.4541812,3.4159808,3.4789014,2.0723252,0.8722273,b'   1201459214426335232'
"{'flux': array([-0.99175286, -0.99175334, -1.4880095 , ..., 27.074053  ,
       27.074053  , 27.074053  ], dtype=float32), 'ivar': array([0.        , 0.20996483, 0.        , ..., 0.        , 0.        ,
       0.        ], dtype=float32), 'lsf_sigma': array([0.       , 1.0693289, 1.0690876, ..., 0.       , 0.       ,
       0.       ], dtype=float32), 'lambda': array([ 3.794897e+03,  3.795771e+03,  3.796645e+03, ..., -1.000000e+00,
       -1.000000e+00, -1.000000e+00], dtype=float32), 'mask': array([ True, False,  True, ...,  True,  True,  True])}",0.0,0.0,-5.4487435e-05,1.6240723e-05,False,1.193597,6.3680677,26.388592,85.23758,157.19621,1.920073,3.4066083,3.0409682,1.7723761,0.5742875,0.6116693,6.388696,26.0997,85.18083,155.49422,3.4541812,3.4159808,3.4789014,2.0723252,0.8722273,b'   1201459489304242176'
"{'flux': array([55.956078, 55.954506, 57.17515 , ..., 66.83453 , 66.83453 ,
       66.83453 ], dtype=float32), 'ivar': array([0.        , 0.06709022, 0.        , ..., 0.        , 0.        ,
       0.        ], dtype=float32), 'lsf_sigma': array([0.       , 1.0693758, 1.0691346, ..., 0.       , 0.       ,
       0.       ], dtype=float32), 'lambda': array([ 3.794897e+03,  3.795771e+03,  3.796645e+03, ..., -1.000000e+00,
       -1.000000e+00, -1.000000e+00], dtype=float32), 'mask': array([ True, False,  True, ...,  True,  True,  True])}",0.0,0.0,1.9306228e-05,8.458812e-06,False,77.54129,227.04694,378.18036,449.54874,487.1321,1.920073,3.4066083,3.0409682,1.7723761,0.5742875,72.54845,226.79327,377.46875,449.1227,483.21957,3.4541812,3.4159808,3.4789014,2.0723252,0.8722273,b'   1201459764182149120'
"{'flux': array([-0.6297066 , -0.6296907 ,  0.17908019, ...,  6.918938  ,
        6.918938  ,  6.918938  ], dtype=float32), 'ivar': array([0.        , 0.20428972, 0.        , ..., 0.        , 0.        ,
       0.        ], dtype=float32), 'lsf_sigma': array([0.       , 1.0693982, 1.069158 , ..., 0.       , 0.       ,
       0.       ], dtype=float32), 'lambda': array([ 3.794897e+03,  3.795771e+03,  3.796645e+03, ..., -1.000000e+00,
       -1.000000e+00, -1.000000e+00], dtype=float32), 'mask': array([ True, False,  True, ...,  True,  True,  True])}",0.0,0.0,0.00024111265,2.1448745e-05,False,1.1197761,5.492494,18.246798,30.743065,41.568447,1.920073,3.4066083,3.0409682,1.7723761,0.5742875,0.8126949,5.4687824,18.17626,30.69437,41.792408,3.4541812,3.4159808,3.4789014,2.0723252,0.8722273,b'   1201460039060056064'
"{'flux': array([-0.17435145,  0.9648143 ,  0.02890488, ..., 10.48445   ,
       10.48445   , 10.48445   ], dtype=float32), 'ivar': array([0.10615539, 0.22450264, 0.232669  , ..., 0.        , 0.        ,
       0.        ], dtype=float32), 'lsf_sigma': array([1.0696826, 1.0694466, 1.0692055, ..., 0.       , 0.       ,
       0.       ], dtype=float32), 'lambda': array([ 3.794897e+03,  3.795771e+03,  3.796645e+03, ..., -1.000000e+00,
       -1.000000e+00, -1.000000e+00], dtype=float32), 'mask': array([False, False, False, ...,  True,  True,  True])}",0.0,0.0,-0.00013954076,2.2818554e-05,False,0.47667393,2.9066398,11.677091,36.68118,67.61469,1.920073,3.4066083,3.0409682,1.7723761,0.5742875,0.2136701,2.888354,11.422312,36.511314,66.46456,3.4541812,3.4159808,3.4789014,2.0723252,0.8722273,b'   1201460313937963008'
"{'flux': array([6.232258 , 6.2322173, 5.575751 , ..., 5.660517 , 5.660517 ,
       5.660517 ], dtype=float32), 'ivar': array([0.        , 0.18199721, 0.        , ..., 0.        , 0.        ,
       0.        ], dtype=float32), 'lsf_sigma': array([0.       , 1.0694419, 1.069201 , ..., 0.       , 0.       ,
       0.       ], dtype=float32), 'lambda': array([ 3.794897e+03,  3.795771e+03,  3.796645e+03, ..., -1.000000e+00,
       -1.000000e+00, -1.000000e+00], dtype=float32), 'mask': array([ True, False,  True, ...,  True,  True,  True])}",37.953705,20.077795,0.10356934,8.98102e-06,False,5.875966,12.823524,23.753576,34.196186,43.595734,1.920073,3.4066083,3.0409682,1.7723761,0.5742875,5.175295,12.805019,23.604166,34.524292,42.683,3.4541812,3.4159808,3.4789014,2.0723252,0.8722273,b'   1201460588815869952'
"{'flux': array([-0.61366767, -0.6136691 ,  1.510979  , ..., 42.549915  ,
       42.549915  , 42.549915  ], dtype=float32), 'ivar': array([0.        , 0.15407029, 0.        , ..., 0.        , 0.        ,
       0.        ], dtype=float32), 'lsf_sigma': array([0.       , 1.0694782, 1.0692378, ..., 0.       , 0.       ,
       0.       ], dtype=float32), 'lambda': array([ 3.794897e+03,  3.795771e+03,  3.796645e+03, ..., -1.000000e+00,
       -1.000000e+00, -1.000000e+00], dtype=float32), 'mask': array([ True, False,  True, ...,  True,  True,  True])}",0.0,0.0,0.00014432604,1.0557011e-05,False,3.315991,18.829897,79.769806,181.15558,279.45917,1.920073,3.4066083,3.0409682,1.7723761,0.5742875,2.1391635,18.889744,79.18644,180.99501,276.33936,3.4541812,3.4159808,3.4789014,2.0723252,0.8722273,b'   1201460863693776896'
"{'flux': array([14.8781185,  9.999855 ,  9.611071 , ..., 11.65742  , 11.65742  ,
       11.65742  ], dtype=float32), 'ivar': array([0.0245601 , 0.12167535, 0.12513135, ..., 0.        , 0.        ,
       0.        ], dtype=float32), 'lsf_sigma': array([1.069724 , 1.0694892, 1.0692486, ..., 0.       , 0.       ,
       0.       ], dtype=float32), 'lambda': array([ 3.794897e+03,  3.795771e+03,  3.796645e+03, ..., -1.000000e+00,
       -1.000000e+00, -1.000000e+00], dtype=float32), 'mask': array([False, False, False, ...,  True,  True,  True])}",0.0,0.0,-7.164957e-05,1.0019927e-05,False,4.863928,24.17242,53.395245,71.13183,84.23167,1.920073,3.4066083,3.0409682,1.7723761,0.5742875,5.0732813,24.115147,53.197166,71.25309,84.25123,3.4541812,3.4159808,3.4789014,2.0723252,0.8722273,b'   1201461138571683840'
"{'flux': array([ 1.8066882 , -0.81156266,  4.131364  , ...,  2.6036432 ,
        2.6036432 ,  2.6036432 ], dtype=float32), 'ivar': array([0.07478842, 0.2192654 , 0.20229639, ..., 0.        , 0.        ,
       0.        ], dtype=float32), 'lsf_sigma': array([1.0697757, 1.0695406, 1.0692995, ..., 0.       , 0.       ,
       0.       ], dtype=float32), 'lambda': array([ 3.794897e+03,  3.795771e+03,  3.796645e+03, ..., -1.000000e+00,
       -1.000000e+00, -1.000000e+00], dtype=float32), 'mask': array([False, False, False, ...,  True,  True,  True])}",50.82672,41.14756,0.21827501,1.0474024e-05,False,4.512044,6.707824,10.575745,12.764997,15.334259,1.920073,3.4066083,3.0409682,1.7723761,0.5742875,3.5312831,6.744342,10.195782,13.175094,14.030432,3.4541812,3.4159808,3.4789014,2.0723252,0.8722273,b'   1201461688327497728'
"{'flux': array([-0.4024697 , -0.40247434,  0.480131  , ...,  8.026384  ,
        8.026384  ,  8.026384  ], dtype=float32), 'ivar': array([0.        , 0.18785492, 0.        , ..., 0.        , 0.        ,
       0.        ], dtype=float32), 'lsf_sigma': array([0.       , 1.0982184, 1.0979354, ..., 0.       , 0.       ,
       0.       ], dtype=float32), 'lambda': array([ 3.794897e+03,  3.795771e+03,  3.796645e+03, ..., -1.000000e+00,
       -1.000000e+00, -1.000000e+00], dtype=float32), 'mask': array([ True, False,  True, ...,  True,  True,  True])}",0.0,0.0,-5.63506e-05,3.3077908e-05,False,0.9830916,2.1559865,9.123702,28.161032,49.612778,1.920073,3.4066083,3.0409682,1.7723761,0.5742875,0.5357834,2.169376,8.909229,28.077517,49.618813,3.4541812,3.4159808,3.4789014,2.0723252,0.8722273,b'   1201464162228660224'
"{'flux': array([ 5.7675195,  5.7674623,  6.152084 , ..., 23.969864 , 23.969864 ,
       23.969864 ], dtype=float32), 'ivar': array([0.        , 0.14495298, 0.        , ..., 0.        , 0.        ,
       0.        ], dtype=float32), 'lsf_sigma': array([0.       , 1.0982528, 1.0979571, ..., 0.       , 0.       ,
       0.       ], dtype=float32), 'lambda': array([ 3.794897e+03,  3.795771e+03,  3.796645e+03, ..., -1.000000e+00,
       -1.000000e+00, -1.000000e+00], dtype=float32), 'mask': array([ True, False,  True, ...,  True,  True,  True])}",0.0,0.0,-0.00016034396,1.2004492e-05,False,2.8986154,17.93432,67.3375,118.4398,161.28436,1.920073,3.4066083,3.0409682,1.7723761,0.5742875,1.5945076,17.921957,67.029144,117.59739,160.28697,3.4541812,3.4159808,3.4789014,2.0723252,0.8722273,b'   1201464711984474112'
"{'flux': array([ 0.76419175,  0.76419604, -0.9417791 , ..., 21.264439  ,
       21.264439  , 21.264439  ], dtype=float32), 'ivar': array([0.        , 0.19812854, 0.        , ..., 0.        , 0.        ,
       0.        ], dtype=float32), 'lsf_sigma': array([0.       , 1.0982816, 1.0979884, ..., 0.       , 0.       ,
       0.       ], dtype=float32), 'lambda': array([ 3.794897e+03,  3.795771e+03,  3.796645e+03, ..., -1.000000e+00,
       -1.000000e+00, -1.000000e+00], dtype=float32), 'mask': array([ True, False,  True, ...,  True,  True,  True])}",0.0,0.0,3.0675765e-05,1.3823964e-05,False,1.9143513,7.4943013,29.4192,79.38981,132.6037,1.920073,3.4066083,3.0409682,1.7723761,0.5742875,1.1061496,7.493235,29.33015,79.12594,132.68463,3.4541812,3.4159808,3.4789014,2.0723252,0.8722273,b'   1201465261740288000'
"{'flux': array([0.6510121 , 0.65101326, 2.5248744 , ..., 9.218701  , 9.218701  ,
       9.218701  ], dtype=float32), 'ivar': array([0.        , 0.13161534, 0.        , ..., 0.        , 0.        ,
       0.        ], dtype=float32), 'lsf_sigma': array([0.       , 1.098285 , 1.0980047, ..., 0.       , 0.       ,
       0.       ], dtype=float32), 'lambda': array([ 3.794897e+03,  3.795771e+03,  3.796645e+03, ..., -1.000000e+00,
       -1.000000e+00, -1.000000e+00], dtype=float32), 'mask': array([ True, False,  True, ...,  True,  True,  True])}",0.0,0.0,0.00021826121,1.8009427e-05,False,1.3258575,4.901667,19.305202,39.14916,56.78259,1.920073,3.4066083,3.0409682,1.7723761,0.5742875,0.69768804,4.875527,19.346296,39.11177,56.252995,3.4541812,3.4159808,3.4789014,2.0723252,0.8722273,b'   1201465536618194944'
"{'flux': array([ 4.596581 ,  4.596586 ,  5.0207415, ..., 23.672056 , 23.672056 ,
       23.672056 ], dtype=float32), 'ivar': array([0.       , 0.1569026, 0.       , ..., 0.       , 0.       ,
       0.       ], dtype=float32), 'lsf_sigma': array([0.       , 1.098304 , 1.0980098, ..., 0.       , 0.       ,
       0.       ], dtype=float32), 'lambda': array([ 3.794897e+03,  3.795771e+03,  3.796645e+03, ..., -1.000000e+00,
       -1.000000e+00, -1.000000e+00], dtype=float32), 'mask': array([ True, False,  True, ...,  True,  True,  True])}",0.0,0.0,9.129849e-05,9.434772e-06,False,6.611719,39.295105,99.135605,138.2006,165.60522,1.920073,3.4066083,3.0409682,1.7723761,0.5742875,6.6086335,39.224525,99.00521,138.44223,162.78703,3.4541812,3.4159808,3.4789014,2.0723252,0.8722273,b'   1201465811496101888'
"{'flux': array([2.103809 , 2.103843 , 2.4576647, ..., 4.083613 , 4.083613 ,
       4.083613 ], dtype=float32), 'ivar': array([0.        , 0.27168262, 0.        , ..., 0.        , 0.        ,
       0.        ], dtype=float32), 'lsf_sigma': array([0.       , 1.0982827, 1.0979877, ..., 0.       , 0.       ,
       0.       ], dtype=float32), 'lambda': array([ 3.794897e+03,  3.795771e+03,  3.796645e+03, ..., -1.000000e+00,
       -1.000000e+00, -1.000000e+00], dtype=float32), 'mask': array([ True, False,  True, ...,  True,  True,  True])}",0.0,0.0,-0.00063358754,0.00035552395,True,2.4886134,4.1562862,7.823338,10.725334,12.967312,1.920073,3.4066083,3.0409682,1.7723761,0.5742875,2.297629,4.2181153,7.4774256,11.030538,13.424214,3.4541812,3.4159808,3.4789014,2.0723252,0.8722273,b'   1201466086374008832'
"{'flux': array([12.233358, 12.233281,  9.843521, ...,  4.851694,  4.851694,
        4.851694], dtype=float32), 'ivar': array([0.     , 0.07802, 0.     , ..., 0.     , 0.     , 0.     ],
      dtype=float32), 'lsf_sigma': array([0.       , 1.0982766, 1.0979985, ..., 0.       , 0.       ,
       0.       ], dtype=float32), 'lambda': array([ 3.794897e+03,  3.795771e+03,  3.796645e+03, ..., -1.000000e+00,
       -1.000000e+00, -1.000000e+00], dtype=float32), 'mask': array([ True, False,  True, ...,  True,  True,  True])}",0.0,0.0,1.0428467,0.00047752413,False,18.70986,18.294962,23.887756,23.427809,21.26974,1.920073,3.4066083,3.0409682,1.7723761,0.5742875,19.368153,18.201889,23.836637,23.480581,21.627003,3.4541812,3.4159808,3.4789014,2.0723252,0.8722273,b'   1201466636129822720'
"{'flux': array([ 2.1388514,  2.1388803,  1.3022276, ..., 19.979063 , 19.979063 ,
       19.979063 ], dtype=float32), 'ivar': array([0.        , 0.17407657, 0.        , ..., 0.        , 0.        ,
       0.        ], dtype=float32), 'lsf_sigma': array([0.       , 1.098323 , 1.0980271, ..., 0.       , 0.       ,
       0.       ], dtype=float32), 'lambda': array([ 3.794897e+03,  3.795771e+03,  3.796645e+03, ..., -1.000000e+00,
       -1.000000e+00, -1.000000e+00], dtype=float32), 'mask': array([ True, False,  True, ...,  True,  True,  True])}",0.0,0.0,0.000115905445,1.0925908e-05,False,3.5258915,23.615824,69.98618,105.18045,130.78139,1.920073,3.4066083,3.0409682,1.7723761,0.5742875,3.1683261,23.736204,69.533424,105.74866,127.78135,3.4541812,3.4159808,3.4789014,2.0723252,0.8722273,b'   1201466911007729664'
"{'flux': array([3.8425906, 3.842548 , 0.7179904, ..., 1.7466996, 1.7466996,
       1.7466996], dtype=float32), 'ivar': array([0.        , 0.09987719, 0.        , ..., 0.        , 0.        ,
       0.        ], dtype=float32), 'lsf_sigma': array([0.       , 1.0982739, 1.0979934, ..., 0.       , 0.       ,
       0.       ], dtype=float32), 'lambda': array([ 3.794897e+03,  3.795771e+03,  3.796645e+03, ..., -1.000000e+00,
       -1.000000e+00, -1.000000e+00], dtype=float32), 'mask': array([ True, False,  True, ...,  True,  True,  True])}",65.94711,32.619114,0.077960715,7.24738e-06,False,4.7955666,8.335268,11.1749735,15.560693,15.678707,1.920073,3.4066083,3.0409682,1.7723761,0.5742875,0.0010367016,8.428353,11.257891,15.162506,18.70836,3.4541812,3.4159808,3.4789014,2.0723252,0.8722273,b'   1201467185885636608'
"{'flux': array([ 2.0495508,  2.0495114,  1.2087644, ..., 15.694329 , 15.694329 ,
       15.694329 ], dtype=float32), 'ivar': array([0.        , 0.20023909, 0.        , ..., 0.        , 0.        ,
       0.        ], dtype=float32), 'lsf_sigma': array([0.       , 1.1185501, 1.1182343, ..., 0.       , 0.       ,
       0.       ], dtype=float32), 'lambda': array([ 3.794897e+03,  3.795771e+03,  3.796645e+03, ..., -1.000000e+00,
       -1.000000e+00, -1.000000e+00], dtype=float32), 'mask': array([ True, False,  True, ...,  True,  True,  True])}",0.0,0.0,7.532973e-05,1.8016415e-05,False,0.7117737,4.446905,19.02764,53.33728,88.23867,1.920073,3.4066083,3.0409682,1.7723761,0.5742875,0.4477378,4.3316054,19.094313,52.959366,88.662796,3.4541812,3.4159808,3.4789014,2.0723252,0.8722273,b'   1201469384908892160'
"{'flux': array([1.667796 , 1.6677753, 2.8507137, ..., 2.3152995, 2.3152995,
       2.3152995], dtype=float32), 'ivar': array([0.       , 0.2795549, 0.       , ..., 0.       , 0.       ,
       0.       ], dtype=float32), 'lsf_sigma': array([0.       , 1.1185288, 1.1182125, ..., 0.       , 0.       ,
       0.       ], dtype=float32), 'lambda': array([ 3.794897e+03,  3.795771e+03,  3.796645e+03, ..., -1.000000e+00,
       -1.000000e+00, -1.000000e+00], dtype=float32), 'mask': array([ True, False,  True, ...,  True,  True,  True])}",44.082905,66.322136,0.47843558,2.5742605e-05,False,1.7595134,3.0550869,7.8824344,10.840976,11.4940195,1.920073,3.4066083,3.0409682,1.7723761,0.5742875,1.5557374,2.9740443,7.945562,10.984458,12.84626,3.4541812,3.4159808,3.4789014,2.0723252,0.8722273,b'   1201469659786799104'
"{'flux': array([6.526113 , 6.525913 , 6.525713 , ..., 5.8826647, 5.8826647,
       5.8826647], dtype=float32), 'ivar': array([0., 0., 0., ..., 0., 0., 0.], dtype=float32), 'lsf_sigma': array([0., 0., 0., ..., 0., 0., 0.], dtype=float32), 'lambda': array([ 3.794897e+03,  3.795771e+03,  3.796645e+03, ..., -1.000000e+00,
       -1.000000e+00, -1.000000e+00], dtype=float32), 'mask': array([ True,  True,  True, ...,  True,  True,  True])}",77.10872,34.635605,0.24843009,9.259114e-06,False,9.20044,13.989911,26.488947,37.35104,47.407078,1.920073,3.4066083,3.0409682,1.7723761,0.5742875,9.341346,14.033722,26.306097,37.456795,47.60273,3.4541812,3.4159808,3.4789014,2.0723252,0.8722273,b'   1201478455879821312'
"{'flux': array([29.482277, 29.480978, 29.479681, ..., 19.332094, 19.332094,
       19.332094], dtype=float32), 'ivar': array([0., 0., 0., ..., 0., 0., 0.], dtype=float32), 'lsf_sigma': array([0., 0., 0., ..., 0., 0., 0.], dtype=float32), 'lambda': array([ 3.794897e+03,  3.795771e+03,  3.796645e+03, ..., -1.000000e+00,
       -1.000000e+00, -1.000000e+00], dtype=float32), 'mask': array([ True,  True,  True, ...,  True,  True,  True])}",0.0,0.0,8.6375614e-05,1.2947212e-05,False,47.961597,88.48376,126.615105,144.58347,150.93652,1.920073,3.4066083,3.0409682,1.7723761,0.5742875,44.033356,88.47073,126.43828,144.75183,149.28824,3.4541812,3.4159808,3.4789014,2.0723252,0.8722273,b'   1201479005635635200'
"{'flux': array([87.49454, 87.49145, 87.48835, ..., 85.00191, 85.00191, 85.00191],
      dtype=float32), 'ivar': array([0., 0., 0., ..., 0., 0., 0.], dtype=float32), 'lsf_sigma': array([0., 0., 0., ..., 0., 0., 0.], dtype=float32), 'lambda': array([ 3.794897e+03,  3.795771e+03,  3.796645e+03, ..., -1.000000e+00,
       -1.000000e+00, -1.000000e+00], dtype=float32), 'mask': array([ True,  True,  True, ...,  True,  True,  True])}",0.0,0.0,0.0001669139,8.769596e-06,False,135.21611,313.50208,503.67276,603.1177,659.5385,1.920073,3.4066083,3.0409682,1.7723761,0.5742875,122.13956,313.37952,503.5037,602.92096,653.1896,3.4541812,3.4159808,3.4789014,2.0723252,0.8722273,b'   1201479280513542144'
"{'flux': array([3.5689824, 3.5688643, 3.5687466, ..., 5.4629273, 5.4629273,
       5.4629273], dtype=float32), 'ivar': array([0., 0., 0., ..., 0., 0., 0.], dtype=float32), 'lsf_sigma': array([0., 0., 0., ..., 0., 0., 0.], dtype=float32), 'lambda': array([ 3.794897e+03,  3.795771e+03,  3.796645e+03, ..., -1.000000e+00,
       -1.000000e+00, -1.000000e+00], dtype=float32), 'mask': array([ True,  True,  True, ...,  True,  True,  True])}",0.0,31.330418,0.07070775,9.328348e-06,False,4.5422587,11.273175,19.933327,27.724085,31.539335,1.920073,3.4066083,3.0409682,1.7723761,0.5742875,3.9849405,11.230927,19.92473,27.844378,31.914734,3.4541812,3.4159808,3.4789014,2.0723252,0.8722273,b'   1201480380025169920'
"{'flux': array([ 4.9008384 ,  4.9006677 ,  4.9004965 , ..., -0.77509654,
       -0.77509654, -0.77509654], dtype=float32), 'ivar': array([0., 0., 0., ..., 0., 0., 0.], dtype=float32), 'lsf_sigma': array([0., 0., 0., ..., 0., 0., 0.], dtype=float32), 'lambda': array([ 3.794897e+03,  3.795771e+03,  3.796645e+03, ..., -1.000000e+00,
       -1.000000e+00, -1.000000e+00], dtype=float32), 'mask': array([ True,  True,  True, ...,  True,  True,  True])}",0.0,0.0,0.0012820917,2.0148878,True,0.6473415,0.22583275,0.15109985,0.20959127,-0.8853489,1.920073,3.4066083,3.0409682,1.7723761,0.5742875,-0.10431581,0.1544149,0.20143488,0.26830468,0.047796633,3.4541812,3.4159808,3.4789014,2.0723252,0.8722273,b'   1201480929780983808'
"{'flux': array([3.6458228, 3.6457038, 3.645585 , ..., 6.5925574, 6.5925574,
       6.5925574], dtype=float32), 'ivar': array([0., 0., 0., ..., 0., 0., 0.], dtype=float32), 'lsf_sigma': array([0., 0., 0., ..., 0., 0., 0.], dtype=float32), 'lambda': array([ 3.794897e+03,  3.795771e+03,  3.796645e+03, ..., -1.000000e+00,
       -1.000000e+00, -1.000000e+00], dtype=float32), 'mask': array([ True,  True,  True, ...,  True,  True,  True])}",0.0,0.0,7.83879e-05,4.315261e-05,False,0.91006327,2.416111,9.477932,27.407724,45.808792,1.920073,3.4066083,3.0409682,1.7723761,0.5742875,0.5454506,2.326175,9.518234,27.644346,46.94253,3.4541812,3.4159808,3.4789014,2.0723252,0.8722273,b'   1201481204658890752'
"{'flux': array([0.4832276 , 0.4832066 , 0.48318562, ..., 1.3425716 , 1.3425716 ,
       1.3425716 ], dtype=float32), 'ivar': array([0., 0., 0., ..., 0., 0., 0.], dtype=float32), 'lsf_sigma': array([0., 0., 0., ..., 0., 0., 0.], dtype=float32), 'lambda': array([ 3.794897e+03,  3.795771e+03,  3.796645e+03, ..., -1.000000e+00,
       -1.000000e+00, -1.000000e+00], dtype=float32), 'mask': array([ True,  True,  True, ...,  True,  True,  True])}",747.53937,200.78586,0.0668436,1.2090916e-05,False,2.136384,5.07763,6.8040366,8.103308,7.005284,1.920073,3.4066083,3.0409682,1.7723761,0.5742875,1.8911587,4.984912,6.915858,8.056534,8.055346,3.4541812,3.4159808,3.4789014,2.0723252,0.8722273,b'   1201481479536797696'
"{'flux': array([-0.3028875 , -0.30287653, -0.30286556, ...,  3.7172751 ,
        3.7172751 ,  3.7172751 ], dtype=float32), 'ivar': array([0., 0., 0., ..., 0., 0., 0.], dtype=float32), 'lsf_sigma': array([0., 0., 0., ..., 0., 0., 0.], dtype=float32), 'lambda': array([ 3.794897e+03,  3.795771e+03,  3.796645e+03, ..., -1.000000e+00,
       -1.000000e+00, -1.000000e+00], dtype=float32), 'mask': array([ True,  True,  True, ...,  True,  True,  True])}",97.43272,85.15941,0.18194565,2.1175298e-05,False,1.6295283,3.8734543,9.16324,13.581858,17.229774,1.920073,3.4066083,3.0409682,1.7723761,0.5742875,1.7105545,3.8411584,9.017946,13.837761,17.100302,3.4541812,3.4159808,3.4789014,2.0723252,0.8722273,b'   1201481754414704640'
"{'flux': array([-0.47460428, -0.47458798, -0.47457168, ...,  6.030332  ,
        6.030332  ,  6.030332  ], dtype=float32), 'ivar': array([0., 0., 0., ..., 0., 0., 0.], dtype=float32), 'lsf_sigma': array([0., 0., 0., ..., 0., 0., 0.], dtype=float32), 'lambda': array([ 3.794897e+03,  3.795771e+03,  3.796645e+03, ..., -1.000000e+00,
       -1.000000e+00, -1.000000e+00], dtype=float32), 'mask': array([ True,  True,  True, ...,  True,  True,  True])}",0.0,0.0,5.5782243e-06,2.6895961e-05,False,0.5793139,4.6073794,16.477596,28.393118,37.01656,1.920073,3.4066083,3.0409682,1.7723761,0.5742875,0.6888444,4.534145,16.471815,28.46139,37.31614,3.4541812,3.4159808,3.4789014,2.0723252,0.8722273,b'   1201482029292611584'
"{'flux': array([ 3.4603488,  3.460253 ,  3.4601574, ..., 12.733181 , 12.733181 ,
       12.733181 ], dtype=float32), 'ivar': array([0., 0., 0., ..., 0., 0., 0.], dtype=float32), 'lsf_sigma': array([0., 0., 0., ..., 0., 0., 0.], dtype=float32), 'lambda': array([ 3.794897e+03,  3.795771e+03,  3.796645e+03, ..., -1.000000e+00,
       -1.000000e+00, -1.000000e+00], dtype=float32), 'mask': array([ True,  True,  True, ...,  True,  True,  True])}",0.0,0.0,8.290255e-05,1.2308171e-05,False,2.8932676,15.290588,38.3692,53.20694,61.8089,1.920073,3.4066083,3.0409682,1.7723761,0.5742875,2.5640056,15.324706,38.138596,53.596443,61.335514,3.4541812,3.4159808,3.4789014,2.0723252,0.8722273,b'   1201482304170518528'
"{'flux': array([ 2.3100333,  2.3099413,  2.3098493, ..., 11.553883 , 11.553883 ,
       11.553883 ], dtype=float32), 'ivar': array([0., 0., 0., ..., 0., 0., 0.], dtype=float32), 'lsf_sigma': array([0., 0., 0., ..., 0., 0., 0.], dtype=float32), 'lambda': array([ 3.794897e+03,  3.795771e+03,  3.796645e+03, ..., -1.000000e+00,
       -1.000000e+00, -1.000000e+00], dtype=float32), 'mask': array([ True,  True,  True, ...,  True,  True,  True])}",0.0,0.0,-6.335515e-05,2.5670925e-05,False,0.6998497,2.4268737,10.990174,36.69801,64.01742,1.920073,3.4066083,3.0409682,1.7723761,0.5742875,0.19696659,2.330159,11.046772,36.45168,65.00965,3.4541812,3.4159808,3.4789014,2.0723252,0.8722273,b'   1201482579048425472'
"{'flux': array([0.3849487, 0.3849355, 0.3849223, ..., 0.6967371, 0.6967371,
       0.6967371], dtype=float32), 'ivar': array([0., 0., 0., ..., 0., 0., 0.], dtype=float32), 'lsf_sigma': array([0., 0., 0., ..., 0., 0., 0.], dtype=float32), 'lambda': array([ 3.794897e+03,  3.795771e+03,  3.796645e+03, ..., -1.000000e+00,
       -1.000000e+00, -1.000000e+00], dtype=float32), 'mask': array([ True,  True,  True, ...,  True,  True,  True])}",0.0,0.0,-0.0004255303,0.00029309723,False,0.2177943,0.14472343,0.32418633,1.5214592,2.839602,1.920073,3.4066083,3.0409682,1.7723761,0.5742875,0.060370047,0.08799945,0.2979142,1.5167724,3.1175463,3.4541812,3.4159808,3.4789014,2.0723252,0.8722273,b'   1201482853926332416'
"{'flux': array([4.3660107, 4.3658   , 4.365589 , ..., 7.7840977, 7.7840977,
       7.7840977], dtype=float32), 'ivar': array([0., 0., 0., ..., 0., 0., 0.], dtype=float32), 'lsf_sigma': array([0., 0., 0., ..., 0., 0., 0.], dtype=float32), 'lambda': array([ 3.794897e+03,  3.795771e+03,  3.796645e+03, ..., -1.000000e+00,
       -1.000000e+00, -1.000000e+00], dtype=float32), 'mask': array([ True,  True,  True, ...,  True,  True,  True])}",80.645256,12.188023,0.1563541,3.7315625e-05,False,3.9863458,10.096964,28.46815,44.859745,58.878345,1.920073,3.4066083,3.0409682,1.7723761,0.5742875,3.6705828,10.00257,28.542841,44.752243,59.48032,3.4541812,3.4159808,3.4789014,2.0723252,0.8722273,b'   1201483128804239360'
"{'flux': array([-0.47237355, -0.47236115, -0.47234875, ...,  9.684596  ,
        9.684596  ,  9.684596  ], dtype=float32), 'ivar': array([0., 0., 0., ..., 0., 0., 0.], dtype=float32), 'lsf_sigma': array([0., 0., 0., ..., 0., 0., 0.], dtype=float32), 'lambda': array([ 3.794897e+03,  3.795771e+03,  3.796645e+03, ..., -1.000000e+00,
       -1.000000e+00, -1.000000e+00], dtype=float32), 'mask': array([ True,  True,  True, ...,  True,  True,  True])}",0.0,0.0,0.00017718102,1.826894e-05,False,1.1213523,5.8151793,21.764463,41.54805,58.220715,1.920073,3.4066083,3.0409682,1.7723761,0.5742875,0.47488278,5.7580385,21.7976,41.724407,57.55035,3.4541812,3.4159808,3.4789014,2.0723252,0.8722273,b'   1201483403682146304'
"{'flux': array([3.9666505, 3.966542 , 3.966434 , ..., 2.9511518, 2.9511518,
       2.9511518], dtype=float32), 'ivar': array([0., 0., 0., ..., 0., 0., 0.], dtype=float32), 'lsf_sigma': array([0., 0., 0., ..., 0., 0., 0.], dtype=float32), 'lambda': array([ 3.794897e+03,  3.795771e+03,  3.796645e+03, ..., -1.000000e+00,
       -1.000000e+00, -1.000000e+00], dtype=float32), 'mask': array([ True,  True,  True, ...,  True,  True,  True])}",46.032932,78.305405,0.34008098,2.2941947e-05,False,2.9089508,4.4150615,11.622175,16.623003,21.598938,1.920073,3.4066083,3.0409682,1.7723761,0.5742875,2.1192408,4.360621,11.747779,16.822292,22.558811,3.4541812,3.4159808,3.4789014,2.0723252,0.8722273,b'   1201483678560053248'
"{'flux': array([4.2471695, 4.2469425, 4.2467155, ..., 8.820527 , 8.820527 ,
       8.820527 ], dtype=float32), 'ivar': array([0., 0., 0., ..., 0., 0., 0.], dtype=float32), 'lsf_sigma': array([0., 0., 0., ..., 0., 0., 0.], dtype=float32), 'lambda': array([ 3.794897e+03,  3.795771e+03,  3.796645e+03, ..., -1.000000e+00,
       -1.000000e+00, -1.000000e+00], dtype=float32), 'mask': array([ True,  True,  True, ...,  True,  True,  True])}",228.6438,17.143951,0.21804655,4.977232e-05,False,3.0841086,7.200016,27.37833,46.748466,63.022095,1.920073,3.4066083,3.0409682,1.7723761,0.5742875,2.3487387,7.1654086,27.33083,46.546356,64.272255,3.4541812,3.4159808,3.4789014,2.0723252,0.8722273,b'   1201490000751912960'
"{'flux': array([5.139296 , 5.1390047, 5.1387134, ..., 6.8030243, 6.8030243,
       6.8030243], dtype=float32), 'ivar': array([0., 0., 0., ..., 0., 0., 0.], dtype=float32), 'lsf_sigma': array([0., 0., 0., ..., 0., 0., 0.], dtype=float32), 'lambda': array([ 3.794897e+03,  3.795771e+03,  3.796645e+03, ..., -1.000000e+00,
       -1.000000e+00, -1.000000e+00], dtype=float32), 'mask': array([ True,  True,  True, ...,  True,  True,  True])}",0.0,0.0,5.8027967e-05,1.2403553e-05,False,4.247039,18.521711,39.53514,51.53172,57.75924,1.920073,3.4066083,3.0409682,1.7723761,0.5742875,4.496078,18.432362,39.491844,51.370403,57.826275,3.4541812,3.4159808,3.4789014,2.0723252,0.8722273,b'   1201490550507726848'
"{'flux': array([6.705417 , 6.7050185, 6.7046204, ..., 2.3457832, 2.3457832,
       2.3457832], dtype=float32), 'ivar': array([0., 0., 0., ..., 0., 0., 0.], dtype=float32), 'lsf_sigma': array([0., 0., 0., ..., 0., 0., 0.], dtype=float32), 'lambda': array([ 3.794897e+03,  3.795771e+03,  3.796645e+03, ..., -1.000000e+00,
       -1.000000e+00, -1.000000e+00], dtype=float32), 'mask': array([ True,  True,  True, ...,  True,  True,  True])}",0.0,0.0,-0.0004728144,8.481473e-05,False,9.973076,15.315768,20.902199,22.682909,21.19836,1.920073,3.4066083,3.0409682,1.7723761,0.5742875,8.477566,15.232693,20.948486,22.454836,21.799383,3.4541812,3.4159808,3.4789014,2.0723252,0.8722273,b'   1201490825385633792'
"{'flux': array([4.30545   , 4.3051176 , 4.304785  , ..., 0.11240152, 0.11240152,
       0.11240152], dtype=float32), 'ivar': array([0., 0., 0., ..., 0., 0., 0.], dtype=float32), 'lsf_sigma': array([0., 0., 0., ..., 0., 0., 0.], dtype=float32), 'lambda': array([ 3.794897e+03,  3.795771e+03,  3.796645e+03, ..., -1.000000e+00,
       -1.000000e+00, -1.000000e+00], dtype=float32), 'mask': array([ True,  True,  True, ...,  True,  True,  True])}",0.0,0.0,1.4178716,0.00059663085,False,6.842275,7.3131795,11.172486,12.133453,10.303421,1.920073,3.4066083,3.0409682,1.7723761,0.5742875,6.7113595,7.1991634,11.286759,11.854004,10.447077,3.4541812,3.4159808,3.4789014,2.0723252,0.8722273,b'   1201492199775168512'
"{'flux': array([43.850365, 43.848267, 43.84617 , ..., 30.531794, 30.531794,
       30.531794], dtype=float32), 'ivar': array([0., 0., 0., ..., 0., 0., 0.], dtype=float32), 'lsf_sigma': array([0., 0., 0., ..., 0., 0., 0.], dtype=float32), 'lambda': array([ 3.794897e+03,  3.795771e+03,  3.796645e+03, ..., -1.000000e+00,
       -1.000000e+00, -1.000000e+00], dtype=float32), 'mask': array([ True,  True,  True, ...,  True,  True,  True])}",0.0,0.0,0.000102911625,1.1089686e-05,False,48.179836,118.430824,193.54855,226.78676,241.11113,1.920073,3.4066083,3.0409682,1.7723761,0.5742875,41.213367,118.149574,193.77573,226.4258,238.10092,3.4541812,3.4159808,3.4789014,2.0723252,0.8722273,b'   1201493024408889344'
"{'flux': array([22.298899  , 22.292072  , 22.285257  , ...,  0.38300192,
        0.38299826,  0.38299456], dtype=float32), 'ivar': array([0., 0., 0., ..., 0., 0., 0.], dtype=float32), 'lsf_sigma': array([0.        , 0.        , 0.        , ..., 0.72930706, 0.7567851 ,
       0.        ], dtype=float32), 'lambda': array([3787.913 , 3788.7854, 3789.658 , ..., 9217.221 , 9219.344 ,
       9221.467 ], dtype=float32), 'mask': array([ True,  True,  True, ...,  True,  True,  True])}",112.10615,36.363636,0.13947359,7.1808404e-06,False,6.3633437,6.6220336,11.510028,16.733114,18.907225,0.5269064,3.2426467,2.0400248,1.4923251,0.81155884,2.268003,6.5714145,11.514532,16.513218,18.646812,2.5813403,3.205192,2.1712115,1.6547436,0.9499079,b'   1758664776663197696'
"{'flux': array([1.0550295, 1.0549124, 1.0547955, ..., 3.0277956, 3.0279105,
       3.028025 ], dtype=float32), 'ivar': array([0., 0., 0., ..., 0., 0., 0.], dtype=float32), 'lsf_sigma': array([0., 0., 0., ..., 0., 0., 0.], dtype=float32), 'lambda': array([3787.913 , 3788.7854, 3789.658 , ..., 9217.221 , 9219.344 ,
       9221.467 ], dtype=float32), 'mask': array([ True,  True,  True, ...,  True,  True,  True])}",96.055405,33.719723,0.23497805,6.909724e-05,False,1.2764487,2.9972982,10.43278,18.268549,25.7041,0.5269064,3.2426467,2.0400248,1.4923251,0.81155884,1.1349059,2.9405732,10.498492,18.404163,25.823807,2.5813403,3.205192,2.1712115,1.6547436,0.9499079,b'   1758767855878301696'
"{'flux': array([5.523799 , 5.5230207, 5.522245 , ..., 4.722077 , 4.7222323,
       4.722387 ], dtype=float32), 'ivar': array([0., 0., 0., ..., 0., 0., 0.], dtype=float32), 'lsf_sigma': array([0.       , 0.       , 1.0876199, ..., 0.       , 0.       ,
       0.       ], dtype=float32), 'lambda': array([3787.913 , 3788.7854, 3789.658 , ..., 9217.221 , 9219.344 ,
       9221.467 ], dtype=float32), 'mask': array([ True,  True,  True, ...,  True,  True,  True])}",0.0,45.556507,0.059686806,9.7293705e-06,False,3.1472754,7.8120804,12.407427,15.690541,17.794888,0.5269064,3.2426467,2.0400248,1.4923251,0.81155884,2.6251488,7.7528663,12.456028,15.845195,17.820433,2.5813403,3.205192,2.1712115,1.6547436,0.9499079,b'   1758776926849230848'
"{'flux': array([5.5079722, 5.507186 , 5.506401 , ..., 3.6762607, 3.6763804,
       3.6764994], dtype=float32), 'ivar': array([0., 0., 0., ..., 0., 0., 0.], dtype=float32), 'lsf_sigma': array([0.       , 0.       , 1.0876473, ..., 0.       , 0.       ,
       0.       ], dtype=float32), 'lambda': array([3787.913 , 3788.7854, 3789.658 , ..., 9217.221 , 9219.344 ,
       9221.467 ], dtype=float32), 'mask': array([ True,  True,  True, ...,  True,  True,  True])}",624.8016,127.49105,0.15414912,1.1972258e-05,False,3.1799338,6.442646,12.215784,17.746077,22.189783,0.5269064,3.2426467,2.0400248,1.4923251,0.81155884,2.8582673,6.4293227,12.086922,17.800491,22.250845,2.5813403,3.205192,2.1712115,1.6547436,0.9499079,b'   1758777201727137792'
"{'flux': array([ 4.8315187,  4.830899 ,  4.8302803, ..., 12.098251 , 12.098675 ,
       12.099097 ], dtype=float32), 'ivar': array([0., 0., 0., ..., 0., 0., 0.], dtype=float32), 'lsf_sigma': array([0.       , 0.       , 1.0876956, ..., 0.       , 0.       ,
       0.       ], dtype=float32), 'lambda': array([3787.913 , 3788.7854, 3789.658 , ..., 9217.221 , 9219.344 ,
       9221.467 ], dtype=float32), 'mask': array([ True,  True,  True, ...,  True,  True,  True])}",265.62207,23.131388,0.23484336,5.4800043e-05,False,1.9099787,7.19262,30.70826,52.814976,72.9928,0.5269064,3.2426467,2.0400248,1.4923251,0.81155884,2.0560179,7.192345,30.721844,53.18171,72.64834,2.5813403,3.205192,2.1712115,1.6547436,0.9499079,b'   1758777476605044736'
"{'flux': array([5.9672112, 5.966331 , 5.9654527, ..., 2.789023 , 2.789111 ,
       2.7891994], dtype=float32), 'ivar': array([0., 0., 0., ..., 0., 0., 0.], dtype=float32), 'lsf_sigma': array([0.       , 0.       , 1.0877823, ..., 0.       , 0.       ,
       0.       ], dtype=float32), 'lambda': array([3787.913 , 3788.7854, 3789.658 , ..., 9217.221 , 9219.344 ,
       9221.467 ], dtype=float32), 'mask': array([ True,  True,  True, ...,  True,  True,  True])}",592.7263,105.04514,0.17756778,8.665687e-06,False,2.2125542,5.5186663,9.246775,12.77294,13.145607,0.5269064,3.2426467,2.0400248,1.4923251,0.81155884,1.473381,5.5033207,9.307185,12.614883,13.103344,2.5813403,3.205192,2.1712115,1.6547436,0.9499079,b'   1758778026360858624'
"{'flux': array([7.5051537, 7.50411  , 5.773073 , ..., 2.1112316, 2.1113012,
       2.111371 ], dtype=float32), 'ivar': array([0.        , 0.00703202, 0.        , ..., 0.        , 0.        ,
       0.        ], dtype=float32), 'lsf_sigma': array([0.       , 1.0880821, 1.0878034, ..., 0.       , 0.       ,
       0.       ], dtype=float32), 'lambda': array([3787.913 , 3788.7854, 3789.658 , ..., 9217.221 , 9219.344 ,
       9221.467 ], dtype=float32), 'mask': array([ True, False,  True, ...,  True,  True,  True])}",0.0,28.571428,0.1523581,8.8555225e-06,False,3.0580354,6.2302203,10.023148,13.315213,14.194858,0.5269064,3.2426467,2.0400248,1.4923251,0.81155884,1.6707987,6.232929,10.074045,13.358467,14.572897,2.5813403,3.205192,2.1712115,1.6547436,0.9499079,b'   1758778301238765568'
"{'flux': array([6.9010496, 6.900168 , 3.691923 , ..., 5.8740196, 5.874225 ,
       5.8744307], dtype=float32), 'ivar': array([0.        , 0.00633477, 0.        , ..., 0.        , 0.        ,
       0.        ], dtype=float32), 'lsf_sigma': array([0.       , 1.0881094, 1.0878305, ..., 0.       , 0.       ,
       0.       ], dtype=float32), 'lambda': array([3787.913 , 3788.7854, 3789.658 , ..., 9217.221 , 9219.344 ,
       9221.467 ], dtype=float32), 'mask': array([ True, False,  True, ...,  True,  True,  True])}",153.59865,19.513647,0.23393928,6.3604406e-05,False,0.7735244,4.140723,16.532185,27.624989,37.121017,0.5269064,3.2426467,2.0400248,1.4923251,0.81155884,1.0822643,4.092702,16.594555,27.807213,36.89498,2.5813403,3.205192,2.1712115,1.6547436,0.9499079,b'   1758778576116672512'
"{'flux': array([0.8637942, 0.8636761, 1.3287653, ..., 2.8467104, 2.8468058,
       2.846901 ], dtype=float32), 'ivar': array([0.        , 0.00748315, 0.        , ..., 0.        , 0.        ,
       0.        ], dtype=float32), 'lsf_sigma': array([0.       , 1.0881318, 1.087853 , ..., 0.       , 0.       ,
       0.       ], dtype=float32), 'lambda': array([3787.913 , 3788.7854, 3789.658 , ..., 9217.221 , 9219.344 ,
       9221.467 ], dtype=float32), 'mask': array([ True, False,  True, ...,  True,  True,  True])}",71.258675,50.370285,0.14952065,1.6632779e-05,False,0.9843336,2.6723151,7.4710937,12.600901,16.830635,0.5269064,3.2426467,2.0400248,1.4923251,0.81155884,1.0108371,2.6224275,7.5676556,12.732193,16.76781,2.5813403,3.205192,2.1712115,1.6547436,0.9499079,b'   1758778850994579456'
"{'flux': array([-2.8479266, -2.8475678, -3.9519877, ...,  5.3679423,  5.368132 ,
        5.3683214], dtype=float32), 'ivar': array([0.       , 0.0073685, 0.       , ..., 0.       , 0.       ,
       0.       ], dtype=float32), 'lsf_sigma': array([0.       , 1.0881957, 1.0879169, ..., 0.       , 0.       ,
       0.       ], dtype=float32), 'lambda': array([3787.913 , 3788.7854, 3789.658 , ..., 9217.221 , 9219.344 ,
       9221.467 ], dtype=float32), 'mask': array([ True, False,  True, ...,  True,  True,  True])}",98.68881,14.959152,0.15175523,4.8954233e-05,False,2.495095,6.3817697,19.097923,30.738028,42.54709,0.5269064,3.2426467,2.0400248,1.4923251,0.81155884,2.0502756,6.3363414,19.118994,30.887003,42.74361,2.5813403,3.205192,2.1712115,1.6547436,0.9499079,b'   1758779400750393344'
"{'flux': array([-8.844667 , -8.843596 , -4.339993 , ...,  3.9170094,  3.917151 ,
        3.917292 ], dtype=float32), 'ivar': array([0.        , 0.00786603, 0.        , ..., 0.        , 0.        ,
       0.        ], dtype=float32), 'lsf_sigma': array([0.       , 1.0882442, 1.0879655, ..., 0.       , 0.       ,
       0.       ], dtype=float32), 'lambda': array([3787.913 , 3788.7854, 3789.658 , ..., 9217.221 , 9219.344 ,
       9221.467 ], dtype=float32), 'mask': array([ True,  True,  True, ...,  True,  True,  True])}",112.751175,28.350796,0.23182695,9.2592694e-05,False,-0.4933057,1.644961,7.053791,12.391583,17.718279,0.5269064,3.2426467,2.0400248,1.4923251,0.81155884,0.20286764,1.584198,7.073705,12.609687,17.71647,2.5813403,3.205192,2.1712115,1.6547436,0.9499079,b'   1758779675628300288'
"{'flux': array([-5.5325913, -5.5318627,  2.4284818, ...,  8.825903 ,  8.826206 ,
        8.8265085], dtype=float32), 'ivar': array([0.        , 0.00672302, 0.        , ..., 0.        , 0.        ,
       0.        ], dtype=float32), 'lsf_sigma': array([0.       , 1.0882958, 1.088017 , ..., 0.       , 0.       ,
       0.       ], dtype=float32), 'lambda': array([3787.913 , 3788.7854, 3789.658 , ..., 9217.221 , 9219.344 ,
       9221.467 ], dtype=float32), 'mask': array([ True, False,  True, ...,  True,  True,  True])}",151.9855,16.932638,0.15024237,4.5210385e-05,False,2.5090618,7.9750414,24.44751,38.653004,53.185368,0.5269064,3.2426467,2.0400248,1.4923251,0.81155884,2.9442983,7.9646864,24.39919,38.98417,53.393696,2.5813403,3.205192,2.1712115,1.6547436,0.9499079,b'   1758780225384114176'
"{'flux': array([8.424797 , 8.423607 , 7.2289543, ..., 6.4173465, 6.417556 ,
       6.417766 ], dtype=float32), 'ivar': array([0.        , 0.00669923, 0.        , ..., 0.        , 0.        ,
       0.        ], dtype=float32), 'lsf_sigma': array([0.      , 1.088451, 1.088172, ..., 0.      , 0.      , 0.      ],
      dtype=float32), 'lambda': array([3787.913 , 3788.7854, 3789.658 , ..., 9217.221 , 9219.344 ,
       9221.467 ], dtype=float32), 'mask': array([ True, False,  True, ...,  True,  True,  True])}",123.88518,18.924644,0.10604732,2.0302869e-05,False,3.9024491,10.943126,24.527481,37.07349,49.64524,0.5269064,3.2426467,2.0400248,1.4923251,0.81155884,4.3365917,10.895623,24.530014,36.99938,48.82703,2.5813403,3.205192,2.1712115,1.6547436,0.9499079,b'   1758781599773648896'
"{'flux': array([-0.37389633, -0.37381762, -1.184204  , ...,  3.3688323 ,
        3.3689034 ,  3.368974  ], dtype=float32), 'ivar': array([0.        , 0.00735475, 0.        , ..., 0.        , 0.        ,
       0.        ], dtype=float32), 'lsf_sigma': array([0.       , 1.1096556, 1.1093261, ..., 0.       , 0.       ,
       0.       ], dtype=float32), 'lambda': array([3787.913 , 3788.7854, 3789.658 , ..., 9217.221 , 9219.344 ,
       9221.467 ], dtype=float32), 'mask': array([ True, False,  True, ...,  True,  True,  True])}",84.58256,19.294271,0.06308431,1.4993133e-05,False,2.502284,7.0625043,14.471149,22.18741,27.947603,0.5269064,3.2426467,2.0400248,1.4923251,0.81155884,2.440382,7.0452867,14.506143,22.066452,28.049334,2.5813403,3.205192,2.1712115,1.6547436,0.9499079,b'   1758795893424809984'
"{'flux': array([-0.55490994, -0.5548002 , -0.5546906 , ...,  3.306878  ,
        3.3069546 ,  3.3070314 ], dtype=float32), 'ivar': array([0., 0., 0., ..., 0., 0., 0.], dtype=float32), 'lsf_sigma': array([0.      , 0.      , 1.109229, ..., 0.      , 0.      , 0.      ],
      dtype=float32), 'lambda': array([3787.913 , 3788.7854, 3789.658 , ..., 9217.221 , 9219.344 ,
       9221.467 ], dtype=float32), 'mask': array([ True,  True,  True, ...,  True,  True,  True])}",47.469227,32.963425,0.23445448,2.0539228e-05,False,1.6342843,4.0711055,10.558337,16.2967,21.874987,0.5269064,3.2426467,2.0400248,1.4923251,0.81155884,1.8037827,4.057736,10.362553,16.104107,20.489271,2.5813403,3.205192,2.1712115,1.6547436,0.9499079,b'   1758796992936437760'
"{'flux': array([-2.69159  , -2.691005 , -2.6904209, ...,  6.9813533,  6.9814925,
        6.981631 ], dtype=float32), 'ivar': array([0., 0., 0., ..., 0., 0., 0.], dtype=float32), 'lsf_sigma': array([0.       , 0.       , 1.1092173, ..., 0.       , 0.       ,
       0.       ], dtype=float32), 'lambda': array([3787.913 , 3788.7854, 3789.658 , ..., 9217.221 , 9219.344 ,
       9221.467 ], dtype=float32), 'mask': array([ True,  True,  True, ...,  True,  True,  True])}",259.7887,33.225353,0.15174489,7.1626e-05,False,2.820912,7.2651243,19.573544,29.784353,40.890667,0.5269064,3.2426467,2.0400248,1.4923251,0.81155884,2.038637,7.2505884,19.419003,29.651266,39.803688,2.5813403,3.205192,2.1712115,1.6547436,0.9499079,b'   1758797267814344704'
"{'flux': array([-0.33410892, -0.33405507, -0.33400133, ...,  0.41114488,
        0.41115698,  0.41116902], dtype=float32), 'ivar': array([0., 0., 0., ..., 0., 0., 0.], dtype=float32), 'lsf_sigma': array([0., 0., 0., ..., 0., 0., 0.], dtype=float32), 'lambda': array([3787.913 , 3788.7854, 3789.658 , ..., 9217.221 , 9219.344 ,
       9221.467 ], dtype=float32), 'mask': array([ True,  True,  True, ...,  True,  True,  True])}",0.0,0.0,0.6931955,0.0002592821,True,-0.2822837,0.42507252,0.65041375,0.90374774,-0.16677226,0.5269064,3.2426467,2.0400248,1.4923251,0.81155884,-0.18575378,0.39726606,0.6309041,0.88160515,0.21380499,2.5813403,3.205192,2.1712115,1.6547436,0.9499079,b'   1758798917081786368'
"{'flux': array([7.7726216, 7.7714734, 7.7703266, ..., 5.0454273, 5.045587 ,
       5.045747 ], dtype=float32), 'ivar': array([0., 0., 0., ..., 0., 0., 0.], dtype=float32), 'lsf_sigma': array([0., 0., 0., ..., 0., 0., 0.], dtype=float32), 'lambda': array([3787.913 , 3788.7854, 3789.658 , ..., 9217.221 , 9219.344 ,
       9221.467 ], dtype=float32), 'mask': array([ True,  True,  True, ...,  True,  True,  True])}",151.89268,27.69136,0.2337521,9.6653086e-05,False,0.33595046,2.7063253,10.755232,18.689077,24.446754,0.5269064,3.2426467,2.0400248,1.4923251,0.81155884,0.47448188,2.59964,10.972953,18.434734,24.717232,2.5813403,3.205192,2.1712115,1.6547436,0.9499079,b'   1758799191959693312'
"{'flux': array([2.656622 , 2.656114 , 2.6556072, ..., 3.263825 , 3.2639043,
       3.2639837], dtype=float32), 'ivar': array([0., 0., 0., ..., 0., 0., 0.], dtype=float32), 'lsf_sigma': array([0., 0., 0., ..., 0., 0., 0.], dtype=float32), 'lambda': array([3787.913 , 3788.7854, 3789.658 , ..., 9217.221 , 9219.344 ,
       9221.467 ], dtype=float32), 'mask': array([ True,  True,  True, ...,  True,  True,  True])}",0.0,38.81712,0.10958594,8.278537e-06,False,3.909774,8.317692,12.045478,15.733108,16.166687,0.5269064,3.2426467,2.0400248,1.4923251,0.81155884,2.524104,8.297378,12.192054,15.897331,17.267756,2.5813403,3.205192,2.1712115,1.6547436,0.9499079,b'   1758799466837600256'
"{'flux': array([0.292948  , 0.29289302, 0.29283813, ..., 1.3753523 , 1.3753864 ,
       1.3754207 ], dtype=float32), 'ivar': array([0., 0., 0., ..., 0., 0., 0.], dtype=float32), 'lsf_sigma': array([0., 0., 0., ..., 0., 0., 0.], dtype=float32), 'lambda': array([3787.913 , 3788.7854, 3789.658 , ..., 9217.221 , 9219.344 ,
       9221.467 ], dtype=float32), 'mask': array([ True,  True,  True, ...,  True,  True,  True])}",0.0,90.14979,0.023345552,7.6880815e-06,False,2.2366283,3.9222105,6.1906495,6.922134,6.4967346,0.5269064,3.2426467,2.0400248,1.4923251,0.81155884,1.7624822,3.84188,6.3057213,7.053871,7.13081,2.5813403,3.205192,2.1712115,1.6547436,0.9499079,b'   1758799741715507200'
"{'flux': array([-0.18108684, -0.18105666, -0.18102655, ...,  1.5738479 ,
        1.5738927 ,  1.5739374 ], dtype=float32), 'ivar': array([0., 0., 0., ..., 0., 0., 0.], dtype=float32), 'lsf_sigma': array([0., 0., 0., ..., 0., 0., 0.], dtype=float32), 'lambda': array([3787.913 , 3788.7854, 3789.658 , ..., 9217.221 , 9219.344 ,
       9221.467 ], dtype=float32), 'mask': array([ True,  True,  True, ...,  True,  True,  True])}",0.0,93.79366,0.106562965,1.0890043e-05,False,0.23430496,3.3403761,8.623562,14.627642,20.243013,0.5269064,3.2426467,2.0400248,1.4923251,0.81155884,0.40457222,3.3401544,8.592571,14.750392,20.614727,2.5813403,3.205192,2.1712115,1.6547436,0.9499079,b'   1758800016593414144'
"{'flux': array([5.6609826, 5.6598644, 5.6587467, ..., 0.736572 , 0.7365891,
       0.7366061], dtype=float32), 'ivar': array([0., 0., 0., ..., 0., 0., 0.], dtype=float32), 'lsf_sigma': array([0., 0., 0., ..., 0., 0., 0.], dtype=float32), 'lambda': array([3787.913 , 3788.7854, 3789.658 , ..., 9217.221 , 9219.344 ,
       9221.467 ], dtype=float32), 'mask': array([ True,  True,  True, ...,  True,  True,  True])}",274.08804,74.94741,0.063605994,6.2741933e-06,False,3.2065814,7.2664037,9.727176,11.988305,10.849867,0.5269064,3.2426467,2.0400248,1.4923251,0.81155884,1.8366194,7.2124853,9.837412,11.846652,12.609222,2.5813403,3.205192,2.1712115,1.6547436,0.9499079,b'   1758800291471321088'
"{'flux': array([3.4385178, 3.4379985, 3.4374797, ..., 7.4185367, 7.418767 ,
       7.4189973], dtype=float32), 'ivar': array([0., 0., 0., ..., 0., 0., 0.], dtype=float32), 'lsf_sigma': array([0., 0., 0., ..., 0., 0., 0.], dtype=float32), 'lambda': array([3787.913 , 3788.7854, 3789.658 , ..., 9217.221 , 9219.344 ,
       9221.467 ], dtype=float32), 'mask': array([ True,  True,  True, ...,  True,  True,  True])}",156.7446,18.545816,0.17766675,4.6649508e-05,False,2.2345235,7.4274735,24.752121,39.518524,53.52039,0.5269064,3.2426467,2.0400248,1.4923251,0.81155884,1.7933313,7.410643,24.635601,39.635937,53.685627,2.5813403,3.205192,2.1712115,1.6547436,0.9499079,b'   1758800841227134976'
"{'flux': array([3.027753 , 3.0272937, 3.026835 , ..., 4.141011 , 4.1411395,
       4.141268 ], dtype=float32), 'ivar': array([0., 0., 0., ..., 0., 0., 0.], dtype=float32), 'lsf_sigma': array([0., 0., 0., ..., 0., 0., 0.], dtype=float32), 'lambda': array([3787.913 , 3788.7854, 3789.658 , ..., 9217.221 , 9219.344 ,
       9221.467 ], dtype=float32), 'mask': array([ True,  True,  True, ...,  True,  True,  True])}",117.944145,26.25068,0.23540747,3.8343987e-05,False,0.9347661,3.5404418,11.799763,19.297104,26.436874,0.5269064,3.2426467,2.0400248,1.4923251,0.81155884,1.1472805,3.5430763,11.511619,19.364637,26.595873,2.5813403,3.205192,2.1712115,1.6547436,0.9499079,b'   1758801116105041920'
"{'flux': array([-0.81361866, -0.81347674, -0.813335  , ...,  3.4717023 ,
        3.4717965 ,  3.4718904 ], dtype=float32), 'ivar': array([0., 0., 0., ..., 0., 0., 0.], dtype=float32), 'lsf_sigma': array([0., 0., 0., ..., 0., 0., 0.], dtype=float32), 'lambda': array([3787.913 , 3788.7854, 3789.658 , ..., 9217.221 , 9219.344 ,
       9221.467 ], dtype=float32), 'mask': array([ True,  True,  True, ...,  True,  True,  True])}",93.66977,46.044357,0.14558856,7.4962704e-06,False,4.1430173,7.9695735,14.177748,19.058832,20.728813,0.5269064,3.2426467,2.0400248,1.4923251,0.81155884,2.6556137,8.005769,14.112942,19.169308,21.657558,2.5813403,3.205192,2.1712115,1.6547436,0.9499079,b'   1758801390982948864'
"{'flux': array([0.32345414, 0.32339603, 0.323338  , ..., 2.5970635 , 2.5971317 ,
       2.5972    ], dtype=float32), 'ivar': array([0., 0., 0., ..., 0., 0., 0.], dtype=float32), 'lsf_sigma': array([0., 0., 0., ..., 0., 0., 0.], dtype=float32), 'lambda': array([3787.913 , 3788.7854, 3789.658 , ..., 9217.221 , 9219.344 ,
       9221.467 ], dtype=float32), 'mask': array([ True,  True,  True, ...,  True,  True,  True])}",65.31404,42.504513,0.10680177,4.177056e-05,False,0.5455051,3.2845614,8.05054,11.694504,12.768861,0.5269064,3.2426467,2.0400248,1.4923251,0.81155884,0.6180442,3.2569072,8.053087,11.812182,14.440464,2.5813403,3.205192,2.1712115,1.6547436,0.9499079,b'   1758801940738762752'
"{'flux': array([-1.3617189, -1.3614839, -1.3612492, ...,  2.7270863,  2.7271612,
        2.727236 ], dtype=float32), 'ivar': array([0., 0., 0., ..., 0., 0., 0.], dtype=float32), 'lsf_sigma': array([0., 0., 0., ..., 0., 0., 0.], dtype=float32), 'lambda': array([3787.913 , 3788.7854, 3789.658 , ..., 9217.221 , 9219.344 ,
       9221.467 ], dtype=float32), 'mask': array([ True,  True,  True, ...,  True,  True,  True])}",41.615334,41.85958,0.07990147,8.8269335e-06,False,2.4575067,8.485225,15.357823,21.044651,25.01298,0.5269064,3.2426467,2.0400248,1.4923251,0.81155884,3.070407,8.533818,14.894456,20.96795,24.249212,2.5813403,3.205192,2.1712115,1.6547436,0.9499079,b'   1758802215616669696'
"{'flux': array([1.7487655, 1.748511 , 1.7482573, ..., 4.4739547, 4.4740977,
       4.4742413], dtype=float32), 'ivar': array([0., 0., 0., ..., 0., 0., 0.], dtype=float32), 'lsf_sigma': array([0., 0., 0., ..., 0., 0., 0.], dtype=float32), 'lambda': array([3787.913 , 3788.7854, 3789.658 , ..., 9217.221 , 9219.344 ,
       9221.467 ], dtype=float32), 'mask': array([ True,  True,  True, ...,  True,  True,  True])}",47.44034,44.393093,0.13676372,1.3049837e-05,False,1.3556689,4.2400427,7.344577,10.018804,12.331475,0.5269064,3.2426467,2.0400248,1.4923251,0.81155884,0.7889162,4.204903,7.342806,10.072757,12.223877,2.5813403,3.205192,2.1712115,1.6547436,0.9499079,b'   1758802490494576640'
"{'flux': array([ 5.6952944,  5.694388 ,  5.6934824, ..., 10.177714 , 10.178017 ,
       10.178319 ], dtype=float32), 'ivar': array([0., 0., 0., ..., 0., 0., 0.], dtype=float32), 'lsf_sigma': array([0., 0., 0., ..., 0., 0., 0.], dtype=float32), 'lambda': array([3787.913 , 3788.7854, 3789.658 , ..., 9217.221 , 9219.344 ,
       9221.467 ], dtype=float32), 'mask': array([ True,  True,  True, ...,  True,  True,  True])}",130.46655,11.9603815,0.15135357,3.389568e-05,False,2.7908754,10.216334,31.678595,50.39786,69.269646,0.5269064,3.2426467,2.0400248,1.4923251,0.81155884,2.9481575,10.192324,31.737553,50.44029,69.272896,2.5813403,3.205192,2.1712115,1.6547436,0.9499079,b'   1758802765372483584'
"{'flux': array([-0.8751495 , -0.87501806, -0.8748868 , ...,  3.8764076 ,
        3.8765285 ,  3.8766496 ], dtype=float32), 'ivar': array([0., 0., 0., ..., 0., 0., 0.], dtype=float32), 'lsf_sigma': array([0., 0., 0., ..., 0., 0., 0.], dtype=float32), 'lambda': array([3787.913 , 3788.7854, 3789.658 , ..., 9217.221 , 9219.344 ,
       9221.467 ], dtype=float32), 'mask': array([ True,  True,  True, ...,  True,  True,  True])}",0.0,45.770367,0.2519718,1.1504572e-05,False,1.839138,3.8687937,8.587559,11.558894,15.502304,0.5269064,3.2426467,2.0400248,1.4923251,0.81155884,1.810711,3.847903,8.255432,11.732418,14.896236,2.5813403,3.205192,2.1712115,1.6547436,0.9499079,b'   1758803040250390528'
"{'flux': array([2.4236512, 2.4231877, 2.4227252, ..., 1.7801646, 1.7802078,
       1.780251 ], dtype=float32), 'ivar': array([0., 0., 0., ..., 0., 0., 0.], dtype=float32), 'lsf_sigma': array([0., 0., 0., ..., 0., 0., 0.], dtype=float32), 'lambda': array([3787.913 , 3788.7854, 3789.658 , ..., 9217.221 , 9219.344 ,
       9221.467 ], dtype=float32), 'mask': array([ True,  True,  True, ...,  True,  True,  True])}",241.63432,63.048832,0.15229991,6.0400103e-05,False,0.37724257,1.3817891,4.440289,7.8372765,11.005152,0.5269064,3.2426467,2.0400248,1.4923251,0.81155884,0.32100317,1.3692089,4.467056,7.7080874,10.964791,2.5813403,3.205192,2.1712115,1.6547436,0.9499079,b'   1758803590006204416'
"{'flux': array([-0.74584824, -0.74570835, -0.7455687 , ...,  4.15532   ,
        4.1554236 ,  4.155527  ], dtype=float32), 'ivar': array([0., 0., 0., ..., 0., 0., 0.], dtype=float32), 'lsf_sigma': array([0., 0., 0., ..., 0., 0., 0.], dtype=float32), 'lambda': array([3787.913 , 3788.7854, 3789.658 , ..., 9217.221 , 9219.344 ,
       9221.467 ], dtype=float32), 'mask': array([ True,  True,  True, ...,  True,  True,  True])}",82.886505,35.446323,0.1366379,1.4821904e-05,False,3.102732,5.6569576,11.561464,17.798115,22.95808,0.5269064,3.2426467,2.0400248,1.4923251,0.81155884,2.557276,5.6474695,11.503778,17.48415,22.847002,2.5813403,3.205192,2.1712115,1.6547436,0.9499079,b'   1758803864884111360'
"{'flux': array([5.0477386, 5.0469723, 5.046207 , ..., 6.2941303, 6.2943244,
       6.2945194], dtype=float32), 'ivar': array([0., 0., 0., ..., 0., 0., 0.], dtype=float32), 'lsf_sigma': array([0., 0., 0., ..., 0., 0., 0.], dtype=float32), 'lambda': array([3787.913 , 3788.7854, 3789.658 , ..., 9217.221 , 9219.344 ,
       9221.467 ], dtype=float32), 'mask': array([ True,  True,  True, ...,  True,  True,  True])}",155.37764,21.101093,0.15881582,3.478412e-05,False,4.906615,7.8229012,18.917343,29.275723,37.606205,0.5269064,3.2426467,2.0400248,1.4923251,0.81155884,4.1476407,7.7808876,18.998571,29.282547,38.024967,2.5813403,3.205192,2.1712115,1.6547436,0.9499079,b'   1758804139762018304'
"{'flux': array([2.9256709, 2.9249651, 2.9242609, ..., 9.674687 , 9.674841 ,
       9.674994 ], dtype=float32), 'ivar': array([0., 0., 0., ..., 0., 0., 0.], dtype=float32), 'lsf_sigma': array([0., 0., 0., ..., 0., 0., 0.], dtype=float32), 'lambda': array([3787.913 , 3788.7854, 3789.658 , ..., 9217.221 , 9219.344 ,
       9221.467 ], dtype=float32), 'mask': array([ True,  True,  True, ...,  True,  True,  True])}",252.62187,16.82208,0.28501377,5.3609343e-05,False,1.9985342,6.1430044,26.5161,48.972496,70.66632,0.5269064,3.2426467,2.0400248,1.4923251,0.81155884,2.2008042,6.0943394,26.457993,48.48844,70.25661,2.5813403,3.205192,2.1712115,1.6547436,0.9499079,b'   1758806063907366912'
"{'flux': array([6.1306734, 6.129274 , 6.1278768, ..., 6.1410375, 6.141148 ,
       6.141259 ], dtype=float32), 'ivar': array([0., 0., 0., ..., 0., 0., 0.], dtype=float32), 'lsf_sigma': array([0., 0., 0., ..., 0., 0., 0.], dtype=float32), 'lambda': array([3787.913 , 3788.7854, 3789.658 , ..., 9217.221 , 9219.344 ,
       9221.467 ], dtype=float32), 'mask': array([ True,  True,  True, ...,  True,  True,  True])}",109.687645,17.098858,0.1355426,4.551488e-05,False,3.9209363,9.158515,23.296808,34.637577,47.055943,0.5269064,3.2426467,2.0400248,1.4923251,0.81155884,2.5948334,9.18244,23.154613,34.683037,46.922806,2.5813403,3.205192,2.1712115,1.6547436,0.9499079,b'   1758806613663180800'
"{'flux': array([5.633485 , 5.6322455, 5.631009 , ..., 5.057972 , 5.05807  ,
       5.0581684], dtype=float32), 'ivar': array([0., 0., 0., ..., 0., 0., 0.], dtype=float32), 'lsf_sigma': array([0., 0., 0., ..., 0., 0., 0.], dtype=float32), 'lambda': array([3787.913 , 3788.7854, 3789.658 , ..., 9217.221 , 9219.344 ,
       9221.467 ], dtype=float32), 'mask': array([ True,  True,  True, ...,  True,  True,  True])}",133.17552,13.651922,0.14264537,3.3570734e-05,False,4.3230214,9.434757,22.182129,33.000652,43.83709,0.5269064,3.2426467,2.0400248,1.4923251,0.81155884,3.9667876,9.421554,22.00617,32.64552,43.444798,2.5813403,3.205192,2.1712115,1.6547436,0.9499079,b'   1758807163418994688'
"{'flux': array([0.5966221 , 0.59648305, 0.5963442 , ..., 0.3507696 , 0.35077566,
       0.35078168], dtype=float32), 'ivar': array([0., 0., 0., ..., 0., 0., 0.], dtype=float32), 'lsf_sigma': array([0., 0., 0., ..., 0., 0., 0.], dtype=float32), 'lambda': array([3787.913 , 3788.7854, 3789.658 , ..., 9217.221 , 9219.344 ,
       9221.467 ], dtype=float32), 'mask': array([ True,  True,  True, ...,  True,  True,  True])}",0.0,0.0,0.5439314,0.00013687841,True,0.16499627,0.2499799,1.1408861,3.0046568,4.4806356,0.5269064,3.2426467,2.0400248,1.4923251,0.81155884,0.33361015,0.18476775,1.247262,2.8570983,4.435805,2.5813403,3.205192,2.1712115,1.6547436,0.9499079,b'   1758807438296901632'
"{'flux': array([11.953031 , 11.950144 , 11.947263 , ...,  3.1824992,  3.1825495,
        3.1825998], dtype=float32), 'ivar': array([0., 0., 0., ..., 0., 0., 0.], dtype=float32), 'lsf_sigma': array([0., 0., 0., ..., 0., 0., 0.], dtype=float32), 'lambda': array([3787.913 , 3788.7854, 3789.658 , ..., 9217.221 , 9219.344 ,
       9221.467 ], dtype=float32), 'mask': array([ True,  True,  True, ...,  True,  True,  True])}",149.04861,27.039143,0.13540214,1.2734019e-05,False,4.4376493,6.7430286,15.694865,26.013935,34.271645,0.5269064,3.2426467,2.0400248,1.4923251,0.81155884,3.9737854,6.6507206,15.62561,25.521915,34.155766,2.5813403,3.205192,2.1712115,1.6547436,0.9499079,b'   1758807713174808576'
"{'flux': array([2.1930478, 2.192545 , 2.1920428, ..., 2.7988877, 2.7989378,
       2.7989879], dtype=float32), 'ivar': array([0., 0., 0., ..., 0., 0., 0.], dtype=float32), 'lsf_sigma': array([0., 0., 0., ..., 0., 0., 0.], dtype=float32), 'lambda': array([3787.913 , 3788.7854, 3789.658 , ..., 9217.221 , 9219.344 ,
       9221.467 ], dtype=float32), 'mask': array([ True,  True,  True, ...,  True,  True,  True])}",128.48622,23.301245,0.26824054,5.1705018e-05,False,1.3360689,3.4233057,11.053123,18.359966,24.695375,0.5269064,3.2426467,2.0400248,1.4923251,0.81155884,1.4286984,3.3756866,10.963428,17.940437,24.237396,2.5813403,3.205192,2.1712115,1.6547436,0.9499079,b'   1758807988052715520'
"{'flux': array([6.669894 , 6.6684318, 6.6669717, ..., 1.7511274, 1.7511616,
       1.7511959], dtype=float32), 'ivar': array([0., 0., 0., ..., 0., 0., 0.], dtype=float32), 'lsf_sigma': array([0., 0., 0., ..., 0., 0., 0.], dtype=float32), 'lambda': array([3787.913 , 3788.7854, 3789.658 , ..., 9217.221 , 9219.344 ,
       9221.467 ], dtype=float32), 'mask': array([ True,  True,  True, ...,  True,  True,  True])}",54.95039,29.72407,0.13613237,7.494841e-06,False,5.183057,8.918788,13.852309,17.360512,18.82153,0.5269064,3.2426467,2.0400248,1.4923251,0.81155884,3.0593216,8.95117,13.631691,16.989275,18.862253,2.5813403,3.205192,2.1712115,1.6547436,0.9499079,b'   1758808537808529408'
"{'flux': array([10.680677 , 10.677831 , 10.67499  , ...,  2.0857565,  2.0857806,
        2.085805 ], dtype=float32), 'ivar': array([0., 0., 0., ..., 0., 0., 0.], dtype=float32), 'lsf_sigma': array([0., 0., 0., ..., 0., 0., 0.], dtype=float32), 'lambda': array([3787.913 , 3788.7854, 3789.658 , ..., 9217.221 , 9219.344 ,
       9221.467 ], dtype=float32), 'mask': array([ True,  True,  True, ...,  True,  True,  True])}",58.608635,32.213314,0.0314533,3.824971e-06,False,11.11069,13.521067,13.642745,16.082703,17.14607,0.5269064,3.2426467,2.0400248,1.4923251,0.81155884,5.312479,10.511981,13.256984,15.389938,19.648874,2.5813403,3.205192,2.1712115,1.6547436,0.9499079,b'   1758808812686436352'
"{'flux': array([1.8296703, 1.8292683, 1.8288673, ..., 2.44832  , 2.4483676,
       2.4484153], dtype=float32), 'ivar': array([0., 0., 0., ..., 0., 0., 0.], dtype=float32), 'lsf_sigma': array([0., 0., 0., ..., 0., 0., 0.], dtype=float32), 'lambda': array([3787.913 , 3788.7854, 3789.658 , ..., 9217.221 , 9219.344 ,
       9221.467 ], dtype=float32), 'mask': array([ True,  True,  True, ...,  True,  True,  True])}",236.26176,45.77973,0.47600788,0.00014210433,False,0.21079887,0.73812234,5.220875,12.90866,20.547998,0.5269064,3.2426467,2.0400248,1.4923251,0.81155884,0.093324535,0.71415293,5.149675,12.629443,20.062263,2.5813403,3.205192,2.1712115,1.6547436,0.9499079,b'   1758809087564343296'
"{'flux': array([0.14551617, 0.14548141, 0.14544669, ..., 4.8312535 , 4.831332  ,
       4.8314104 ], dtype=float32), 'ivar': array([0., 0., 0., ..., 0., 0., 0.], dtype=float32), 'lsf_sigma': array([0., 0., 0., ..., 0., 0., 0.], dtype=float32), 'lambda': array([3787.913 , 3788.7854, 3789.658 , ..., 9217.221 , 9219.344 ,
       9221.467 ], dtype=float32), 'mask': array([ True,  True,  True, ...,  True,  True,  True])}",83.44573,14.107461,0.2157084,5.079556e-05,False,1.9287977,4.174246,14.15958,24.386124,33.44171,0.5269064,3.2426467,2.0400248,1.4923251,0.81155884,1.9551516,4.14007,13.99906,23.973234,33.533356,2.5813403,3.205192,2.1712115,1.6547436,0.9499079,b'   1758809362442250240'
"{'flux': array([5.662185 , 5.661152 , 5.6601195, ..., 3.0309021, 3.03098  ,
       3.0310583], dtype=float32), 'ivar': array([0., 0., 0., ..., 0., 0., 0.], dtype=float32), 'lsf_sigma': array([0., 0., 0., ..., 0., 0., 0.], dtype=float32), 'lambda': array([3787.913 , 3788.7854, 3789.658 , ..., 9217.221 , 9219.344 ,
       9221.467 ], dtype=float32), 'mask': array([ True,  True,  True, ...,  True,  True,  True])}",110.44387,23.220129,0.15577039,0.00010671139,False,1.751209,2.9697175,9.392667,14.971171,19.181305,0.5269064,3.2426467,2.0400248,1.4923251,0.81155884,0.97872525,2.9592893,9.31624,14.9383335,19.77692,2.5813403,3.205192,2.1712115,1.6547436,0.9499079,b'   1758809912198064128'
"{'flux': array([3.4573557, 3.4566903, 3.456026 , ..., 2.5879629, 2.588025 ,
       2.5880876], dtype=float32), 'ivar': array([0., 0., 0., ..., 0., 0., 0.], dtype=float32), 'lsf_sigma': array([0., 0., 0., ..., 0., 0., 0.], dtype=float32), 'lambda': array([3787.913 , 3788.7854, 3789.658 , ..., 9217.221 , 9219.344 ,
       9221.467 ], dtype=float32), 'mask': array([ True,  True,  True, ...,  True,  True,  True])}",0.0,93.95524,0.22057536,0.00010552767,False,0.8631871,1.5762742,6.6497474,11.323654,14.32058,0.5269064,3.2426467,2.0400248,1.4923251,0.81155884,0.23188916,1.5133996,6.903628,11.407216,14.788613,2.5813403,3.205192,2.1712115,1.6547436,0.9499079,b'   1758810187075971072'
"{'flux': array([-0.68477523, -0.6846472 , -0.6845194 , ...,  2.5795596 ,
        2.579624  ,  2.5796885 ], dtype=float32), 'ivar': array([0., 0., 0., ..., 0., 0., 0.], dtype=float32), 'lsf_sigma': array([0., 0., 0., ..., 0., 0., 0.], dtype=float32), 'lambda': array([3787.913 , 3788.7854, 3789.658 , ..., 9217.221 , 9219.344 ,
       9221.467 ], dtype=float32), 'mask': array([ True,  True,  True, ...,  True,  True,  True])}",234.49693,47.37752,0.1886894,4.225961e-05,False,0.8699362,2.000347,6.904965,12.510298,17.390463,0.5269064,3.2426467,2.0400248,1.4923251,0.81155884,0.8982314,1.9421091,7.0338125,12.758568,18.322683,2.5813403,3.205192,2.1712115,1.6547436,0.9499079,b'   1758810461953878016'
"{'flux': array([10.513266 , 10.51114  , 10.509017 , ...,  2.056459 ,  2.0565052,
        2.0565515], dtype=float32), 'ivar': array([0., 0., 0., ..., 0., 0., 0.], dtype=float32), 'lsf_sigma': array([0., 0., 0., ..., 0., 0., 0.], dtype=float32), 'lambda': array([3787.913 , 3788.7854, 3789.658 , ..., 9217.221 , 9219.344 ,
       9221.467 ], dtype=float32), 'mask': array([ True,  True,  True, ...,  True,  True,  True])}",38.983727,28.580544,0.2978915,1.0617594e-05,False,3.936298,5.1734324,12.973925,19.475216,28.536692,0.5269064,3.2426467,2.0400248,1.4923251,0.81155884,2.6326232,5.1140413,12.8336935,19.33832,28.188158,2.5813403,3.205192,2.1712115,1.6547436,0.9499079,b'   1758810736831784960'
"{'flux': array([1.0178485 , 1.0176538 , 1.0174594 , ..., 0.39504534, 0.39505494,
       0.3950645 ], dtype=float32), 'ivar': array([0., 0., 0., ..., 0., 0., 0.], dtype=float32), 'lsf_sigma': array([0., 0., 0., ..., 0., 0., 0.], dtype=float32), 'lambda': array([3787.913 , 3788.7854, 3789.658 , ..., 9217.221 , 9219.344 ,
       9221.467 ], dtype=float32), 'mask': array([ True,  True,  True, ...,  True,  True,  True])}",479.24286,108.17974,0.5332015,0.00022612262,False,0.22263536,0.19896379,1.7813432,5.1385655,6.947359,0.5269064,3.2426467,2.0400248,1.4923251,0.81155884,-0.1938377,0.17271245,1.8400401,5.0883718,7.2830153,2.5813403,3.205192,2.1712115,1.6547436,0.9499079,b'   1758811011709691904'
"{'flux': array([5.825409 , 5.8243217, 5.8232365, ..., 4.789281 , 4.789401 ,
       4.789521 ], dtype=float32), 'ivar': array([0., 0., 0., ..., 0., 0., 0.], dtype=float32), 'lsf_sigma': array([0., 0., 0., ..., 0., 0., 0.], dtype=float32), 'lambda': array([3787.913 , 3788.7854, 3789.658 , ..., 9217.221 , 9219.344 ,
       9221.467 ], dtype=float32), 'mask': array([ True,  True,  True, ...,  True,  True,  True])}",142.80249,30.227713,0.22886749,6.8607194e-05,False,2.9274068,5.819361,17.314241,27.196106,33.695984,0.5269064,3.2426467,2.0400248,1.4923251,0.81155884,1.4254534,5.743105,17.500788,26.742996,33.640236,2.5813403,3.205192,2.1712115,1.6547436,0.9499079,b'   1758811286587598848'
"{'flux': array([8.226699 , 8.2251425, 8.22359  , ..., 6.7503123, 6.7504783,
       6.7506447], dtype=float32), 'ivar': array([0., 0., 0., ..., 0., 0., 0.], dtype=float32), 'lsf_sigma': array([0., 0., 0., ..., 0., 0., 0.], dtype=float32), 'lambda': array([3787.913 , 3788.7854, 3789.658 , ..., 9217.221 , 9219.344 ,
       9221.467 ], dtype=float32), 'mask': array([ True,  True,  True, ...,  True,  True,  True])}",198.66875,26.611284,0.2579597,3.4101315e-05,False,5.689715,10.37956,27.731064,41.230274,52.815228,0.5269064,3.2426467,2.0400248,1.4923251,0.81155884,2.783359,10.201637,27.928816,40.8919,51.91258,2.5813403,3.205192,2.1712115,1.6547436,0.9499079,b'   1758811561465505792'
"{'flux': array([ 3.0046706,  3.0040693,  3.0034692, ..., 22.33382  , 22.33433  ,
       22.334839 ], dtype=float32), 'ivar': array([0., 0., 0., ..., 0., 0., 0.], dtype=float32), 'lsf_sigma': array([0., 0., 0., ..., 0., 0., 0.], dtype=float32), 'lambda': array([3787.913 , 3788.7854, 3789.658 , ..., 9217.221 , 9219.344 ,
       9221.467 ], dtype=float32), 'mask': array([ True,  True,  True, ...,  True,  True,  True])}",0.0,0.0,0.0001635052,1.355162e-05,False,1.3194734,7.480353,35.37501,90.61474,147.73006,0.5269064,3.2426467,2.0400248,1.4923251,0.81155884,0.83397835,7.542904,34.812603,90.49665,146.01913,2.5813403,3.205192,2.1712115,1.6547436,0.9499079,b'   1758811836343412736'
"{'flux': array([1.4491091, 1.448854 , 1.4485992, ..., 5.7619886, 5.7621436,
       5.762298 ], dtype=float32), 'ivar': array([0., 0., 0., ..., 0., 0., 0.], dtype=float32), 'lsf_sigma': array([0., 0., 0., ..., 0., 0., 0.], dtype=float32), 'lambda': array([3787.913 , 3788.7854, 3789.658 , ..., 9217.221 , 9219.344 ,
       9221.467 ], dtype=float32), 'mask': array([ True,  True,  True, ...,  True,  True,  True])}",231.24353,36.382435,0.18785635,8.213502e-05,False,1.5352064,3.877076,14.978768,26.221819,35.49559,0.5269064,3.2426467,2.0400248,1.4923251,0.81155884,1.3787308,3.8487725,15.0041065,25.801748,36.287567,2.5813403,3.205192,2.1712115,1.6547436,0.9499079,b'   1758812111221319680'
"{'flux': array([0.367335  , 0.36726987, 0.36720482, ..., 2.3855832 , 2.3856466 ,
       2.3857102 ], dtype=float32), 'ivar': array([0., 0., 0., ..., 0., 0., 0.], dtype=float32), 'lsf_sigma': array([0., 0., 0., ..., 0., 0., 0.], dtype=float32), 'lambda': array([3787.913 , 3788.7854, 3789.658 , ..., 9217.221 , 9219.344 ,
       9221.467 ], dtype=float32), 'mask': array([ True,  True,  True, ...,  True,  True,  True])}",803.85516,218.7475,0.23005928,3.6736415e-05,False,0.5094433,1.889394,5.720766,9.924186,11.9673395,0.5269064,3.2426467,2.0400248,1.4923251,0.81155884,0.6973206,1.8340951,5.839602,9.552921,12.036407,2.5813403,3.205192,2.1712115,1.6547436,0.9499079,b'   1758812386099226624'
"{'flux': array([6.5088573, 6.507626 , 6.5063972, ..., 1.8694158, 1.8694619,
       1.8695079], dtype=float32), 'ivar': array([0., 0., 0., ..., 0., 0., 0.], dtype=float32), 'lsf_sigma': array([0., 0., 0., ..., 0., 0., 0.], dtype=float32), 'lambda': array([3787.913 , 3788.7854, 3789.658 , ..., 9217.221 , 9219.344 ,
       9221.467 ], dtype=float32), 'mask': array([ True,  True,  True, ...,  True,  True,  True])}",0.0,156.14401,0.14393695,1.62724e-05,False,2.8394022,4.650264,8.816536,12.670217,14.952908,0.5269064,3.2426467,2.0400248,1.4923251,0.81155884,1.2728107,4.6335316,8.878426,12.3594055,14.819635,2.5813403,3.205192,2.1712115,1.6547436,0.9499079,b'   1758812660977133568'
"{'flux': array([0.9957215 , 0.9955241 , 0.99532694, ..., 2.4458032 , 2.4458597 ,
       2.4459164 ], dtype=float32), 'ivar': array([0., 0., 0., ..., 0., 0., 0.], dtype=float32), 'lsf_sigma': array([0., 0., 0., ..., 0., 0., 0.], dtype=float32), 'lambda': array([3787.913 , 3788.7854, 3789.658 , ..., 9217.221 , 9219.344 ,
       9221.467 ], dtype=float32), 'mask': array([ True,  True,  True, ...,  True,  True,  True])}",176.47867,33.214615,0.22378899,3.1730975e-05,False,1.5347985,5.160341,11.596496,17.361816,20.119825,0.5269064,3.2426467,2.0400248,1.4923251,0.81155884,2.0680053,5.1016517,11.60938,17.049568,20.08184,2.5813403,3.205192,2.1712115,1.6547436,0.9499079,b'   1758812935855040512'
"{'flux': array([ 2.7904606,  2.7899415,  2.7894235, ..., 14.792083 , 14.792455 ,
       14.792829 ], dtype=float32), 'ivar': array([0., 0., 0., ..., 0., 0., 0.], dtype=float32), 'lsf_sigma': array([0., 0., 0., ..., 0., 0., 0.], dtype=float32), 'lambda': array([3787.913 , 3788.7854, 3789.658 , ..., 9217.221 , 9219.344 ,
       9221.467 ], dtype=float32), 'mask': array([ True,  True,  True, ...,  True,  True,  True])}",195.48244,11.3653965,0.14397903,3.214192e-05,False,4.0291123,13.554537,42.033283,67.47882,93.38742,0.5269064,3.2426467,2.0400248,1.4923251,0.81155884,4.1097264,13.524261,42.148476,67.25814,92.72646,2.5813403,3.205192,2.1712115,1.6547436,0.9499079,b'   1758813485610854400'
"{'flux': array([ 1.1364143,  1.1361934,  1.1359727, ..., 10.661498 , 10.661752 ,
       10.662004 ], dtype=float32), 'ivar': array([0., 0., 0., ..., 0., 0., 0.], dtype=float32), 'lsf_sigma': array([0., 0., 0., ..., 0., 0., 0.], dtype=float32), 'lambda': array([3787.913 , 3788.7854, 3789.658 , ..., 9217.221 , 9219.344 ,
       9221.467 ], dtype=float32), 'mask': array([ True,  True,  True, ...,  True,  True,  True])}",191.01146,18.770992,0.15242398,3.9082428e-05,False,3.0373409,9.61163,30.51389,52.446434,74.622086,0.5269064,3.2426467,2.0400248,1.4923251,0.81155884,3.6416106,9.553429,30.533352,52.098656,75.16087,2.5813403,3.205192,2.1712115,1.6547436,0.9499079,b'   1758813760488761344'
"{'flux': array([1.0021822, 1.0019737, 1.0017656, ..., 3.4631896, 3.4632638,
       3.4633381], dtype=float32), 'ivar': array([0., 0., 0., ..., 0., 0., 0.], dtype=float32), 'lsf_sigma': array([0., 0., 0., ..., 0., 0., 0.], dtype=float32), 'lambda': array([3787.913 , 3788.7854, 3789.658 , ..., 9217.221 , 9219.344 ,
       9221.467 ], dtype=float32), 'mask': array([ True,  True,  True, ...,  True,  True,  True])}",146.64597,28.196295,0.19853838,6.7284825e-05,False,0.97932863,3.1886137,10.202593,16.944319,23.662117,0.5269064,3.2426467,2.0400248,1.4923251,0.81155884,0.87874436,3.120322,10.290369,17.129993,23.579857,2.5813403,3.205192,2.1712115,1.6547436,0.9499079,b'   1758814310244575232'
"{'flux': array([1.416222  , 1.4159435 , 1.4156657 , ..., 0.7097009 , 0.70971745,
       0.709734  ], dtype=float32), 'ivar': array([0., 0., 0., ..., 0., 0., 0.], dtype=float32), 'lsf_sigma': array([0., 0., 0., ..., 0., 0., 0.], dtype=float32), 'lambda': array([3787.913 , 3788.7854, 3789.658 , ..., 9217.221 , 9219.344 ,
       9221.467 ], dtype=float32), 'mask': array([ True,  True,  True, ...,  True,  True,  True])}",76.90468,42.594788,0.2368086,2.3145316e-05,False,0.9455621,2.6060364,7.023124,10.804415,13.056656,0.5269064,3.2426467,2.0400248,1.4923251,0.81155884,0.8460289,2.5707238,7.043721,10.666725,13.214034,2.5813403,3.205192,2.1712115,1.6547436,0.9499079,b'   1758814585122482176'
"{'flux': array([10.823453 , 10.821492 , 10.819537 , ...,  4.963032 ,  4.963161 ,
        4.9632897], dtype=float32), 'ivar': array([0., 0., 0., ..., 0., 0., 0.], dtype=float32), 'lsf_sigma': array([0., 0., 0., ..., 0., 0., 0.], dtype=float32), 'lambda': array([3787.913 , 3788.7854, 3789.658 , ..., 9217.221 , 9219.344 ,
       9221.467 ], dtype=float32), 'mask': array([ True,  True,  True, ...,  True,  True,  True])}",130.0378,30.723814,0.19865714,1.3323621e-05,False,5.418028,7.3174267,15.512492,23.06533,27.830564,0.5269064,3.2426467,2.0400248,1.4923251,0.81155884,3.6508493,7.279841,15.463955,22.966932,28.075886,2.5813403,3.205192,2.1712115,1.6547436,0.9499079,b'   1758814860000389120'
"{'flux': array([1.4736824, 1.4732969, 1.472912 , ..., 6.9401155, 6.9402018,
       6.9402876], dtype=float32), 'ivar': array([0., 0., 0., ..., 0., 0., 0.], dtype=float32), 'lsf_sigma': array([0., 0., 0., ..., 0., 0., 0.], dtype=float32), 'lambda': array([3787.913 , 3788.7854, 3789.658 , ..., 9217.221 , 9219.344 ,
       9221.467 ], dtype=float32), 'mask': array([ True,  True,  True, ...,  True,  True,  True])}",130.83385,16.243864,0.13572171,4.69549e-05,False,2.6066628,7.6178126,21.09394,32.529514,44.79767,0.5269064,3.2426467,2.0400248,1.4923251,0.81155884,2.3028266,7.608758,20.8651,32.026226,43.71503,2.5813403,3.205192,2.1712115,1.6547436,0.9499079,b'   1758815409756203008'
"{'flux': array([38.535515, 38.525574, 38.515648, ..., 21.90739 , 21.907675,
       21.90796 ], dtype=float32), 'ivar': array([0., 0., 0., ..., 0., 0., 0.], dtype=float32), 'lsf_sigma': array([0., 0., 0., ..., 0., 0., 0.], dtype=float32), 'lambda': array([3787.913 , 3788.7854, 3789.658 , ..., 9217.221 , 9219.344 ,
       9221.467 ], dtype=float32), 'mask': array([ True,  True,  True, ...,  True,  True,  True])}",0.0,0.0,0.0001642758,9.8764085e-06,False,49.27092,91.2326,137.18991,159.39551,168.15288,0.5269064,3.2426467,2.0400248,1.4923251,0.81155884,38.36941,91.19282,137.11725,158.7558,165.4477,2.5813403,3.205192,2.1712115,1.6547436,0.9499079,b'   1758815684634109952'
"{'flux': array([5.2859035, 5.284606 , 5.283311 , ..., 9.466234 , 9.466376 ,
       9.46652  ], dtype=float32), 'ivar': array([0., 0., 0., ..., 0., 0., 0.], dtype=float32), 'lsf_sigma': array([0., 0., 0., ..., 0., 0., 0.], dtype=float32), 'lambda': array([3787.913 , 3788.7854, 3789.658 , ..., 9217.221 , 9219.344 ,
       9221.467 ], dtype=float32), 'mask': array([ True,  True,  True, ...,  True,  True,  True])}",170.0666,15.218438,0.1561573,4.638983e-05,False,3.6343732,8.877522,25.57607,40.20233,55.359715,0.5269064,3.2426467,2.0400248,1.4923251,0.81155884,2.7654788,8.853997,25.468008,39.903816,54.65891,2.5813403,3.205192,2.1712115,1.6547436,0.9499079,b'   1758816234389923840'
"{'flux': array([8.733221 , 8.731052 , 8.728886 , ..., 3.5684245, 3.5684767,
       3.568529 ], dtype=float32), 'ivar': array([0., 0., 0., ..., 0., 0., 0.], dtype=float32), 'lsf_sigma': array([0., 0., 0., ..., 0., 0., 0.], dtype=float32), 'lambda': array([3787.913 , 3788.7854, 3789.658 , ..., 9217.221 , 9219.344 ,
       9221.467 ], dtype=float32), 'mask': array([ True,  True,  True, ...,  True,  True,  True])}",226.52325,32.464314,0.2856147,9.725599e-05,False,2.1932628,2.4510977,10.51592,19.063496,27.107761,0.5269064,3.2426467,2.0400248,1.4923251,0.81155884,0.97142875,2.411898,10.426256,18.824001,26.889645,2.5813403,3.205192,2.1712115,1.6547436,0.9499079,b'   1758816509267830784'
"{'flux': array([7.8618245, 7.8599014, 7.8579817, ..., 2.8735237, 2.8735678,
       2.8736117], dtype=float32), 'ivar': array([0., 0., 0., ..., 0., 0., 0.], dtype=float32), 'lsf_sigma': array([0., 0., 0., ..., 0., 0., 0.], dtype=float32), 'lambda': array([3787.913 , 3788.7854, 3789.658 , ..., 9217.221 , 9219.344 ,
       9221.467 ], dtype=float32), 'mask': array([ True,  True,  True, ...,  True,  True,  True])}",151.54329,50.184116,0.26001558,1.026995e-05,False,3.7108152,5.0355253,12.035574,17.993063,24.69325,0.5269064,3.2426467,2.0400248,1.4923251,0.81155884,2.3037724,5.005105,11.799498,17.823633,24.355145,2.5813403,3.205192,2.1712115,1.6547436,0.9499079,b'   1758816784145737728'
"{'flux': array([0.03552878, 0.03552037, 0.03551199, ..., 6.220536  , 6.2206397 ,
       6.220743  ], dtype=float32), 'ivar': array([0., 0., 0., ..., 0., 0., 0.], dtype=float32), 'lsf_sigma': array([0., 0., 0., ..., 0., 0., 0.], dtype=float32), 'lambda': array([3787.913 , 3788.7854, 3789.658 , ..., 9217.221 , 9219.344 ,
       9221.467 ], dtype=float32), 'mask': array([ True,  True,  True, ...,  True,  True,  True])}",181.43091,26.952684,0.4073982,8.305585e-05,False,0.030444777,1.5241854,10.913389,23.321642,36.62496,0.5269064,3.2426467,2.0400248,1.4923251,0.81155884,0.21693105,1.4766045,10.866333,23.301939,35.476025,2.5813403,3.205192,2.1712115,1.6547436,0.9499079,b'   1758817059023644672'
"{'flux': array([-2.2938464, -2.2931635, -2.2924817, ...,  7.3426366,  7.3426824,
        7.3427286], dtype=float32), 'ivar': array([0., 0., 0., ..., 0., 0., 0.], dtype=float32), 'lsf_sigma': array([0., 0., 0., ..., 0., 0., 0.], dtype=float32), 'lambda': array([3787.913 , 3788.7854, 3789.658 , ..., 9217.221 , 9219.344 ,
       9221.467 ], dtype=float32), 'mask': array([ True,  True,  True, ...,  True,  True,  True])}",108.43085,26.01884,0.12566335,1.5437552e-05,False,0.9473092,5.44625,15.891743,28.547676,42.579006,0.5269064,3.2426467,2.0400248,1.4923251,0.81155884,2.1908824,5.405528,15.7515135,28.317152,41.81346,2.5813403,3.205192,2.1712115,1.6547436,0.9499079,b'   1758817333901551616'
"{'flux': array([9.317294, 9.315028, 9.312765, ..., 9.050157, 9.050297, 9.050438],
      dtype=float32), 'ivar': array([0., 0., 0., ..., 0., 0., 0.], dtype=float32), 'lsf_sigma': array([0., 0., 0., ..., 0., 0., 0.], dtype=float32), 'lambda': array([3787.913 , 3788.7854, 3789.658 , ..., 9217.221 , 9219.344 ,
       9221.467 ], dtype=float32), 'mask': array([ True,  True,  True, ...,  True,  True,  True])}",106.65557,9.860682,0.13363664,2.8246224e-05,False,6.583677,13.311144,33.20404,47.629963,63.257954,0.5269064,3.2426467,2.0400248,1.4923251,0.81155884,3.9298093,13.306055,32.845085,47.519547,62.15115,2.5813403,3.205192,2.1712115,1.6547436,0.9499079,b'   1758817608779458560'
"{'flux': array([3.270867 , 3.2699842, 3.2691033, ..., 3.6198437, 3.6198835,
       3.6199238], dtype=float32), 'ivar': array([0., 0., 0., ..., 0., 0., 0.], dtype=float32), 'lsf_sigma': array([0., 0., 0., ..., 0., 0., 0.], dtype=float32), 'lambda': array([3787.913 , 3788.7854, 3789.658 , ..., 9217.221 , 9219.344 ,
       9221.467 ], dtype=float32), 'mask': array([ True,  True,  True, ...,  True,  True,  True])}",0.0,46.401184,0.19424468,2.048331e-05,False,1.7200066,5.005445,12.979455,20.335407,27.610975,0.5269064,3.2426467,2.0400248,1.4923251,0.81155884,1.8829275,4.981306,12.730275,20.083353,26.547045,2.5813403,3.205192,2.1712115,1.6547436,0.9499079,b'   1758817883657365504'
"{'flux': array([10.262255 , 10.259467 , 10.256682 , ...,  1.9890106,  1.9890318,
        1.9890531], dtype=float32), 'ivar': array([0., 0., 0., ..., 0., 0., 0.], dtype=float32), 'lsf_sigma': array([0., 0., 0., ..., 0., 0., 0.], dtype=float32), 'lambda': array([3787.913 , 3788.7854, 3789.658 , ..., 9217.221 , 9219.344 ,
       9221.467 ], dtype=float32), 'mask': array([ True,  True,  True, ...,  True,  True,  True])}",41.43668,34.97738,0.17190135,8.717181e-06,False,4.8360543,6.198984,10.259967,13.477335,15.124451,0.5269064,3.2426467,2.0400248,1.4923251,0.81155884,2.358376,6.2191105,10.0719795,13.239412,14.295428,2.5813403,3.205192,2.1712115,1.6547436,0.9499079,b'   1758818433413179392'
"{'flux': array([3.8966265, 3.8955414, 3.8944588, ..., 5.5237107, 5.5237637,
       5.5238166], dtype=float32), 'ivar': array([0., 0., 0., ..., 0., 0., 0.], dtype=float32), 'lsf_sigma': array([0., 0., 0., ..., 0., 0., 0.], dtype=float32), 'lambda': array([3787.913 , 3788.7854, 3789.658 , ..., 9217.221 , 9219.344 ,
       9221.467 ], dtype=float32), 'mask': array([ True,  True,  True, ...,  True,  True,  True])}",159.51845,19.438616,0.19312207,5.7740577e-05,False,2.2510583,5.2006702,17.704422,28.729599,39.805626,0.5269064,3.2426467,2.0400248,1.4923251,0.81155884,1.8984195,5.155569,17.549515,28.451471,38.57156,2.5813403,3.205192,2.1712115,1.6547436,0.9499079,b'   1758818708291086336'
"{'flux': array([5.3470473, 5.345423 , 5.3438015, ..., 7.0602403, 7.0602775,
       7.060315 ], dtype=float32), 'ivar': array([0., 0., 0., ..., 0., 0., 0.], dtype=float32), 'lsf_sigma': array([0., 0., 0., ..., 0., 0., 0.], dtype=float32), 'lambda': array([3787.913 , 3788.7854, 3789.658 , ..., 9217.221 , 9219.344 ,
       9221.467 ], dtype=float32), 'mask': array([ True,  True,  True, ...,  True,  True,  True])}",188.2682,18.493711,0.19245695,4.710716e-05,False,3.5121164,6.8073077,23.953693,40.11268,56.489746,0.5269064,3.2426467,2.0400248,1.4923251,0.81155884,2.6414113,6.7927876,23.807798,39.89497,55.321983,2.5813403,3.205192,2.1712115,1.6547436,0.9499079,b'   1758818983168993280'
"{'flux': array([-4.3236055 , -4.32256   , -4.321516  , ...,  0.49198055,
        0.49198824,  0.49199602], dtype=float32), 'ivar': array([0., 0., 0., ..., 0., 0., 0.], dtype=float32), 'lsf_sigma': array([0., 0., 0., ..., 0., 0., 0.], dtype=float32), 'lambda': array([3787.913 , 3788.7854, 3789.658 , ..., 9217.221 , 9219.344 ,
       9221.467 ], dtype=float32), 'mask': array([ True,  True,  True, ...,  True,  True,  True])}",0.0,49.471394,0.0425205,1.14821e-05,False,0.9285353,4.4743834,7.428344,9.741784,11.924177,0.5269064,3.2426467,2.0400248,1.4923251,0.81155884,1.8450903,4.4711695,7.261789,9.376133,11.485996,2.5813403,3.205192,2.1712115,1.6547436,0.9499079,b'   1758819532924807168'
"{'flux': array([9.340168 , 9.337592 , 9.335021 , ..., 8.293508 , 8.293591 ,
       8.2936735], dtype=float32), 'ivar': array([0., 0., 0., ..., 0., 0., 0.], dtype=float32), 'lsf_sigma': array([0., 0., 0., ..., 0., 0., 0.], dtype=float32), 'lambda': array([3787.913 , 3788.7854, 3789.658 , ..., 9217.221 , 9219.344 ,
       9221.467 ], dtype=float32), 'mask': array([ True,  True,  True, ...,  True,  True,  True])}",173.36897,23.575342,0.1278731,6.172774e-05,False,5.3324437,8.522946,23.737139,36.75195,48.698986,0.5269064,3.2426467,2.0400248,1.4923251,0.81155884,3.2840922,8.47125,23.805792,36.38409,48.021988,2.5813403,3.205192,2.1712115,1.6547436,0.9499079,b'   1758819807802714112'
"{'flux': array([10.626649  , 10.623519  , 10.620394  , ...,  0.21014643,
        0.21014787,  0.21014932], dtype=float32), 'ivar': array([0., 0., 0., ..., 0., 0., 0.], dtype=float32), 'lsf_sigma': array([0., 0., 0., ..., 0., 0., 0.], dtype=float32), 'lambda': array([3787.913 , 3788.7854, 3789.658 , ..., 9217.221 , 9219.344 ,
       9221.467 ], dtype=float32), 'mask': array([ True,  True,  True, ...,  True,  True,  True])}",0.0,28.65378,0.07348338,7.599227e-06,False,6.4924607,7.6384935,11.047758,13.672338,14.853536,0.5269064,3.2426467,2.0400248,1.4923251,0.81155884,2.4802241,7.6745434,10.742645,13.234054,14.530284,2.5813403,3.205192,2.1712115,1.6547436,0.9499079,b'   1758820082680621056'
"{'flux': array([3.3684795, 3.3677492, 3.3670204, ..., 2.971912 , 2.971971 ,
       2.9720306], dtype=float32), 'ivar': array([0., 0., 0., ..., 0., 0., 0.], dtype=float32), 'lsf_sigma': array([0., 0., 0., ..., 0., 0., 0.], dtype=float32), 'lambda': array([3787.913 , 3788.7854, 3789.658 , ..., 9217.221 , 9219.344 ,
       9221.467 ], dtype=float32), 'mask': array([ True,  True,  True, ...,  True,  True,  True])}",82.06913,16.970457,0.13403241,1.7293612e-05,False,3.24987,7.1066184,16.994102,25.11786,32.058376,0.5269064,3.2426467,2.0400248,1.4923251,0.81155884,3.1697245,7.0860047,16.641666,24.860512,31.228533,2.5813403,3.205192,2.1712115,1.6547436,0.9499079,b'   1758820907314341888'
"{'flux': array([ 5.401609,  5.400451,  5.399295, ..., 14.951297, 14.951601,
       14.951906], dtype=float32), 'ivar': array([0., 0., 0., ..., 0., 0., 0.], dtype=float32), 'lsf_sigma': array([0., 0., 0., ..., 0., 0., 0.], dtype=float32), 'lambda': array([3787.913 , 3788.7854, 3789.658 , ..., 9217.221 , 9219.344 ,
       9221.467 ], dtype=float32), 'mask': array([ True,  True,  True, ...,  True,  True,  True])}",134.98662,7.4051065,0.13475284,2.4207358e-05,False,5.9552703,18.95794,51.911175,79.51485,105.10313,0.5269064,3.2426467,2.0400248,1.4923251,0.81155884,5.804987,18.910177,51.69862,78.964424,105.385864,2.5813403,3.205192,2.1712115,1.6547436,0.9499079,b'   1758821457070155776'
"{'flux': array([4.4922185, 4.4912558, 4.490294 , ..., 3.667586 , 3.6676607,
       3.6677356], dtype=float32), 'ivar': array([0., 0., 0., ..., 0., 0., 0.], dtype=float32), 'lsf_sigma': array([0., 0., 0., ..., 0., 0., 0.], dtype=float32), 'lambda': array([3787.913 , 3788.7854, 3789.658 , ..., 9217.221 , 9219.344 ,
       9221.467 ], dtype=float32), 'mask': array([ True,  True,  True, ...,  True,  True,  True])}",107.87935,20.42655,0.17517933,1.0741869e-05,False,4.1710153,7.3911014,15.02355,21.410513,25.27081,0.5269064,3.2426467,2.0400248,1.4923251,0.81155884,3.7429187,7.390924,14.718698,21.121574,24.15251,2.5813403,3.205192,2.1712115,1.6547436,0.9499079,b'   1758821731948062720'
"{'flux': array([-3.2275517, -3.226832 , -3.2261133, ...,  7.7853193,  7.7854667,
        7.785614 ], dtype=float32), 'ivar': array([0., 0., 0., ..., 0., 0., 0.], dtype=float32), 'lsf_sigma': array([0., 0., 0., ..., 0., 0., 0.], dtype=float32), 'lambda': array([3787.913 , 3788.7854, 3789.658 , ..., 9217.221 , 9219.344 ,
       9221.467 ], dtype=float32), 'mask': array([ True,  True,  True, ...,  True,  True,  True])}",143.501,18.593342,0.13290164,2.6198326e-05,False,1.8307608,10.45254,26.491484,40.247948,53.72892,0.5269064,3.2426467,2.0400248,1.4923251,0.81155884,3.1781914,10.39439,26.199375,39.934113,53.457294,2.5813403,3.205192,2.1712115,1.6547436,0.9499079,b'   1758822006825969664'
"{'flux': array([7.153899, 7.152333, 7.150768, ..., 3.625915, 3.625986, 3.626057],
      dtype=float32), 'ivar': array([0., 0., 0., ..., 0., 0., 0.], dtype=float32), 'lsf_sigma': array([0., 0., 0., ..., 0., 0., 0.], dtype=float32), 'lambda': array([3787.913 , 3788.7854, 3789.658 , ..., 9217.221 , 9219.344 ,
       9221.467 ], dtype=float32), 'mask': array([ True,  True,  True, ...,  True,  True,  True])}",0.0,74.60039,0.14253737,8.145294e-06,False,5.5759254,9.2264185,17.322502,23.74471,27.57614,0.5269064,3.2426467,2.0400248,1.4923251,0.81155884,3.52735,9.269238,17.032785,23.559399,27.284393,2.5813403,3.205192,2.1712115,1.6547436,0.9499079,b'   1758822281703876608'
"{'flux': array([3.876122 , 3.8751087, 3.8740969, ..., 2.431293 , 2.431323 ,
       2.4313533], dtype=float32), 'ivar': array([0., 0., 0., ..., 0., 0., 0.], dtype=float32), 'lsf_sigma': array([0., 0., 0., ..., 0., 0., 0.], dtype=float32), 'lambda': array([3787.913 , 3788.7854, 3789.658 , ..., 9217.221 , 9219.344 ,
       9221.467 ], dtype=float32), 'mask': array([ True,  True,  True, ...,  True,  True,  True])}",121.235695,28.33079,0.18937154,5.151207e-05,False,2.3301487,4.6575494,13.498673,21.481028,29.01723,0.5269064,3.2426467,2.0400248,1.4923251,0.81155884,1.841414,4.6251698,13.274851,21.255207,28.281134,2.5813403,3.205192,2.1712115,1.6547436,0.9499079,b'   1758822556581783552'
"{'flux': array([1.8192265, 1.8187519, 1.8182782, ..., 2.5346925, 2.5347245,
       2.534756 ], dtype=float32), 'ivar': array([0., 0., 0., ..., 0., 0., 0.], dtype=float32), 'lsf_sigma': array([0., 0., 0., ..., 0., 0., 0.], dtype=float32), 'lambda': array([3787.913 , 3788.7854, 3789.658 , ..., 9217.221 , 9219.344 ,
       9221.467 ], dtype=float32), 'mask': array([ True,  True,  True, ...,  True,  True,  True])}",84.8936,38.24185,0.18932246,1.7290984e-05,False,2.0374086,5.03541,10.656539,14.539559,17.825005,0.5269064,3.2426467,2.0400248,1.4923251,0.81155884,1.788268,5.04304,10.466712,14.449895,16.417742,2.5813403,3.205192,2.1712115,1.6547436,0.9499079,b'   1758822831459690496'
"{'flux': array([-1.5030007, -1.5025893, -1.5021785, ...,  2.0518034,  2.0518246,
        2.0518458], dtype=float32), 'ivar': array([0., 0., 0., ..., 0., 0., 0.], dtype=float32), 'lsf_sigma': array([0., 0., 0., ..., 0., 0., 0.], dtype=float32), 'lambda': array([3787.913 , 3788.7854, 3789.658 , ..., 9217.221 , 9219.344 ,
       9221.467 ], dtype=float32), 'mask': array([ True,  True,  True, ...,  True,  True,  True])}",217.80302,98.47319,0.16381508,9.589377e-06,False,2.518579,6.8062143,10.87893,13.500523,13.331062,0.5269064,3.2426467,2.0400248,1.4923251,0.81155884,2.3394766,6.77403,10.832524,13.130283,12.808695,2.5813403,3.205192,2.1712115,1.6547436,0.9499079,b'   1758823106337597440'
"{'flux': array([-1.5441886, -1.5438371, -1.5434862, ...,  7.5969863,  7.5971246,
        7.5972624], dtype=float32), 'ivar': array([0., 0., 0., ..., 0., 0., 0.], dtype=float32), 'lsf_sigma': array([0., 0., 0., ..., 0., 0., 0.], dtype=float32), 'lambda': array([3787.913 , 3788.7854, 3789.658 , ..., 9217.221 , 9219.344 ,
       9221.467 ], dtype=float32), 'mask': array([ True,  True,  True, ...,  True,  True,  True])}",118.47342,26.69263,0.15268193,1.8760715e-05,False,1.7604704,7.964993,21.444294,35.424885,47.210598,0.5269064,3.2426467,2.0400248,1.4923251,0.81155884,4.162277,7.847775,21.325865,34.95866,46.362747,2.5813403,3.205192,2.1712115,1.6547436,0.9499079,b'   1758823381215504384'
"{'flux': array([0.05278254, 0.05277076, 0.05275898, ..., 1.4515096 , 1.451537  ,
       1.4515644 ], dtype=float32), 'ivar': array([0., 0., 0., ..., 0., 0., 0.], dtype=float32), 'lsf_sigma': array([0., 0., 0., ..., 0., 0., 0.], dtype=float32), 'lambda': array([3787.913 , 3788.7854, 3789.658 , ..., 9217.221 , 9219.344 ,
       9221.467 ], dtype=float32), 'mask': array([ True,  True,  True, ...,  True,  True,  True])}",0.0,36.382435,0.09116552,8.820952e-06,False,2.7065988,5.477583,8.267096,10.770586,10.680135,0.5269064,3.2426467,2.0400248,1.4923251,0.81155884,1.2656665,5.486723,8.216367,10.249624,11.466412,2.5813403,3.205192,2.1712115,1.6547436,0.9499079,b'   1758823656093411328'
"{'flux': array([4.605374 , 4.6041417, 4.602912 , ..., 5.4139466, 5.414008 ,
       5.4140706], dtype=float32), 'ivar': array([0., 0., 0., ..., 0., 0., 0.], dtype=float32), 'lsf_sigma': array([0., 0., 0., ..., 0., 0., 0.], dtype=float32), 'lambda': array([3787.913 , 3788.7854, 3789.658 , ..., 9217.221 , 9219.344 ,
       9221.467 ], dtype=float32), 'mask': array([ True,  True,  True, ...,  True,  True,  True])}",117.2645,31.898088,0.16981408,8.9662426e-05,False,2.642437,4.5586314,12.964157,20.2541,27.352259,0.5269064,3.2426467,2.0400248,1.4923251,0.81155884,1.656406,4.5321946,12.740179,19.935953,26.735092,2.5813403,3.205192,2.1712115,1.6547436,0.9499079,b'   1758823930971318272'
"{'flux': array([-3.2763314, -3.2756639, -3.274997 , ...,  8.773113 ,  8.773307 ,
        8.773501 ], dtype=float32), 'ivar': array([0., 0., 0., ..., 0., 0., 0.], dtype=float32), 'lsf_sigma': array([0., 0., 0., ..., 0., 0., 0.], dtype=float32), 'lambda': array([3787.913 , 3788.7854, 3789.658 , ..., 9217.221 , 9219.344 ,
       9221.467 ], dtype=float32), 'mask': array([ True,  True,  True, ...,  True,  True,  True])}",208.9979,18.941875,0.22090887,6.175265e-05,False,0.043425944,4.571195,17.858738,32.192554,44.357105,0.5269064,3.2426467,2.0400248,1.4923251,0.81155884,1.5515522,4.4718604,17.973473,31.662838,44.562305,2.5813403,3.205192,2.1712115,1.6547436,0.9499079,b'   1758824205849225216'
"{'flux': array([1.8643638, 1.8638799, 1.8633968, ..., 5.5689273, 5.568998 ,
       5.5690694], dtype=float32), 'ivar': array([0., 0., 0., ..., 0., 0., 0.], dtype=float32), 'lsf_sigma': array([0., 0., 0., ..., 0., 0., 0.], dtype=float32), 'lambda': array([3787.913 , 3788.7854, 3789.658 , ..., 9217.221 , 9219.344 ,
       9221.467 ], dtype=float32), 'mask': array([ True,  True,  True, ...,  True,  True,  True])}",105.88589,12.981558,0.1965219,4.0120874e-05,False,2.677274,6.5092907,21.80202,35.39734,46.852215,0.5269064,3.2426467,2.0400248,1.4923251,0.81155884,2.7847748,6.457977,21.893026,35.237892,46.923275,2.5813403,3.205192,2.1712115,1.6547436,0.9499079,b'   1758824480727132160'
"{'flux': array([9.899154 , 9.896739 , 9.894327 , ..., 2.6268845, 2.6269248,
       2.6269653], dtype=float32), 'ivar': array([0., 0., 0., ..., 0., 0., 0.], dtype=float32), 'lsf_sigma': array([0., 0., 0., ..., 0., 0., 0.], dtype=float32), 'lambda': array([3787.913 , 3788.7854, 3789.658 , ..., 9217.221 , 9219.344 ,
       9221.467 ], dtype=float32), 'mask': array([ True,  True,  True, ...,  True,  True,  True])}",46.399082,34.268234,0.14272656,5.883472e-06,False,5.7485666,8.436587,13.476647,17.120762,17.642185,0.5269064,3.2426467,2.0400248,1.4923251,0.81155884,-0.017973868,8.429664,13.334333,17.10708,17.913517,2.5813403,3.205192,2.1712115,1.6547436,0.9499079,b'   1758824755605039104'
"{'flux': array([-2.7592974, -2.7586222, -2.7579484, ...,  6.6355066,  6.635608 ,
        6.6357093], dtype=float32), 'ivar': array([0., 0., 0., ..., 0., 0., 0.], dtype=float32), 'lsf_sigma': array([0., 0., 0., ..., 0., 0., 0.], dtype=float32), 'lambda': array([3787.913 , 3788.7854, 3789.658 , ..., 9217.221 , 9219.344 ,
       9221.467 ], dtype=float32), 'mask': array([ True,  True,  True, ...,  True,  True,  True])}",156.2312,16.295172,0.13439065,4.454949e-05,False,1.796636,8.989545,24.130096,37.38252,50.77863,0.5269064,3.2426467,2.0400248,1.4923251,0.81155884,2.7932725,8.951756,24.147604,37.07526,51.2001,2.5813403,3.205192,2.1712115,1.6547436,0.9499079,b'   1758825030482946048'
"{'flux': array([2.7957194, 2.7950466, 2.7943745, ..., 2.0943274, 2.0943608,
       2.0943942], dtype=float32), 'ivar': array([0., 0., 0., ..., 0., 0., 0.], dtype=float32), 'lsf_sigma': array([0., 0., 0., ..., 0., 0., 0.], dtype=float32), 'lambda': array([3787.913 , 3788.7854, 3789.658 , ..., 9217.221 , 9219.344 ,
       9221.467 ], dtype=float32), 'mask': array([ True,  True,  True, ...,  True,  True,  True])}",131.68787,40.106674,0.1504065,2.0424257e-05,False,0.91520524,2.6009204,7.071288,12.097607,14.989821,0.5269064,3.2426467,2.0400248,1.4923251,0.81155884,0.23153232,2.5521998,7.2598543,11.859695,15.135837,2.5813403,3.205192,2.1712115,1.6547436,0.9499079,b'   1758825305360852992'
"{'flux': array([0.4223264 , 0.4222292 , 0.42213225, ..., 2.9845412 , 2.984594  ,
       2.984647  ], dtype=float32), 'ivar': array([0., 0., 0., ..., 0., 0., 0.], dtype=float32), 'lsf_sigma': array([0., 0., 0., ..., 0., 0., 0.], dtype=float32), 'lambda': array([3787.913 , 3788.7854, 3789.658 , ..., 9217.221 , 9219.344 ,
       9221.467 ], dtype=float32), 'mask': array([ True,  True,  True, ...,  True,  True,  True])}",13.618195,32.190487,0.15120335,8.228312e-06,False,3.5428956,8.302476,13.867137,19.004822,21.88484,0.5269064,3.2426467,2.0400248,1.4923251,0.81155884,2.3605356,8.25357,13.895294,18.943254,22.277023,2.5813403,3.205192,2.1712115,1.6547436,0.9499079,b'   1758825580238759936'
"{'flux': array([-3.1295962, -3.1288812, -3.1281672, ...,  4.889042 ,  4.88913  ,
        4.889218 ], dtype=float32), 'ivar': array([0., 0., 0., ..., 0., 0., 0.], dtype=float32), 'lsf_sigma': array([0., 0., 0., ..., 0., 0., 0.], dtype=float32), 'lambda': array([3787.913 , 3788.7854, 3789.658 , ..., 9217.221 , 9219.344 ,
       9221.467 ], dtype=float32), 'mask': array([ True,  True,  True, ...,  True,  True,  True])}",86.96125,20.600195,0.22188348,6.338389e-05,False,0.1547288,4.1195784,13.743643,21.835587,29.037973,0.5269064,3.2426467,2.0400248,1.4923251,0.81155884,1.5766209,4.0793,13.576492,21.71916,28.166168,2.5813403,3.205192,2.1712115,1.6547436,0.9499079,b'   1758825855116666880'
"{'flux': array([3.3730943, 3.3720958, 3.3710985, ..., 6.7520537, 6.752098 ,
       6.752143 ], dtype=float32), 'ivar': array([0., 0., 0., ..., 0., 0., 0.], dtype=float32), 'lsf_sigma': array([0., 0., 0., ..., 0., 0., 0.], dtype=float32), 'lambda': array([3787.913 , 3788.7854, 3789.658 , ..., 9217.221 , 9219.344 ,
       9221.467 ], dtype=float32), 'mask': array([ True,  True,  True, ...,  True,  True,  True])}",177.80174,17.921618,0.19489247,5.4068772e-05,False,2.7293086,5.0060773,17.19163,29.021301,41.29065,0.5269064,3.2426467,2.0400248,1.4923251,0.81155884,2.418123,4.944451,17.172571,29.033203,40.369278,2.5813403,3.205192,2.1712115,1.6547436,0.9499079,b'   1758826404872480768'
"{'flux': array([1.3851409, 1.3847299, 1.3843194, ..., 8.581347 , 8.581403 ,
       8.581458 ], dtype=float32), 'ivar': array([0., 0., 0., ..., 0., 0., 0.], dtype=float32), 'lsf_sigma': array([0., 0., 0., ..., 0., 0., 0.], dtype=float32), 'lambda': array([3787.913 , 3788.7854, 3789.658 , ..., 9217.221 , 9219.344 ,
       9221.467 ], dtype=float32), 'mask': array([ True,  True,  True, ...,  True,  True,  True])}",111.50752,12.101261,0.12488766,2.3914632e-05,False,3.781944,10.007096,24.874414,38.807896,53.337852,0.5269064,3.2426467,2.0400248,1.4923251,0.81155884,3.9364622,9.92503,24.791243,38.74762,52.536167,2.5813403,3.205192,2.1712115,1.6547436,0.9499079,b'   1758826679750387712'
"{'flux': array([-2.0812263, -2.0805166, -2.0798078, ...,  2.8300374,  2.8300343,
        2.8300314], dtype=float32), 'ivar': array([0., 0., 0., ..., 0., 0., 0.], dtype=float32), 'lsf_sigma': array([0., 0., 0., ..., 0., 0., 0.], dtype=float32), 'lambda': array([3787.913 , 3788.7854, 3789.658 , ..., 9217.221 , 9219.344 ,
       9221.467 ], dtype=float32), 'mask': array([ True,  True,  True, ...,  True,  True,  True])}",0.0,32.504482,0.23471624,2.1517722e-05,False,0.36314186,3.3841639,8.412634,12.744148,16.143387,0.5269064,3.2426467,2.0400248,1.4923251,0.81155884,1.172801,3.3702703,8.324074,12.547853,15.409965,2.5813403,3.205192,2.1712115,1.6547436,0.9499079,b'   1758826954628294656'
"{'flux': array([3.3561316, 3.3550904, 3.3540509, ..., 6.194536 , 6.1945615,
       6.1945877], dtype=float32), 'ivar': array([0., 0., 0., ..., 0., 0., 0.], dtype=float32), 'lsf_sigma': array([0., 0., 0., ..., 0., 0., 0.], dtype=float32), 'lambda': array([3787.913 , 3788.7854, 3789.658 , ..., 9217.221 , 9219.344 ,
       9221.467 ], dtype=float32), 'mask': array([ True,  True,  True, ...,  True,  True,  True])}",73.71699,22.255518,0.103325844,6.1373908e-06,False,8.275485,15.003655,25.064749,35.903748,42.93242,0.5269064,3.2426467,2.0400248,1.4923251,0.81155884,8.014775,15.01972,24.809526,35.7327,41.717365,2.5813403,3.205192,2.1712115,1.6547436,0.9499079,b'   1758827229506201600'
"{'flux': array([0.3584667, 0.3583474, 0.3582282, ..., 3.9565473, 3.956549 ,
       3.9565501], dtype=float32), 'ivar': array([0., 0., 0., ..., 0., 0., 0.], dtype=float32), 'lsf_sigma': array([0., 0., 0., ..., 0., 0., 0.], dtype=float32), 'lambda': array([3787.913 , 3788.7854, 3789.658 , ..., 9217.221 , 9219.344 ,
       9221.467 ], dtype=float32), 'mask': array([ True,  True,  True, ...,  True,  True,  True])}",98.66598,18.67358,0.19270232,6.4432345e-05,False,1.059695,4.0554614,13.77741,22.486746,30.213585,0.5269064,3.2426467,2.0400248,1.4923251,0.81155884,1.0483007,4.0063386,13.626474,22.11727,29.833498,2.5813403,3.205192,2.1712115,1.6547436,0.9499079,b'   1758827504384108544'
"{'flux': array([ 0.50393486,  0.50377315,  0.5036117 , ..., 11.076037  ,
       11.076065  , 11.076092  ], dtype=float32), 'ivar': array([0., 0., 0., ..., 0., 0., 0.], dtype=float32), 'lsf_sigma': array([0., 0., 0., ..., 0., 0., 0.], dtype=float32), 'lambda': array([3787.913 , 3788.7854, 3789.658 , ..., 9217.221 , 9219.344 ,
       9221.467 ], dtype=float32), 'mask': array([ True,  True,  True, ...,  True,  True,  True])}",323.73553,20.94144,0.25926587,5.614804e-05,False,1.3009536,6.4363623,29.506977,52.340237,71.98342,0.5269064,3.2426467,2.0400248,1.4923251,0.81155884,1.7686701,6.3901687,29.398386,52.019325,71.21332,2.5813403,3.205192,2.1712115,1.6547436,0.9499079,b'   1758827779262015488'
"{'flux': array([-1.3161236 , -1.3156707 , -1.3152186 , ...,  0.52034116,
        0.5203403 ,  0.5203396 ], dtype=float32), 'ivar': array([0., 0., 0., ..., 0., 0., 0.], dtype=float32), 'lsf_sigma': array([0., 0., 0., ..., 0., 0., 0.], dtype=float32), 'lambda': array([3787.913 , 3788.7854, 3789.658 , ..., 9217.221 , 9219.344 ,
       9221.467 ], dtype=float32), 'mask': array([ True,  True,  True, ...,  True,  True,  True])}",713.2023,119.92507,0.0672248,1.0812189e-05,False,1.0548228,3.1369467,5.2043643,7.193402,7.4117656,0.5269064,3.2426467,2.0400248,1.4923251,0.81155884,0.3614098,3.1366444,5.2580175,6.9010754,7.895223,2.5813403,3.205192,2.1712115,1.6547436,0.9499079,b'   1758828054139922432'
"{'flux': array([1.2961304 , 1.2956864 , 1.2952427 , ..., 0.5171521 , 0.5171515 ,
       0.51715076], dtype=float32), 'ivar': array([0., 0., 0., ..., 0., 0., 0.], dtype=float32), 'lsf_sigma': array([0., 0., 0., ..., 0., 0., 0.], dtype=float32), 'lambda': array([3787.913 , 3788.7854, 3789.658 , ..., 9217.221 , 9219.344 ,
       9221.467 ], dtype=float32), 'mask': array([ True,  True,  True, ...,  True,  True,  True])}",0.0,0.0,-0.0014853032,2.213206,True,0.5384252,0.088591084,0.7638651,1.5308595,2.4504836,0.5269064,3.2426467,2.0400248,1.4923251,0.81155884,0.10762534,0.076608665,0.7412612,1.5346972,2.129449,2.5813403,3.205192,2.1712115,1.6547436,0.9499079,b'   1758828329017829376'
"{'flux': array([0.8113285 , 0.81104773, 0.81076723, ..., 1.3363458 , 1.3363434 ,
       1.3363409 ], dtype=float32), 'ivar': array([0., 0., 0., ..., 0., 0., 0.], dtype=float32), 'lsf_sigma': array([0., 0., 0., ..., 0., 0., 0.], dtype=float32), 'lambda': array([3787.913 , 3788.7854, 3789.658 , ..., 9217.221 , 9219.344 ,
       9221.467 ], dtype=float32), 'mask': array([ True,  True,  True, ...,  True,  True,  True])}",301.3119,58.133793,0.102656916,1.7805436e-05,False,1.0728279,2.3791275,4.1374426,5.499845,5.8763,0.5269064,3.2426467,2.0400248,1.4923251,0.81155884,0.3226452,2.3635535,4.090913,5.2368984,5.4363914,2.5813403,3.205192,2.1712115,1.6547436,0.9499079,b'   1758828878773643264'
"{'flux': array([2.0051503, 2.0046394, 2.004129 , ..., 4.2222424, 4.222299 ,
       4.2223563], dtype=float32), 'ivar': array([0., 0., 0., ..., 0., 0., 0.], dtype=float32), 'lsf_sigma': array([0., 0., 0., ..., 0., 0., 0.], dtype=float32), 'lambda': array([3787.913 , 3788.7854, 3789.658 , ..., 9217.221 , 9219.344 ,
       9221.467 ], dtype=float32), 'mask': array([ True,  True,  True, ...,  True,  True,  True])}",150.07597,24.006603,0.19896977,8.9858695e-05,False,1.4982936,2.8911986,12.127462,21.931093,29.238594,0.5269064,3.2426467,2.0400248,1.4923251,0.81155884,0.73652995,2.8311641,12.284121,21.68475,30.168934,2.5813403,3.205192,2.1712115,1.6547436,0.9499079,b'   1758829153651550208'
"{'flux': array([3.990561 , 3.989474 , 3.9883878, ..., 8.134606 , 8.134692 ,
       8.134778 ], dtype=float32), 'ivar': array([0., 0., 0., ..., 0., 0., 0.], dtype=float32), 'lsf_sigma': array([0., 0., 0., ..., 0., 0., 0.], dtype=float32), 'lambda': array([3787.913 , 3788.7854, 3789.658 , ..., 9217.221 , 9219.344 ,
       9221.467 ], dtype=float32), 'mask': array([ True,  True,  True, ...,  True,  True,  True])}",208.80786,15.471399,0.17110786,4.379205e-05,False,4.3545375,9.52824,28.571262,44.44635,59.529507,0.5269064,3.2426467,2.0400248,1.4923251,0.81155884,3.7936547,9.45017,28.453352,44.45384,58.99781,2.5813403,3.205192,2.1712115,1.6547436,0.9499079,b'   1758829428529457152'
"{'flux': array([3.316521 , 3.3155882, 3.3146572, ..., 3.3160207, 3.3160505,
       3.3160808], dtype=float32), 'ivar': array([0., 0., 0., ..., 0., 0., 0.], dtype=float32), 'lsf_sigma': array([0., 0., 0., ..., 0., 0., 0.], dtype=float32), 'lambda': array([3787.913 , 3788.7854, 3789.658 , ..., 9217.221 , 9219.344 ,
       9221.467 ], dtype=float32), 'mask': array([ True,  True,  True, ...,  True,  True,  True])}",130.81897,39.012787,0.13550352,7.651748e-05,False,2.5889394,5.237801,13.962289,20.693436,26.547325,0.5269064,3.2426467,2.0400248,1.4923251,0.81155884,1.4645385,5.1716647,14.084228,20.970163,27.379984,2.5813403,3.205192,2.1712115,1.6547436,0.9499079,b'   1758829703407364096'
"{'flux': array([0.21307307, 0.21300492, 0.21293686, ..., 0.3534423 , 0.3534432 ,
       0.35344413], dtype=float32), 'ivar': array([0., 0., 0., ..., 0., 0., 0.], dtype=float32), 'lsf_sigma': array([0., 0., 0., ..., 0., 0., 0.], dtype=float32), 'lambda': array([3787.913 , 3788.7854, 3789.658 , ..., 9217.221 , 9219.344 ,
       9221.467 ], dtype=float32), 'mask': array([ True,  True,  True, ...,  True,  True,  True])}",0.0,0.0,1.1292316,0.00016591769,True,0.21930659,0.08810502,0.30038553,0.9590892,1.2315689,0.5269064,3.2426467,2.0400248,1.4923251,0.81155884,0.14317673,0.073344216,0.33338514,1.0108429,1.2332754,2.5813403,3.205192,2.1712115,1.6547436,0.9499079,b'   1758830253163177984'
"{'flux': array([-4.8776774, -4.8760633, -4.8744516, ...,  8.935032 ,  8.935039 ,
        8.935044 ], dtype=float32), 'ivar': array([0., 0., 0., ..., 0., 0., 0.], dtype=float32), 'lsf_sigma': array([0., 0., 0., ..., 0., 0., 0.], dtype=float32), 'lambda': array([3787.913 , 3788.7854, 3789.658 , ..., 9217.221 , 9219.344 ,
       9221.467 ], dtype=float32), 'mask': array([ True,  True,  True, ...,  True,  True,  True])}",214.34865,15.074898,0.12923342,5.0856903e-05,False,0.88216835,10.992797,30.118397,47.481255,63.023666,0.5269064,3.2426467,2.0400248,1.4923251,0.81155884,3.3453472,10.93305,30.492136,47.344994,64.519714,2.5813403,3.205192,2.1712115,1.6547436,0.9499079,b'   1758830528041084928'
"{'flux': array([-1.0910505, -1.0907358, -1.0904216, ...,  5.447334 ,  5.4473763,
        5.4474196], dtype=float32), 'ivar': array([0., 0., 0., ..., 0., 0., 0.], dtype=float32), 'lsf_sigma': array([0., 0., 0., ..., 0., 0., 0.], dtype=float32), 'lambda': array([3787.913 , 3788.7854, 3789.658 , ..., 9217.221 , 9219.344 ,
       9221.467 ], dtype=float32), 'mask': array([ True,  True,  True, ...,  True,  True,  True])}",169.85437,31.478624,0.18868077,4.085141e-05,False,1.4989474,5.2588034,13.085339,21.058287,23.704199,0.5269064,3.2426467,2.0400248,1.4923251,0.81155884,2.3023922,5.124774,13.807215,20.724451,25.086395,2.5813403,3.205192,2.1712115,1.6547436,0.9499079,b'   1758830802918991872'
"{'flux': array([-0.4623531 , -0.46220535, -0.46205774, ...,  1.1388112 ,
        1.1388142 ,  1.1388171 ], dtype=float32), 'ivar': array([0., 0., 0., ..., 0., 0., 0.], dtype=float32), 'lsf_sigma': array([0., 0., 0., ..., 0., 0., 0.], dtype=float32), 'lambda': array([3787.913 , 3788.7854, 3789.658 , ..., 9217.221 , 9219.344 ,
       9221.467 ], dtype=float32), 'mask': array([ True,  True,  True, ...,  True,  True,  True])}",850.0,-3.0,0.19115606,2.5860048e-05,False,0.6427168,3.9685209,8.556327,14.393024,15.859551,0.5269064,3.2426467,2.0400248,1.4923251,0.81155884,1.0650477,3.8480332,9.348605,13.89728,17.352222,2.5813403,3.205192,2.1712115,1.6547436,0.9499079,b'   1758831077796898816'
"{'flux': array([0.47387382, 0.4737498 , 0.4736259 , ..., 5.6260877 , 5.626157  ,
       5.6262264 ], dtype=float32), 'ivar': array([0., 0., 0., ..., 0., 0., 0.], dtype=float32), 'lsf_sigma': array([0., 0., 0., ..., 0., 0., 0.], dtype=float32), 'lambda': array([3787.913 , 3788.7854, 3789.658 , ..., 9217.221 , 9219.344 ,
       9221.467 ], dtype=float32), 'mask': array([ True,  True,  True, ...,  True,  True,  True])}",168.1098,19.724546,0.19752459,4.7073936e-05,False,1.653265,7.001722,20.78504,31.590176,40.28745,0.5269064,3.2426467,2.0400248,1.4923251,0.81155884,1.7432475,6.9212437,21.078852,31.70104,39.93257,2.5813403,3.205192,2.1712115,1.6547436,0.9499079,b'   1758831627552712704'
"{'flux': array([ 0.17435765,  0.17430103,  0.17424446, ..., -0.05662793,
       -0.05662793, -0.05662793], dtype=float32), 'ivar': array([0., 0., 0., ..., 0., 0., 0.], dtype=float32), 'lsf_sigma': array([0., 0., 0., ..., 0., 0., 0.], dtype=float32), 'lambda': array([ 3.7992686e+03,  3.8001436e+03,  3.8010186e+03, ...,
       -1.0000000e+00, -1.0000000e+00, -1.0000000e+00], dtype=float32), 'mask': array([ True,  True,  True, ...,  True,  True,  True])}",0.0,0.0,3.4741893,0.001169359,True,0.077370934,0.04203006,0.04554764,0.063427605,0.19319141,1.2810838,4.7092338,3.3769279,1.6308998,0.49377942,-0.0016613716,0.026183669,0.018453112,0.016348591,-0.00041080275,3.1201751,4.8240495,3.766461,1.9804801,1.0679232,b'   1759856370527528960'
"{'flux': array([-0.22105552, -0.22098604, -0.22091672, ...,  2.826039  ,
        2.826039  ,  2.826039  ], dtype=float32), 'ivar': array([0., 0., 0., ..., 0., 0., 0.], dtype=float32), 'lsf_sigma': array([0., 0., 0., ..., 0., 0., 0.], dtype=float32), 'lambda': array([ 3.7992686e+03,  3.8001436e+03,  3.8010186e+03, ...,
       -1.0000000e+00, -1.0000000e+00, -1.0000000e+00], dtype=float32), 'mask': array([ True,  True,  True, ...,  True,  True,  True])}",87.1996,36.975075,0.19460762,5.265369e-05,False,0.42697293,3.050235,8.852505,14.063801,17.944529,1.2810838,4.7092338,3.3769279,1.6308998,0.49377942,0.64828306,2.9796464,8.9353695,14.031592,17.937725,3.1201751,4.8240495,3.766461,1.9804801,1.0679232,b'   1759858019794970624'
"{'flux': array([2.1121979, 2.111837 , 2.1114764, ..., 0.0505635, 0.0505635,
       0.0505635], dtype=float32), 'ivar': array([0., 0., 0., ..., 0., 0., 0.], dtype=float32), 'lsf_sigma': array([0., 0., 0., ..., 0., 0., 0.], dtype=float32), 'lambda': array([ 3.7992686e+03,  3.8001436e+03,  3.8010186e+03, ...,
       -1.0000000e+00, -1.0000000e+00, -1.0000000e+00], dtype=float32), 'mask': array([ True,  True,  True, ...,  True,  True,  True])}",850.0,-3.0,0.07391454,1.4385759e-05,False,1.8074834,3.4261618,6.6940165,9.852685,12.606143,1.2810838,4.7092338,3.3769279,1.6308998,0.49377942,0.7982871,3.4110699,6.787635,10.200075,13.566141,3.1201751,4.8240495,3.766461,1.9804801,1.0679232,b'   1759869839544969216'
"{'flux': array([1.5930952, 1.592849 , 1.5926032, ..., 7.360859 , 7.360859 ,
       7.360859 ], dtype=float32), 'ivar': array([0., 0., 0., ..., 0., 0., 0.], dtype=float32), 'lsf_sigma': array([0., 0., 0., ..., 0., 0., 0.], dtype=float32), 'lambda': array([ 3.7992686e+03,  3.8001436e+03,  3.8010186e+03, ...,
       -1.0000000e+00, -1.0000000e+00, -1.0000000e+00], dtype=float32), 'mask': array([ True,  True,  True, ...,  True,  True,  True])}",231.39784,21.062662,0.21927032,4.700421e-05,False,1.6411228,5.443891,21.361036,39.761482,58.710083,1.2810838,4.7092338,3.3769279,1.6308998,0.49377942,1.5219821,5.370174,21.560572,40.00738,60.15821,3.1201751,4.8240495,3.766461,1.9804801,1.0679232,b'   1759870114422876160'
"{'flux': array([4.2469373, 4.246296 , 4.245655 , ..., 7.089787 , 7.089787 ,
       7.089787 ], dtype=float32), 'ivar': array([0., 0., 0., ..., 0., 0., 0.], dtype=float32), 'lsf_sigma': array([0.       , 0.       , 0.       , ..., 0.7316742, 0.7316742,
       0.7316742], dtype=float32), 'lambda': array([ 3.7992686e+03,  3.8001436e+03,  3.8010186e+03, ...,
       -1.0000000e+00, -1.0000000e+00, -1.0000000e+00], dtype=float32), 'mask': array([ True,  True,  True, ...,  True,  True,  True])}",89.59514,22.764416,0.17023416,2.3803617e-05,False,3.1713595,5.377245,14.251858,22.643324,28.960598,1.2810838,4.7092338,3.3769279,1.6308998,0.49377942,2.020622,5.322004,14.286412,22.724152,30.44344,3.1201751,4.8240495,3.766461,1.9804801,1.0679232,b'   1759870389300783104'
"{'flux': array([3.983666 , 3.9830225, 3.98238  , ..., 3.8549497, 3.8549497,
       3.8549497], dtype=float32), 'ivar': array([0., 0., 0., ..., 0., 0., 0.], dtype=float32), 'lsf_sigma': array([0.       , 0.       , 0.       , ..., 0.7317356, 0.7317356,
       0.7317356], dtype=float32), 'lambda': array([ 3.7992686e+03,  3.8001436e+03,  3.8010186e+03, ...,
       -1.0000000e+00, -1.0000000e+00, -1.0000000e+00], dtype=float32), 'mask': array([ True,  True,  True, ...,  True,  True,  True])}",166.92183,18.186516,0.17102888,2.9668116e-05,False,3.7076113,7.2703476,19.670843,32.01775,42.22702,1.2810838,4.7092338,3.3769279,1.6308998,0.49377942,2.7677243,7.1811414,19.864298,32.182064,44.121567,3.1201751,4.8240495,3.766461,1.9804801,1.0679232,b'   1759870664178690048'
"{'flux': array([1.8818636, 1.8815389, 1.881215 , ..., 4.810807 , 4.810807 ,
       4.810807 ], dtype=float32), 'ivar': array([0., 0., 0., ..., 0., 0., 0.], dtype=float32), 'lsf_sigma': array([0.       , 0.       , 0.       , ..., 0.7467887, 0.7467887,
       0.7467887], dtype=float32), 'lambda': array([ 3.7992686e+03,  3.8001436e+03,  3.8010186e+03, ...,
       -1.0000000e+00, -1.0000000e+00, -1.0000000e+00], dtype=float32), 'mask': array([ True,  True,  True, ...,  True,  True,  True])}",119.449036,9.153923,0.16480684,2.8182554e-05,False,3.3027415,10.659262,33.219006,51.926598,65.625565,1.2810838,4.7092338,3.3769279,1.6308998,0.49377942,3.3614807,10.590811,33.32448,51.805428,67.76878,3.1201751,4.8240495,3.766461,1.9804801,1.0679232,b'   1759870939056596992'
"{'flux': array([ 0.65347886,  0.65337145,  0.6532642 , ..., -0.38971263,
       -0.38971263, -0.38971263], dtype=float32), 'ivar': array([0., 0., 0., ..., 0., 0., 0.], dtype=float32), 'lsf_sigma': array([0.        , 0.        , 0.        , ..., 0.75616497, 0.75616497,
       0.75616497], dtype=float32), 'lambda': array([ 3.7992686e+03,  3.8001436e+03,  3.8010186e+03, ...,
       -1.0000000e+00, -1.0000000e+00, -1.0000000e+00], dtype=float32), 'mask': array([ True,  True,  True, ...,  True,  True,  True])}",142.59328,28.945353,0.28151086,7.3680625e-05,False,0.7512142,2.087511,7.467379,12.831982,16.311062,1.2810838,4.7092338,3.3769279,1.6308998,0.49377942,0.58557564,2.020965,7.5549006,12.844364,17.733704,3.1201751,4.8240495,3.766461,1.9804801,1.0679232,b'   1759871488812410880'
"{'flux': array([-0.9871751, -0.9870027, -0.9868304, ...,  1.3294312,  1.3294312,
        1.3294312], dtype=float32), 'ivar': array([0., 0., 0., ..., 0., 0., 0.], dtype=float32), 'lsf_sigma': array([0.       , 0.       , 0.       , ..., 0.7936786, 0.7936786,
       0.7936786], dtype=float32), 'lambda': array([ 3.7992686e+03,  3.8001436e+03,  3.8010186e+03, ...,
       -1.0000000e+00, -1.0000000e+00, -1.0000000e+00], dtype=float32), 'mask': array([ True,  True,  True, ...,  True,  True,  True])}",160.30994,18.02824,0.29993537,6.3624655e-05,False,0.30932978,2.2643125,11.391933,20.364973,26.8197,1.2810838,4.7092338,3.3769279,1.6308998,0.49377942,0.64575535,2.2020245,11.463531,20.504354,27.572878,3.1201751,4.8240495,3.766461,1.9804801,1.0679232,b'   1759871763690317824'
"{'flux': array([3.4148123, 3.4143248, 3.413838 , ..., 1.1669291, 1.1669291,
       1.1669291], dtype=float32), 'ivar': array([0., 0., 0., ..., 0., 0., 0.], dtype=float32), 'lsf_sigma': array([0.       , 0.       , 0.       , ..., 0.7937489, 0.7937489,
       0.7937489], dtype=float32), 'lambda': array([ 3.7992686e+03,  3.8001436e+03,  3.8010186e+03, ...,
       -1.0000000e+00, -1.0000000e+00, -1.0000000e+00], dtype=float32), 'mask': array([ True,  True,  True, ...,  True,  True,  True])}",119.154076,23.507814,0.24823114,2.4078185e-05,False,2.6541305,4.107627,13.068114,21.453148,27.346718,1.2810838,4.7092338,3.3769279,1.6308998,0.49377942,1.5458082,4.0715613,13.121368,21.446692,28.454489,3.1201751,4.8240495,3.766461,1.9804801,1.0679232,b'   1759872038568224768'
"{'flux': array([ 0.83555883,  0.8354237 ,  0.8352887 , ..., -0.3260397 ,
       -0.3260397 , -0.3260397 ], dtype=float32), 'ivar': array([0., 0., 0., ..., 0., 0., 0.], dtype=float32), 'lsf_sigma': array([0., 0., 0., ..., 0., 0., 0.], dtype=float32), 'lambda': array([ 3.7992686e+03,  3.8001436e+03,  3.8010186e+03, ...,
       -1.0000000e+00, -1.0000000e+00, -1.0000000e+00], dtype=float32), 'mask': array([ True,  True,  True, ...,  True,  True,  True])}",0.0,0.0,0.91978484,2.4528406e-05,True,0.34611505,0.08176456,0.5336386,2.11367,2.7725124,1.2810838,4.7092338,3.3769279,1.6308998,0.49377942,0.020107577,0.05351799,0.54455954,2.153711,3.5159423,3.1201751,4.8240495,3.766461,1.9804801,1.0679232,b'   1759872313446131712'
"{'flux': array([0.38309735, 0.38304377, 0.38299027, ..., 0.89977056, 0.89977056,
       0.89977056], dtype=float32), 'ivar': array([0., 0., 0., ..., 0., 0., 0.], dtype=float32), 'lsf_sigma': array([0.       , 0.       , 0.       , ..., 0.7323392, 0.7323392,
       0.7323392], dtype=float32), 'lambda': array([ 3.7992686e+03,  3.8001436e+03,  3.8010186e+03, ...,
       -1.0000000e+00, -1.0000000e+00, -1.0000000e+00], dtype=float32), 'mask': array([ True,  True,  True, ...,  True,  True,  True])}",195.45302,82.900444,0.2593995,0.00012829986,False,0.37299088,0.90490824,5.2453523,11.225791,16.52743,1.2810838,4.7092338,3.3769279,1.6308998,0.49377942,0.16947308,0.8539404,5.371574,11.190249,17.824572,3.1201751,4.8240495,3.766461,1.9804801,1.0679232,b'   1759872863201945600'
"{'flux': array([4.231744 , 4.231104 , 4.230465 , ..., 2.6218283, 2.6218283,
       2.6218283], dtype=float32), 'ivar': array([0., 0., 0., ..., 0., 0., 0.], dtype=float32), 'lsf_sigma': array([0.       , 0.       , 0.       , ..., 0.7599966, 0.7599966,
       0.7599966], dtype=float32), 'lambda': array([ 3.7992686e+03,  3.8001436e+03,  3.8010186e+03, ...,
       -1.0000000e+00, -1.0000000e+00, -1.0000000e+00], dtype=float32), 'mask': array([ True,  True,  True, ...,  True,  True,  True])}",54.285763,26.029167,0.15181445,8.860945e-06,False,4.014085,7.083827,12.599076,17.112099,20.147655,1.2810838,4.7092338,3.3769279,1.6308998,0.49377942,2.2248385,7.0691643,12.4845705,17.345034,20.69163,3.1201751,4.8240495,3.766461,1.9804801,1.0679232,b'   1759873138079852544'
"{'flux': array([1.4159307, 1.4157144, 1.4154985, ..., 5.897494 , 5.897494 ,
       5.897494 ], dtype=float32), 'ivar': array([0., 0., 0., ..., 0., 0., 0.], dtype=float32), 'lsf_sigma': array([0.        , 0.        , 0.        , ..., 0.74675506, 0.74675506,
       0.74675506], dtype=float32), 'lambda': array([ 3.7992686e+03,  3.8001436e+03,  3.8010186e+03, ...,
       -1.0000000e+00, -1.0000000e+00, -1.0000000e+00], dtype=float32), 'mask': array([ True,  True,  True, ...,  True,  True,  True])}",205.34921,20.514086,0.2185605,5.4778688e-05,False,1.7660226,5.624399,22.615776,39.277924,52.865215,1.2810838,4.7092338,3.3769279,1.6308998,0.49377942,1.714391,5.6023903,22.663412,39.270485,54.109066,3.1201751,4.8240495,3.766461,1.9804801,1.0679232,b'   1759873412957759488'
"{'flux': array([-0.9170291 , -0.91685957, -0.91669047, ...,  4.7824626 ,
        4.7824626 ,  4.7824626 ], dtype=float32), 'ivar': array([0., 0., 0., ..., 0., 0., 0.], dtype=float32), 'lsf_sigma': array([0.      , 0.      , 0.      , ..., 0.751947, 0.751947, 0.751947],
      dtype=float32), 'lambda': array([ 3.7992686e+03,  3.8001436e+03,  3.8010186e+03, ...,
       -1.0000000e+00, -1.0000000e+00, -1.0000000e+00], dtype=float32), 'mask': array([ True,  True,  True, ...,  True,  True,  True])}",111.34791,29.95236,0.19749132,3.66766e-05,False,1.0873942,5.198836,16.454119,29.072296,40.643677,1.2810838,4.7092338,3.3769279,1.6308998,0.49377942,2.0656343,5.149711,16.499832,28.902962,40.907993,3.1201751,4.8240495,3.766461,1.9804801,1.0679232,b'   1759873687835666432'
"{'flux': array([-0.56069666, -0.56061053, -0.56052464, ..., -0.2568954 ,
       -0.2568954 , -0.2568954 ], dtype=float32), 'ivar': array([0., 0., 0., ..., 0., 0., 0.], dtype=float32), 'lsf_sigma': array([0.        , 0.        , 0.        , ..., 0.79432636, 0.79432636,
       0.79432636], dtype=float32), 'lambda': array([ 3.7992686e+03,  3.8001436e+03,  3.8010186e+03, ...,
       -1.0000000e+00, -1.0000000e+00, -1.0000000e+00], dtype=float32), 'mask': array([ True,  True,  True, ...,  True,  True,  True])}",39.418434,25.504688,0.1988185,2.0084903e-05,False,1.5149307,3.906217,8.764305,13.587745,17.487057,1.2810838,4.7092338,3.3769279,1.6308998,0.49377942,1.7553686,3.8635597,8.740695,13.53539,17.600548,3.1201751,4.8240495,3.766461,1.9804801,1.0679232,b'   1759873962713573376'
"{'flux': array([1.1251985 , 1.1250066 , 1.124815  , ..., 0.62359375, 0.62359375,
       0.62359375], dtype=float32), 'ivar': array([0., 0., 0., ..., 0., 0., 0.], dtype=float32), 'lsf_sigma': array([0., 0., 0., ..., 0., 0., 0.], dtype=float32), 'lambda': array([ 3.7992686e+03,  3.8001436e+03,  3.8010186e+03, ...,
       -1.0000000e+00, -1.0000000e+00, -1.0000000e+00], dtype=float32), 'mask': array([ True,  True,  True, ...,  True,  True,  True])}",0.0,40.958374,0.18920782,3.554737e-05,False,0.9083624,2.2167869,5.540349,8.766435,10.94342,1.2810838,4.7092338,3.3769279,1.6308998,0.49377942,0.6832865,2.1818328,5.5573893,8.786483,11.599658,3.1201751,4.8240495,3.766461,1.9804801,1.0679232,b'   1759874237591480320'
"{'flux': array([2.281536 , 2.2811284, 2.2807214, ..., 1.3725817, 1.3725817,
       1.3725817], dtype=float32), 'ivar': array([0., 0., 0., ..., 0., 0., 0.], dtype=float32), 'lsf_sigma': array([0., 0., 0., ..., 0., 0., 0.], dtype=float32), 'lambda': array([ 3.7992686e+03,  3.8001436e+03,  3.8010186e+03, ...,
       -1.0000000e+00, -1.0000000e+00, -1.0000000e+00], dtype=float32), 'mask': array([ True,  True,  True, ...,  True,  True,  True])}",129.25471,35.88942,0.18721473,8.40084e-05,False,1.7310647,3.112751,10.5976,18.623466,27.17733,1.2810838,4.7092338,3.3769279,1.6308998,0.49377942,1.1611698,3.0480351,10.625944,18.744698,27.309065,3.1201751,4.8240495,3.766461,1.9804801,1.0679232,b'   1759874512469387264'
"{'flux': array([3.1772957, 3.1767507, 3.176207 , ..., 6.421623 , 6.421623 ,
       6.421623 ], dtype=float32), 'ivar': array([0., 0., 0., ..., 0., 0., 0.], dtype=float32), 'lsf_sigma': array([0.        , 0.        , 0.        , ..., 0.73283005, 0.73283005,
       0.73283005], dtype=float32), 'lambda': array([ 3.7992686e+03,  3.8001436e+03,  3.8010186e+03, ...,
       -1.0000000e+00, -1.0000000e+00, -1.0000000e+00], dtype=float32), 'mask': array([ True,  True,  True, ...,  True,  True,  True])}",14.44958,41.48504,0.189165,1.9376808e-05,False,2.476551,3.8659577,9.86586,16.409973,22.28843,1.2810838,4.7092338,3.3769279,1.6308998,0.49377942,1.9939382,3.827281,9.801214,16.42995,21.972713,3.1201751,4.8240495,3.766461,1.9804801,1.0679232,b'   1759874787347294208'
"{'flux': array([1.7770381 , 1.7767162 , 1.7763951 , ..., 0.23534195, 0.23534195,
       0.23534195], dtype=float32), 'ivar': array([0., 0., 0., ..., 0., 0., 0.], dtype=float32), 'lsf_sigma': array([0.      , 0.      , 0.      , ..., 0.732916, 0.732916, 0.732916],
      dtype=float32), 'lambda': array([ 3.7992686e+03,  3.8001436e+03,  3.8010186e+03, ...,
       -1.0000000e+00, -1.0000000e+00, -1.0000000e+00], dtype=float32), 'mask': array([ True,  True,  True, ...,  True,  True,  True])}",21.78265,49.4006,0.2297475,9.734817e-06,False,1.6618506,4.1902304,8.817218,12.822829,16.255636,1.2810838,4.7092338,3.3769279,1.6308998,0.49377942,1.680648,4.197212,8.645955,12.70092,15.255121,3.1201751,4.8240495,3.766461,1.9804801,1.0679232,b'   1759875062225201152'
"{'flux': array([2.028005 , 2.0276759, 2.027347 , ..., 2.5765514, 2.5765514,
       2.5765514], dtype=float32), 'ivar': array([0., 0., 0., ..., 0., 0., 0.], dtype=float32), 'lsf_sigma': array([0.        , 0.        , 0.        , ..., 0.75454634, 0.75454634,
       0.75454634], dtype=float32), 'lambda': array([ 3.7992686e+03,  3.8001436e+03,  3.8010186e+03, ...,
       -1.0000000e+00, -1.0000000e+00, -1.0000000e+00], dtype=float32), 'mask': array([ True,  True,  True, ...,  True,  True,  True])}",178.22989,32.174213,0.19024794,2.6635375e-05,False,2.0578287,4.1933837,11.620121,19.512018,26.875422,1.2810838,4.7092338,3.3769279,1.6308998,0.49377942,1.7881976,4.120871,11.671389,19.594814,26.683092,3.1201751,4.8240495,3.766461,1.9804801,1.0679232,b'   1759875337103108096'
"{'flux': array([0.5604406, 0.5603497, 0.5602591, ..., 1.1688724, 1.1688724,
       1.1688724], dtype=float32), 'ivar': array([0., 0., 0., ..., 0., 0., 0.], dtype=float32), 'lsf_sigma': array([0.       , 0.       , 0.       , ..., 0.7720761, 0.7720761,
       0.7720761], dtype=float32), 'lambda': array([ 3.7992686e+03,  3.8001436e+03,  3.8010186e+03, ...,
       -1.0000000e+00, -1.0000000e+00, -1.0000000e+00], dtype=float32), 'mask': array([ True,  True,  True, ...,  True,  True,  True])}",156.59833,21.646341,0.19425629,6.9812275e-05,False,1.2074227,3.494858,11.705272,18.953218,25.361858,1.2810838,4.7092338,3.3769279,1.6308998,0.49377942,1.3389294,3.4698415,11.673853,18.932507,25.719492,3.1201751,4.8240495,3.766461,1.9804801,1.0679232,b'   1759875611981015040'
"{'flux': array([0.4987743 , 0.49869326, 0.4986124 , ..., 4.6431346 , 4.6431346 ,
       4.6431346 ], dtype=float32), 'ivar': array([0., 0., 0., ..., 0., 0., 0.], dtype=float32), 'lsf_sigma': array([0.       , 0.       , 0.       , ..., 0.7882035, 0.7882035,
       0.7882035], dtype=float32), 'lambda': array([ 3.7992686e+03,  3.8001436e+03,  3.8010186e+03, ...,
       -1.0000000e+00, -1.0000000e+00, -1.0000000e+00], dtype=float32), 'mask': array([ True,  True,  True, ...,  True,  True,  True])}",114.91216,30.218277,0.12871303,1.1718404e-05,False,2.3902123,7.326404,17.268309,27.609947,37.253613,1.2810838,4.7092338,3.3769279,1.6308998,0.49377942,2.4457455,7.2738786,17.203154,27.596592,36.827583,3.1201751,4.8240495,3.766461,1.9804801,1.0679232,b'   1759875886858921984'
"{'flux': array([-1.0600934, -1.0599259, -1.0597588, ...,  1.953657 ,  1.953657 ,
        1.953657 ], dtype=float32), 'ivar': array([0., 0., 0., ..., 0., 0., 0.], dtype=float32), 'lsf_sigma': array([0.        , 0.        , 0.        , ..., 0.86523765, 0.86523765,
       0.86523765], dtype=float32), 'lambda': array([ 3.7992686e+03,  3.8001436e+03,  3.8010186e+03, ...,
       -1.0000000e+00, -1.0000000e+00, -1.0000000e+00], dtype=float32), 'mask': array([ True,  True,  True, ...,  True,  True,  True])}",195.7017,18.021378,0.23669824,6.845066e-05,False,0.47461322,3.063782,12.92461,23.001627,33.337944,1.2810838,4.7092338,3.3769279,1.6308998,0.49377942,1.1038051,3.021032,12.897152,23.113613,33.261776,3.1201751,4.8240495,3.766461,1.9804801,1.0679232,b'   1759876161736828928'
"{'flux': array([0.12081207, 0.12079041, 0.12076876, ..., 3.2772925 , 3.2772925 ,
       3.2772925 ], dtype=float32), 'ivar': array([0., 0., 0., ..., 0., 0., 0.], dtype=float32), 'lsf_sigma': array([0., 0., 0., ..., 0., 0., 0.], dtype=float32), 'lambda': array([ 3.7992686e+03,  3.8001436e+03,  3.8010186e+03, ...,
       -1.0000000e+00, -1.0000000e+00, -1.0000000e+00], dtype=float32), 'mask': array([ True,  True,  True, ...,  True,  True,  True])}",128.98721,21.170244,0.19910845,5.7792913e-05,False,1.2379963,4.07582,14.330897,23.467072,34.078568,1.2810838,4.7092338,3.3769279,1.6308998,0.49377942,1.4167143,4.0545287,14.167581,23.609543,32.956146,3.1201751,4.8240495,3.766461,1.9804801,1.0679232,b'   1759876436614735872'
"{'flux': array([ 2.7657013,  2.7652514,  2.764802 , ..., 13.958482 , 13.958482 ,
       13.958482 ], dtype=float32), 'ivar': array([0., 0., 0., ..., 0., 0., 0.], dtype=float32), 'lsf_sigma': array([0., 0., 0., ..., 0., 0., 0.], dtype=float32), 'lambda': array([ 3.7992686e+03,  3.8001436e+03,  3.8010186e+03, ...,
       -1.0000000e+00, -1.0000000e+00, -1.0000000e+00], dtype=float32), 'mask': array([ True,  True,  True, ...,  True,  True,  True])}",198.00441,10.297483,0.14135243,2.6691116e-05,False,4.0533423,14.885278,45.041515,71.21935,98.04311,1.2810838,4.7092338,3.3769279,1.6308998,0.49377942,4.4590335,14.864282,44.9527,70.96409,97.26553,3.1201751,4.8240495,3.766461,1.9804801,1.0679232,b'   1759876711492642816'
"{'flux': array([0.19494034, 0.19490755, 0.1948748 , ..., 2.066206  , 2.066206  ,
       2.066206  ], dtype=float32), 'ivar': array([0., 0., 0., ..., 0., 0., 0.], dtype=float32), 'lsf_sigma': array([0., 0., 0., ..., 0., 0., 0.], dtype=float32), 'lambda': array([ 3.7992686e+03,  3.8001436e+03,  3.8010186e+03, ...,
       -1.0000000e+00, -1.0000000e+00, -1.0000000e+00], dtype=float32), 'mask': array([ True,  True,  True, ...,  True,  True,  True])}",142.4414,25.001526,0.31732133,6.880363e-05,False,0.44881576,2.1618173,10.13126,17.30498,24.3469,1.2810838,4.7092338,3.3769279,1.6308998,0.49377942,0.35778585,2.1246579,10.095274,17.44411,23.647274,3.1201751,4.8240495,3.766461,1.9804801,1.0679232,b'   1759876986370549760'
"{'flux': array([3.7667263, 3.7661526, 3.7655804, ..., 8.800277 , 8.800277 ,
       8.800277 ], dtype=float32), 'ivar': array([0., 0., 0., ..., 0., 0., 0.], dtype=float32), 'lsf_sigma': array([0.        , 0.        , 0.        , ..., 0.80170125, 0.80170125,
       0.80170125], dtype=float32), 'lambda': array([ 3.7992686e+03,  3.8001436e+03,  3.8010186e+03, ...,
       -1.0000000e+00, -1.0000000e+00, -1.0000000e+00], dtype=float32), 'mask': array([ True,  True,  True, ...,  True,  True,  True])}",99.10263,8.590705,0.17068903,2.5621664e-05,False,4.005303,12.354229,35.598507,53.466652,69.89553,1.2810838,4.7092338,3.3769279,1.6308998,0.49377942,3.6070788,12.340243,35.422478,53.491673,69.08737,3.1201751,4.8240495,3.766461,1.9804801,1.0679232,b'   1759877536126363648'
"{'flux': array([1.359422 , 1.3591918, 1.3589622, ..., 7.8113084, 7.8113084,
       7.8113084], dtype=float32), 'ivar': array([0., 0., 0., ..., 0., 0., 0.], dtype=float32), 'lsf_sigma': array([0.        , 0.        , 0.        , ..., 0.78014034, 0.78014034,
       0.78014034], dtype=float32), 'lambda': array([ 3.7992686e+03,  3.8001436e+03,  3.8010186e+03, ...,
       -1.0000000e+00, -1.0000000e+00, -1.0000000e+00], dtype=float32), 'mask': array([ True,  True,  True, ...,  True,  True,  True])}",191.1912,10.980303,0.1837469,3.29013e-05,False,3.0499687,10.092403,33.88648,53.55946,72.63992,1.2810838,4.7092338,3.3769279,1.6308998,0.49377942,3.2189264,10.077626,33.795902,53.828392,71.41819,3.1201751,4.8240495,3.766461,1.9804801,1.0679232,b'   1759877811004270592'
"{'flux': array([0.8881633 , 0.8880212 , 0.8878792 , ..., 0.17245239, 0.17245239,
       0.17245239], dtype=float32), 'ivar': array([0., 0., 0., ..., 0., 0., 0.], dtype=float32), 'lsf_sigma': array([0.       , 0.       , 0.       , ..., 0.8094789, 0.8094789,
       0.8094789], dtype=float32), 'lambda': array([ 3.7992686e+03,  3.8001436e+03,  3.8010186e+03, ...,
       -1.0000000e+00, -1.0000000e+00, -1.0000000e+00], dtype=float32), 'mask': array([ True,  True,  True, ...,  True,  True,  True])}",23.435143,87.87761,0.26070052,6.449333e-05,False,0.8366709,1.7807626,6.4913054,10.001781,11.765167,1.2810838,4.7092338,3.3769279,1.6308998,0.49377942,0.38833025,1.7532419,6.5093718,9.975523,11.758684,3.1201751,4.8240495,3.766461,1.9804801,1.0679232,b'   1759879735149619200'
"{'flux': array([3.805584 , 3.8049178, 3.8042536, ..., 5.0906787, 5.0906787,
       5.0906787], dtype=float32), 'ivar': array([0., 0., 0., ..., 0., 0., 0.], dtype=float32), 'lsf_sigma': array([0.        , 0.        , 0.        , ..., 0.78839815, 0.78839815,
       0.78839815], dtype=float32), 'lambda': array([ 3.7992686e+03,  3.8001436e+03,  3.8010186e+03, ...,
       -1.0000000e+00, -1.0000000e+00, -1.0000000e+00], dtype=float32), 'mask': array([ True,  True,  True, ...,  True,  True,  True])}",167.74364,12.86251,0.19141832,3.780091e-05,False,2.6740205,6.6677303,22.606068,35.87902,47.71388,1.2810838,4.7092338,3.3769279,1.6308998,0.49377942,2.2564456,6.6190853,22.565687,35.83511,47.470608,3.1201751,4.8240495,3.766461,1.9804801,1.0679232,b'   1759880284905433088'
"{'flux': array([3.6174004, 3.6166775, 3.6159565, ..., 4.184223 , 4.184223 ,
       4.184223 ], dtype=float32), 'ivar': array([0., 0., 0., ..., 0., 0., 0.], dtype=float32), 'lsf_sigma': array([0., 0., 0., ..., 0., 0., 0.], dtype=float32), 'lambda': array([ 3.7992686e+03,  3.8001436e+03,  3.8010186e+03, ...,
       -1.0000000e+00, -1.0000000e+00, -1.0000000e+00], dtype=float32), 'mask': array([ True,  True,  True, ...,  True,  True,  True])}",160.09706,17.110098,0.38399634,6.0249957e-05,False,1.4966094,2.214069,12.602913,24.805523,35.9827,1.2810838,4.7092338,3.3769279,1.6308998,0.49377942,0.6248608,2.145139,12.672163,24.744179,36.995686,3.1201751,4.8240495,3.766461,1.9804801,1.0679232,b'   1759880834661246976'
"{'flux': array([0.71345896, 0.7133246 , 0.7131905 , ..., 2.8344176 , 2.8344176 ,
       2.8344176 ], dtype=float32), 'ivar': array([0., 0., 0., ..., 0., 0., 0.], dtype=float32), 'lsf_sigma': array([0., 0., 0., ..., 0., 0., 0.], dtype=float32), 'lambda': array([ 3.7992686e+03,  3.8001436e+03,  3.8010186e+03, ...,
       -1.0000000e+00, -1.0000000e+00, -1.0000000e+00], dtype=float32), 'mask': array([ True,  True,  True, ...,  True,  True,  True])}",173.06274,39.252724,0.23142925,1.1735991e-05,False,1.9436973,4.8312597,11.2933445,17.073427,20.720488,1.2810838,4.7092338,3.3769279,1.6308998,0.49377942,2.267465,4.7874928,11.196501,16.947453,20.567892,3.1201751,4.8240495,3.766461,1.9804801,1.0679232,b'   1759881109539153920'
"{'flux': array([0.48344132, 0.48334628, 0.4832514 , ..., 2.3126156 , 2.3126156 ,
       2.3126156 ], dtype=float32), 'ivar': array([0., 0., 0., ..., 0., 0., 0.], dtype=float32), 'lsf_sigma': array([0.        , 0.        , 0.        , ..., 0.73073035, 0.73073035,
       0.73073035], dtype=float32), 'lambda': array([ 3.7992686e+03,  3.8001436e+03,  3.8010186e+03, ...,
       -1.0000000e+00, -1.0000000e+00, -1.0000000e+00], dtype=float32), 'mask': array([ True,  True,  True, ...,  True,  True,  True])}",238.91086,38.54303,0.41075602,9.54106e-05,False,0.27974615,1.2982568,8.109391,17.13582,24.67672,1.2810838,4.7092338,3.3769279,1.6308998,0.49377942,0.13407204,1.2590063,8.140805,16.928793,24.967012,3.1201751,4.8240495,3.766461,1.9804801,1.0679232,b'   1759881384417060864'
"{'flux': array([-0.0741352 , -0.0741208 , -0.07410644, ...,  0.28400758,
        0.28400758,  0.28400758], dtype=float32), 'ivar': array([0., 0., 0., ..., 0., 0., 0.], dtype=float32), 'lsf_sigma': array([0.       , 0.       , 0.       , ..., 0.7374305, 0.7374305,
       0.7374305], dtype=float32), 'lambda': array([ 3.7992686e+03,  3.8001436e+03,  3.8010186e+03, ...,
       -1.0000000e+00, -1.0000000e+00, -1.0000000e+00], dtype=float32), 'mask': array([ True,  True,  True, ...,  True,  True,  True])}",207.61978,57.57594,0.4799395,0.00021975957,False,0.15627033,0.6530167,3.2413487,7.3896728,10.367828,1.2810838,4.7092338,3.3769279,1.6308998,0.49377942,0.21917833,0.62551445,3.196535,7.145312,10.524633,3.1201751,4.8240495,3.766461,1.9804801,1.0679232,b'   1759881934172874752'
"{'flux': array([-0.8768376 , -0.87665945, -0.8764815 , ...,  2.98285   ,
        2.98285   ,  2.98285   ], dtype=float32), 'ivar': array([0., 0., 0., ..., 0., 0., 0.], dtype=float32), 'lsf_sigma': array([0.       , 0.       , 0.       , ..., 0.7343477, 0.7343477,
       0.7343477], dtype=float32), 'lambda': array([ 3.7992686e+03,  3.8001436e+03,  3.8010186e+03, ...,
       -1.0000000e+00, -1.0000000e+00, -1.0000000e+00], dtype=float32), 'mask': array([ True,  True,  True, ...,  True,  True,  True])}",0.0,0.0,-4.2929743e-05,2.3364857e-05,False,0.24401806,4.621481,14.197646,22.161715,27.625628,1.2810838,4.7092338,3.3769279,1.6308998,0.49377942,0.598002,4.613315,14.128347,22.103548,27.141584,3.1201751,4.8240495,3.766461,1.9804801,1.0679232,b'   1759882209050781696'
"{'flux': array([2.2508814, 2.2504776, 2.2500741, ..., 3.7916608, 3.7916608,
       3.7916608], dtype=float32), 'ivar': array([0., 0., 0., ..., 0., 0., 0.], dtype=float32), 'lsf_sigma': array([0.       , 0.       , 0.       , ..., 0.7432775, 0.7432775,
       0.7432775], dtype=float32), 'lambda': array([ 3.7992686e+03,  3.8001436e+03,  3.8010186e+03, ...,
       -1.0000000e+00, -1.0000000e+00, -1.0000000e+00], dtype=float32), 'mask': array([ True,  True,  True, ...,  True,  True,  True])}",27.3057,36.420116,0.07511329,4.6403733e-05,False,2.1062496,7.3079653,18.635887,27.011091,35.47488,1.2810838,4.7092338,3.3769279,1.6308998,0.49377942,1.8582021,7.3267536,18.388155,27.118465,34.99599,3.1201751,4.8240495,3.766461,1.9804801,1.0679232,b'   1759882483928688640'
"{'flux': array([-0.09168068, -0.0916637 , -0.09164678, ...,  0.11557049,
        0.11557049,  0.11557049], dtype=float32), 'ivar': array([0., 0., 0., ..., 0., 0., 0.], dtype=float32), 'lsf_sigma': array([0., 0., 0., ..., 0., 0., 0.], dtype=float32), 'lambda': array([ 3.7992686e+03,  3.8001436e+03,  3.8010186e+03, ...,
       -1.0000000e+00, -1.0000000e+00, -1.0000000e+00], dtype=float32), 'mask': array([ True,  True,  True, ...,  True,  True,  True])}",187.70576,48.384983,0.18731795,0.00014213409,True,0.3602514,1.6360271,7.1229305,13.048049,17.61965,1.2810838,4.7092338,3.3769279,1.6308998,0.49377942,0.4305168,1.6236764,7.152464,12.936276,18.178213,3.1201751,4.8240495,3.766461,1.9804801,1.0679232,b'   1759883033684502528'
"{'flux': array([2.2890022, 2.2885165, 2.2880318, ..., 1.9185225, 1.9185225,
       1.9185225], dtype=float32), 'ivar': array([0., 0., 0., ..., 0., 0., 0.], dtype=float32), 'lsf_sigma': array([0., 0., 0., ..., 0., 0., 0.], dtype=float32), 'lambda': array([ 3.7992686e+03,  3.8001436e+03,  3.8010186e+03, ...,
       -1.0000000e+00, -1.0000000e+00, -1.0000000e+00], dtype=float32), 'mask': array([ True,  True,  True, ...,  True,  True,  True])}",115.42384,39.853928,0.16041833,1.49566e-05,False,2.5179317,5.829533,14.169225,23.822166,33.26089,1.2810838,4.7092338,3.3769279,1.6308998,0.49377942,2.8345647,5.7775106,14.142587,23.451344,32.426247,3.1201751,4.8240495,3.766461,1.9804801,1.0679232,b'   1759883308562409472'
"{'flux': array([-4.255825 , -4.2549405, -4.2540565, ...,  4.2229614,  4.2229614,
        4.2229614], dtype=float32), 'ivar': array([0., 0., 0., ..., 0., 0., 0.], dtype=float32), 'lsf_sigma': array([0.        , 0.        , 0.        , ..., 0.73123974, 0.73123974,
       0.73123974], dtype=float32), 'lambda': array([ 3.7992686e+03,  3.8001436e+03,  3.8010186e+03, ...,
       -1.0000000e+00, -1.0000000e+00, -1.0000000e+00], dtype=float32), 'mask': array([ True,  True,  True, ...,  True,  True,  True])}",111.62415,17.91319,0.18118727,3.4392877e-05,False,1.5474896,5.9809833,17.281837,28.370749,38.081776,1.2810838,4.7092338,3.3769279,1.6308998,0.49377942,2.5709918,5.9401727,17.30873,28.295557,38.156883,3.1201751,4.8240495,3.766461,1.9804801,1.0679232,b'   1759883583440316416'
"{'flux': array([0.6781762, 0.6780514, 0.6779269, ..., 1.0830507, 1.0830507,
       1.0830507], dtype=float32), 'ivar': array([0., 0., 0., ..., 0., 0., 0.], dtype=float32), 'lsf_sigma': array([0.        , 0.        , 0.        , ..., 0.73127085, 0.73127085,
       0.73127085], dtype=float32), 'lambda': array([ 3.7992686e+03,  3.8001436e+03,  3.8010186e+03, ...,
       -1.0000000e+00, -1.0000000e+00, -1.0000000e+00], dtype=float32), 'mask': array([ True,  True,  True, ...,  True,  True,  True])}",158.13834,44.778244,0.07207271,5.2522162e-05,False,0.84071153,3.1395218,8.341887,13.188361,17.195047,1.2810838,4.7092338,3.3769279,1.6308998,0.49377942,0.56999934,3.1311584,8.344462,13.300406,17.14402,3.1201751,4.8240495,3.766461,1.9804801,1.0679232,b'   1759883858318223360'
"{'flux': array([-0.67823404, -0.67809474, -0.67795575, ..., -0.41797644,
       -0.41797644, -0.41797644], dtype=float32), 'ivar': array([0., 0., 0., ..., 0., 0., 0.], dtype=float32), 'lsf_sigma': array([0.        , 0.        , 0.        , ..., 0.73554736, 0.73554736,
       0.73554736], dtype=float32), 'lambda': array([ 3.7992686e+03,  3.8001436e+03,  3.8010186e+03, ...,
       -1.0000000e+00, -1.0000000e+00, -1.0000000e+00], dtype=float32), 'mask': array([ True,  True,  True, ...,  True,  True,  True])}",850.0,-3.0,0.08307489,1.1764723e-05,False,0.75539327,2.1819649,4.000499,5.4551272,6.100142,1.2810838,4.7092338,3.3769279,1.6308998,0.49377942,0.2117772,2.2506511,4.005681,5.2659307,6.1273975,3.1201751,4.8240495,3.766461,1.9804801,1.0679232,b'   1759884408074037248'
"{'flux': array([0.6007292 , 0.60062206, 0.6005151 , ..., 3.4501877 , 3.4501877 ,
       3.4501877 ], dtype=float32), 'ivar': array([0., 0., 0., ..., 0., 0., 0.], dtype=float32), 'lsf_sigma': array([0.       , 0.       , 0.       , ..., 0.7437612, 0.7437612,
       0.7437612], dtype=float32), 'lambda': array([ 3.7992686e+03,  3.8001436e+03,  3.8010186e+03, ...,
       -1.0000000e+00, -1.0000000e+00, -1.0000000e+00], dtype=float32), 'mask': array([ True,  True,  True, ...,  True,  True,  True])}",16.473871,52.793495,0.15259248,2.4011604e-05,False,1.7133719,5.0120497,13.082985,21.932869,28.870049,1.2810838,4.7092338,3.3769279,1.6308998,0.49377942,2.0066676,5.016058,12.948987,21.00316,28.987719,3.1201751,4.8240495,3.766461,1.9804801,1.0679232,b'   1759884682951944192'
"{'flux': array([-0.11138413, -0.11136277, -0.11134145, ...,  1.2307365 ,
        1.2307365 ,  1.2307365 ], dtype=float32), 'ivar': array([0., 0., 0., ..., 0., 0., 0.], dtype=float32), 'lsf_sigma': array([0.       , 0.       , 0.       , ..., 0.7368025, 0.7368025,
       0.7368025], dtype=float32), 'lambda': array([ 3.7992686e+03,  3.8001436e+03,  3.8010186e+03, ...,
       -1.0000000e+00, -1.0000000e+00, -1.0000000e+00], dtype=float32), 'mask': array([ True,  True,  True, ...,  True,  True,  True])}",262.3357,52.95227,0.5274746,0.00020417263,False,0.043552205,0.32388088,2.0409112,6.131998,11.293535,1.2810838,4.7092338,3.3769279,1.6308998,0.49377942,0.03037797,0.30533642,2.0662255,6.4617863,10.867499,3.1201751,4.8240495,3.766461,1.9804801,1.0679232,b'   1759884957829851136'
"{'flux': array([-5.689712 , -5.688559 , -5.687407 , ...,  2.3361084,  2.3361084,
        2.3361084], dtype=float32), 'ivar': array([0., 0., 0., ..., 0., 0., 0.], dtype=float32), 'lsf_sigma': array([0.       , 0.       , 0.       , ..., 0.7438398, 0.7438398,
       0.7438398], dtype=float32), 'lambda': array([ 3.7992686e+03,  3.8001436e+03,  3.8010186e+03, ...,
       -1.0000000e+00, -1.0000000e+00, -1.0000000e+00], dtype=float32), 'mask': array([ True,  True,  True, ...,  True,  True,  True])}",49.822376,18.438368,0.103113756,5.0326056e-05,False,0.8898787,6.4571548,16.19041,24.716425,34.79932,1.2810838,4.7092338,3.3769279,1.6308998,0.49377942,1.6882919,6.4761014,16.100748,24.430218,33.311768,3.1201751,4.8240495,3.766461,1.9804801,1.0679232,b'   1759885232707758080'
"{'flux': array([1.459441 , 1.4591521, 1.458864 , ..., 0.8083298, 0.8083298,
       0.8083298], dtype=float32), 'ivar': array([0., 0., 0., ..., 0., 0., 0.], dtype=float32), 'lsf_sigma': array([0., 0., 0., ..., 0., 0., 0.], dtype=float32), 'lambda': array([ 3.7992686e+03,  3.8001436e+03,  3.8010186e+03, ...,
       -1.0000000e+00, -1.0000000e+00, -1.0000000e+00], dtype=float32), 'mask': array([ True,  True,  True, ...,  True,  True,  True])}",76.95356,43.700516,0.0719249,2.419974e-05,False,1.8892422,5.4908853,11.0762615,16.370205,19.39463,1.2810838,4.7092338,3.3769279,1.6308998,0.49377942,1.890506,5.4557548,10.973041,16.11237,19.505428,3.1201751,4.8240495,3.766461,1.9804801,1.0679232,b'   1759885507585665024'
"{'flux': array([ 1.8098571,  1.8095187,  1.8091812, ..., -1.1300532, -1.1300532,
       -1.1300532], dtype=float32), 'ivar': array([0., 0., 0., ..., 0., 0., 0.], dtype=float32), 'lsf_sigma': array([0., 0., 0., ..., 0., 0., 0.], dtype=float32), 'lambda': array([ 3.7992686e+03,  3.8001436e+03,  3.8010186e+03, ...,
       -1.0000000e+00, -1.0000000e+00, -1.0000000e+00], dtype=float32), 'mask': array([ True,  True,  True, ...,  True,  True,  True])}",104.4049,23.435835,0.1633724,1.6821923e-05,False,2.2170842,4.6352067,9.913311,15.242956,19.427216,1.2810838,4.7092338,3.3769279,1.6308998,0.49377942,2.2892137,4.564917,9.912492,15.024754,19.25969,3.1201751,4.8240495,3.766461,1.9804801,1.0679232,b'   1759885782463571968'
"{'flux': array([0.57811165, 0.57801   , 0.57790846, ..., 4.814059  , 4.814059  ,
       4.814059  ], dtype=float32), 'ivar': array([0., 0., 0., ..., 0., 0., 0.], dtype=float32), 'lsf_sigma': array([0.        , 0.        , 0.        , ..., 0.73169446, 0.73169446,
       0.73169446], dtype=float32), 'lambda': array([ 3.7992686e+03,  3.8001436e+03,  3.8010186e+03, ...,
       -1.0000000e+00, -1.0000000e+00, -1.0000000e+00], dtype=float32), 'mask': array([ True,  True,  True, ...,  True,  True,  True])}",0.0,59.753094,0.065338746,1.2918334e-05,False,0.9641408,2.9534082,5.4226522,7.7466807,8.738023,1.2810838,4.7092338,3.3769279,1.6308998,0.49377942,0.5265132,2.9478273,5.369122,7.598494,8.706014,3.1201751,4.8240495,3.766461,1.9804801,1.0679232,b'   1759886057341478912'
"{'flux': array([-0.8737879, -0.873624 , -0.8734604, ...,  0.6950319,  0.6950319,
        0.6950319], dtype=float32), 'ivar': array([0., 0., 0., ..., 0., 0., 0.], dtype=float32), 'lsf_sigma': array([0.       , 0.       , 0.       , ..., 0.7516325, 0.7516325,
       0.7516325], dtype=float32), 'lambda': array([ 3.7992686e+03,  3.8001436e+03,  3.8010186e+03, ...,
       -1.0000000e+00, -1.0000000e+00, -1.0000000e+00], dtype=float32), 'mask': array([ True,  True,  True, ...,  True,  True,  True])}",850.0,-3.0,0.5308801,0.00016698349,False,-0.058446385,0.5951424,4.600816,13.709738,24.72976,1.2810838,4.7092338,3.3769279,1.6308998,0.49377942,0.014480787,0.5710435,4.569737,13.412925,22.906736,3.1201751,4.8240495,3.766461,1.9804801,1.0679232,b'   1759886332219385856'
"{'flux': array([1.5760266, 1.5757167, 1.5754075, ..., 3.3168466, 3.3168466,
       3.3168466], dtype=float32), 'ivar': array([0., 0., 0., ..., 0., 0., 0.], dtype=float32), 'lsf_sigma': array([0.        , 0.        , 0.        , ..., 0.73788613, 0.73788613,
       0.73788613], dtype=float32), 'lambda': array([ 3.7992686e+03,  3.8001436e+03,  3.8010186e+03, ...,
       -1.0000000e+00, -1.0000000e+00, -1.0000000e+00], dtype=float32), 'mask': array([ True,  True,  True, ...,  True,  True,  True])}",165.98717,34.24468,0.18977374,3.7765898e-05,False,1.468579,4.477399,14.316013,24.901308,35.397686,1.2810838,4.7092338,3.3769279,1.6308998,0.49377942,1.8244367,4.415768,14.23259,24.54099,34.43213,3.1201751,4.8240495,3.766461,1.9804801,1.0679232,b'   1759886881975199744'
"{'flux': array([-1.5610349, -1.5607407, -1.560447 , ...,  3.7367365,  3.7367365,
        3.7367365], dtype=float32), 'ivar': array([0., 0., 0., ..., 0., 0., 0.], dtype=float32), 'lsf_sigma': array([0.        , 0.        , 0.        , ..., 0.74381834, 0.74381834,
       0.74381834], dtype=float32), 'lambda': array([ 3.7992686e+03,  3.8001436e+03,  3.8010186e+03, ...,
       -1.0000000e+00, -1.0000000e+00, -1.0000000e+00], dtype=float32), 'mask': array([ True,  True,  True, ...,  True,  True,  True])}",247.40103,30.491405,0.35937822,7.028769e-05,False,-0.12409327,1.7708642,11.88013,23.457767,36.021465,1.2810838,4.7092338,3.3769279,1.6308998,0.49377942,0.27280852,1.7306441,11.672758,23.097115,34.572,3.1201751,4.8240495,3.766461,1.9804801,1.0679232,b'   1759887431731013632'
"{'flux': array([-0.48347482, -0.48338893, -0.48330322, ...,  1.2920452 ,
        1.2920452 ,  1.2920452 ], dtype=float32), 'ivar': array([0., 0., 0., ..., 0., 0., 0.], dtype=float32), 'lsf_sigma': array([0.       , 0.       , 0.       , ..., 0.8039218, 0.8039218,
       0.8039218], dtype=float32), 'lambda': array([ 3.7992686e+03,  3.8001436e+03,  3.8010186e+03, ...,
       -1.0000000e+00, -1.0000000e+00, -1.0000000e+00], dtype=float32), 'mask': array([ True,  True,  True, ...,  True,  True,  True])}",156.23848,39.666714,0.19730657,5.8916237e-05,False,0.76008457,2.8792722,8.813827,14.00687,18.49883,1.2810838,4.7092338,3.3769279,1.6308998,0.49377942,0.8984441,2.853322,8.597491,13.740193,17.613598,3.1201751,4.8240495,3.766461,1.9804801,1.0679232,b'   1759887706608920576'
"{'flux': array([0.01985554, 0.01985185, 0.01984816, ..., 1.2979015 , 1.2979015 ,
       1.2979015 ], dtype=float32), 'ivar': array([0., 0., 0., ..., 0., 0., 0.], dtype=float32), 'lsf_sigma': array([0., 0., 0., ..., 0., 0., 0.], dtype=float32), 'lambda': array([ 3.7992686e+03,  3.8001436e+03,  3.8010186e+03, ...,
       -1.0000000e+00, -1.0000000e+00, -1.0000000e+00], dtype=float32), 'mask': array([ True,  True,  True, ...,  True,  True,  True])}",79.55878,40.831474,0.19076215,8.188693e-06,False,2.5892808,5.850554,13.150728,21.11156,26.442776,1.2810838,4.7092338,3.3769279,1.6308998,0.49377942,3.347101,5.8306074,12.972153,20.852156,25.753767,3.1201751,4.8240495,3.766461,1.9804801,1.0679232,b'   1759888256364734464'
"{'flux': array([3.274767 , 3.2741685, 3.2735717, ..., 1.78915  , 1.78915  ,
       1.78915  ], dtype=float32), 'ivar': array([0., 0., 0., ..., 0., 0., 0.], dtype=float32), 'lsf_sigma': array([0., 0., 0., ..., 0., 0., 0.], dtype=float32), 'lambda': array([ 3.7992686e+03,  3.8001436e+03,  3.8010186e+03, ...,
       -1.0000000e+00, -1.0000000e+00, -1.0000000e+00], dtype=float32), 'mask': array([ True,  True,  True, ...,  True,  True,  True])}",0.0,46.053894,0.17308064,6.397982e-05,False,1.6980542,3.47673,11.863778,19.423872,27.762606,1.2810838,4.7092338,3.3769279,1.6308998,0.49377942,1.0214163,3.4783108,11.652468,19.321964,27.180374,3.1201751,4.8240495,3.766461,1.9804801,1.0679232,b'   1759888531242641408'
"{'flux': array([ 1.892157 ,  1.8917593,  1.8913623, ..., 11.051784 , 11.051784 ,
       11.051784 ], dtype=float32), 'ivar': array([0., 0., 0., ..., 0., 0., 0.], dtype=float32), 'lsf_sigma': array([0.        , 0.        , 0.        , ..., 0.72060657, 0.72060657,
       0.72060657], dtype=float32), 'lambda': array([ 3.7992686e+03,  3.8001436e+03,  3.8010186e+03, ...,
       -1.0000000e+00, -1.0000000e+00, -1.0000000e+00], dtype=float32), 'mask': array([ True,  True,  True, ...,  True,  True,  True])}",127.36665,17.758057,0.13774696,2.542885e-05,False,2.469429,7.6058326,22.063822,36.853863,52.739166,1.2810838,4.7092338,3.3769279,1.6308998,0.49377942,2.6707315,7.5960946,21.855577,36.572674,51.95454,3.1201751,4.8240495,3.766461,1.9804801,1.0679232,b'   1759888806120548352'
"{'flux': array([0.6031875 , 0.60307413, 0.602961  , ..., 1.2033097 , 1.2033097 ,
       1.2033097 ], dtype=float32), 'ivar': array([0., 0., 0., ..., 0., 0., 0.], dtype=float32), 'lsf_sigma': array([0.        , 0.        , 0.        , ..., 0.72065824, 0.72065824,
       0.72065824], dtype=float32), 'lambda': array([ 3.7992686e+03,  3.8001436e+03,  3.8010186e+03, ...,
       -1.0000000e+00, -1.0000000e+00, -1.0000000e+00], dtype=float32), 'mask': array([ True,  True,  True, ...,  True,  True,  True])}",161.7849,17.614887,0.2674518,6.2323175e-05,False,0.72807825,2.6374145,12.855555,23.800055,34.158512,1.2810838,4.7092338,3.3769279,1.6308998,0.49377942,0.7566548,2.6056964,12.71242,23.366215,33.298183,3.1201751,4.8240495,3.766461,1.9804801,1.0679232,b'   1759889080998455296'
"{'flux': array([0.79410446, 0.79394567, 0.7937872 , ..., 6.5834427 , 6.5834427 ,
       6.5834427 ], dtype=float32), 'ivar': array([0., 0., 0., ..., 0., 0., 0.], dtype=float32), 'lsf_sigma': array([0.        , 0.        , 0.        , ..., 0.73969316, 0.73969316,
       0.73969316], dtype=float32), 'lambda': array([ 3.7992686e+03,  3.8001436e+03,  3.8010186e+03, ...,
       -1.0000000e+00, -1.0000000e+00, -1.0000000e+00], dtype=float32), 'mask': array([ True,  True,  True, ...,  True,  True,  True])}",271.89114,20.326578,0.28796753,6.330748e-05,False,0.8615397,3.9817438,19.75968,37.589226,55.69865,1.2810838,4.7092338,3.3769279,1.6308998,0.49377942,1.1623349,3.9235864,19.673096,37.247936,54.265835,3.1201751,4.8240495,3.766461,1.9804801,1.0679232,b'   1759889355876362240'
"{'flux': array([3.0405061, 3.0399027, 3.0393   , ..., 2.2245684, 2.2245684,
       2.2245684], dtype=float32), 'ivar': array([0., 0., 0., ..., 0., 0., 0.], dtype=float32), 'lsf_sigma': array([0.        , 0.        , 0.        , ..., 0.73564464, 0.73564464,
       0.73564464], dtype=float32), 'lambda': array([ 3.7992686e+03,  3.8001436e+03,  3.8010186e+03, ...,
       -1.0000000e+00, -1.0000000e+00, -1.0000000e+00], dtype=float32), 'mask': array([ True,  True,  True, ...,  True,  True,  True])}",111.64558,19.295322,0.13774227,5.9248243e-05,False,1.7639058,4.729342,13.368984,20.942385,29.067324,1.2810838,4.7092338,3.3769279,1.6308998,0.49377942,1.4867693,4.700573,13.162402,20.260294,27.412933,3.1201751,4.8240495,3.766461,1.9804801,1.0679232,b'   1759889630754269184'
"{'flux': array([-2.5201173, -2.5196385, -2.5191603, ...,  2.2013898,  2.2013898,
        2.2013898], dtype=float32), 'ivar': array([0., 0., 0., ..., 0., 0., 0.], dtype=float32), 'lsf_sigma': array([0.       , 0.       , 0.       , ..., 0.7500309, 0.7500309,
       0.7500309], dtype=float32), 'lambda': array([ 3.7992686e+03,  3.8001436e+03,  3.8010186e+03, ...,
       -1.0000000e+00, -1.0000000e+00, -1.0000000e+00], dtype=float32), 'mask': array([ True,  True,  True, ...,  True,  True,  True])}",245.8859,29.151201,0.35584933,7.151453e-05,False,0.14988053,2.4754384,14.314486,27.537916,40.677303,1.2810838,4.7092338,3.3769279,1.6308998,0.49377942,0.6560578,2.4303648,14.171605,27.410028,40.19343,3.1201751,4.8240495,3.766461,1.9804801,1.0679232,b'   1759889905632176128'
"{'flux': array([-1.2384074, -1.2381694, -1.2379318, ...,  2.1984959,  2.1984959,
        2.1984959], dtype=float32), 'ivar': array([0., 0., 0., ..., 0., 0., 0.], dtype=float32), 'lsf_sigma': array([0.        , 0.        , 0.        , ..., 0.80439025, 0.80439025,
       0.80439025], dtype=float32), 'lambda': array([ 3.7992686e+03,  3.8001436e+03,  3.8010186e+03, ...,
       -1.0000000e+00, -1.0000000e+00, -1.0000000e+00], dtype=float32), 'mask': array([ True,  True,  True, ...,  True,  True,  True])}",123.06926,18.066126,0.19149993,6.124238e-05,False,0.658135,4.267437,15.40665,25.042173,35.210938,1.2810838,4.7092338,3.3769279,1.6308998,0.49377942,1.0378257,4.247992,15.107856,24.616137,33.0394,3.1201751,4.8240495,3.766461,1.9804801,1.0679232,b'   1759890180510083072'
"{'flux': array([0.517094  , 0.51699823, 0.51690257, ..., 2.2802613 , 2.2802613 ,
       2.2802613 ], dtype=float32), 'ivar': array([0., 0., 0., ..., 0., 0., 0.], dtype=float32), 'lsf_sigma': array([0.       , 0.       , 0.       , ..., 0.8044232, 0.8044232,
       0.8044232], dtype=float32), 'lambda': array([ 3.7992686e+03,  3.8001436e+03,  3.8010186e+03, ...,
       -1.0000000e+00, -1.0000000e+00, -1.0000000e+00], dtype=float32), 'mask': array([ True,  True,  True, ...,  True,  True,  True])}",134.71498,16.504057,0.2076783,5.2004434e-05,False,1.2008861,3.917866,13.151247,23.196592,33.35047,1.2810838,4.7092338,3.3769279,1.6308998,0.49377942,1.52884,3.8644345,13.088371,22.640196,31.9257,3.1201751,4.8240495,3.766461,1.9804801,1.0679232,b'   1759890455387990016'
"{'flux': array([-1.723181 , -1.7228502, -1.7225199, ...,  1.7396958,  1.7396958,
        1.7396958], dtype=float32), 'ivar': array([0., 0., 0., ..., 0., 0., 0.], dtype=float32), 'lsf_sigma': array([0., 0., 0., ..., 0., 0., 0.], dtype=float32), 'lambda': array([ 3.7992686e+03,  3.8001436e+03,  3.8010186e+03, ...,
       -1.0000000e+00, -1.0000000e+00, -1.0000000e+00], dtype=float32), 'mask': array([ True,  True,  True, ...,  True,  True,  True])}",117.364204,23.872622,0.19441256,6.388228e-05,False,0.81934047,3.340723,12.477264,21.45331,30.97252,1.2810838,4.7092338,3.3769279,1.6308998,0.49377942,1.1380196,3.3413267,12.257899,20.924454,29.430841,3.1201751,4.8240495,3.766461,1.9804801,1.0679232,b'   1759890730265896960'
"{'flux': array([ 0.48441863,  0.4843206 ,  0.4842228 , ..., -0.8274633 ,
       -0.8274633 , -0.8274633 ], dtype=float32), 'ivar': array([0., 0., 0., ..., 0., 0., 0.], dtype=float32), 'lsf_sigma': array([0., 0., 0., ..., 0., 0., 0.], dtype=float32), 'lambda': array([ 3.7992686e+03,  3.8001436e+03,  3.8010186e+03, ...,
       -1.0000000e+00, -1.0000000e+00, -1.0000000e+00], dtype=float32), 'mask': array([ True,  True,  True, ...,  True,  True,  True])}",0.0,36.75491,0.005477409,6.8707973e-06,False,2.692138,4.2149386,6.2234144,7.632359,9.217395,1.2810838,4.7092338,3.3769279,1.6308998,0.49377942,2.7984405,4.2228503,6.0162783,7.415879,8.43512,3.1201751,4.8240495,3.766461,1.9804801,1.0679232,b'   1759891280021710848'
"{'flux': array([2.3538327 , 2.353385  , 2.352938  , ..., 0.52131385, 0.52131385,
       0.52131385], dtype=float32), 'ivar': array([0., 0., 0., ..., 0., 0., 0.], dtype=float32), 'lsf_sigma': array([0.        , 0.        , 0.        , ..., 0.72105545, 0.72105545,
       0.72105545], dtype=float32), 'lambda': array([ 3.7992686e+03,  3.8001436e+03,  3.8010186e+03, ...,
       -1.0000000e+00, -1.0000000e+00, -1.0000000e+00], dtype=float32), 'mask': array([ True,  True,  True, ...,  True,  True,  True])}",212.91058,39.46109,0.3589885,4.654483e-05,False,0.49291617,1.1568338,6.960874,14.30212,23.688967,1.2810838,4.7092338,3.3769279,1.6308998,0.49377942,0.3450265,1.0965431,6.831614,13.901377,22.068636,3.1201751,4.8240495,3.766461,1.9804801,1.0679232,b'   1759891554899617792'
"{'flux': array([ 4.2883635,  4.2873673,  4.2863727, ..., 16.25368  , 16.25368  ,
       16.25368  ], dtype=float32), 'ivar': array([0., 0., 0., ..., 0., 0., 0.], dtype=float32), 'lsf_sigma': array([0.       , 0.       , 0.       , ..., 0.7628895, 0.7628895,
       0.7628895], dtype=float32), 'lambda': array([ 3.7992686e+03,  3.8001436e+03,  3.8010186e+03, ...,
       -1.0000000e+00, -1.0000000e+00, -1.0000000e+00], dtype=float32), 'mask': array([ True,  True,  True, ...,  True,  True,  True])}",0.0,0.0,-1.380468e-06,1.7949878e-05,False,0.7471632,5.5445485,20.969755,52.232,84.16544,1.2810838,4.7092338,3.3769279,1.6308998,0.49377942,0.90246344,5.5019875,20.834213,52.253674,83.86906,3.1201751,4.8240495,3.766461,1.9804801,1.0679232,b'   1759891829777524736'
"{'flux': array([4.8485603, 4.8474245, 4.84629  , ..., 2.1685574, 2.1685574,
       2.1685574], dtype=float32), 'ivar': array([0., 0., 0., ..., 0., 0., 0.], dtype=float32), 'lsf_sigma': array([0.       , 0.       , 0.       , ..., 0.7658085, 0.7658085,
       0.7658085], dtype=float32), 'lambda': array([ 3.7992686e+03,  3.8001436e+03,  3.8010186e+03, ...,
       -1.0000000e+00, -1.0000000e+00, -1.0000000e+00], dtype=float32), 'mask': array([ True,  True,  True, ...,  True,  True,  True])}",0.0,47.038483,0.21968594,1.7261556e-05,False,2.1300395,4.537645,10.660101,16.367498,20.58263,1.2810838,4.7092338,3.3769279,1.6308998,0.49377942,2.178217,4.4874735,10.537273,16.317162,20.348534,3.1201751,4.8240495,3.766461,1.9804801,1.0679232,b'   1759892379533338624'
"{'flux': array([0.8148115 , 0.8146357 , 0.81446016, ..., 1.3861545 , 1.3861545 ,
       1.3861545 ], dtype=float32), 'ivar': array([0., 0., 0., ..., 0., 0., 0.], dtype=float32), 'lsf_sigma': array([0.       , 0.       , 0.       , ..., 0.7651144, 0.7651144,
       0.7651144], dtype=float32), 'lambda': array([ 3.7992686e+03,  3.8001436e+03,  3.8010186e+03, ...,
       -1.0000000e+00, -1.0000000e+00, -1.0000000e+00], dtype=float32), 'mask': array([ True,  True,  True, ...,  True,  True,  True])}",126.32576,51.720654,0.12740424,1.5360492e-05,False,1.6360147,3.8784316,7.4663296,10.3651705,12.837384,1.2810838,4.7092338,3.3769279,1.6308998,0.49377942,1.0142869,3.8766246,7.3798738,10.364061,12.566292,3.1201751,4.8240495,3.766461,1.9804801,1.0679232,b'   1759892654411245568'
"{'flux': array([1.4712574, 1.4709587, 1.4706606, ..., 3.183846 , 3.183846 ,
       3.183846 ], dtype=float32), 'ivar': array([0., 0., 0., ..., 0., 0., 0.], dtype=float32), 'lsf_sigma': array([0.       , 0.       , 0.       , ..., 0.7660425, 0.7660425,
       0.7660425], dtype=float32), 'lambda': array([ 3.7992686e+03,  3.8001436e+03,  3.8010186e+03, ...,
       -1.0000000e+00, -1.0000000e+00, -1.0000000e+00], dtype=float32), 'mask': array([ True,  True,  True, ...,  True,  True,  True])}",158.62024,28.920517,0.12810849,6.071669e-05,False,1.2448345,3.6264303,11.593786,20.55481,30.505241,1.2810838,4.7092338,3.3769279,1.6308998,0.49377942,1.2627864,3.601715,11.502219,20.386335,30.621084,3.1201751,4.8240495,3.766461,1.9804801,1.0679232,b'   1759892929289152512'
"{'flux': array([2.8120668, 2.8114645, 2.810863 , ..., 4.0163813, 4.0163813,
       4.0163813], dtype=float32), 'ivar': array([0., 0., 0., ..., 0., 0., 0.], dtype=float32), 'lsf_sigma': array([0.        , 0.        , 0.        , ..., 0.77236414, 0.77236414,
       0.77236414], dtype=float32), 'lambda': array([ 3.7992686e+03,  3.8001436e+03,  3.8010186e+03, ...,
       -1.0000000e+00, -1.0000000e+00, -1.0000000e+00], dtype=float32), 'mask': array([ True,  True,  True, ...,  True,  True,  True])}",193.12321,19.039188,0.24664393,5.9368605e-05,False,0.711722,3.9284868,17.674124,32.865025,46.19422,1.2810838,4.7092338,3.3769279,1.6308998,0.49377942,1.1081725,3.8522422,17.765982,32.52532,46.60654,3.1201751,4.8240495,3.766461,1.9804801,1.0679232,b'   1759893204167059456'
"{'flux': array([ 3.521474  ,  3.5206363 ,  3.5198002 , ..., -0.08806314,
       -0.08806314, -0.08806314], dtype=float32), 'ivar': array([0., 0., 0., ..., 0., 0., 0.], dtype=float32), 'lsf_sigma': array([0.        , 0.        , 0.        , ..., 0.77238697, 0.77238697,
       0.77238697], dtype=float32), 'lambda': array([ 3.7992686e+03,  3.8001436e+03,  3.8010186e+03, ...,
       -1.0000000e+00, -1.0000000e+00, -1.0000000e+00], dtype=float32), 'mask': array([ True,  True,  True, ...,  True,  True,  True])}",460.6203,196.20459,0.19803955,1.6311367e-05,False,1.3859016,3.563708,7.507021,10.390182,12.771538,1.2810838,4.7092338,3.3769279,1.6308998,0.49377942,1.1387757,3.5511358,7.4229727,10.580279,12.0680065,3.1201751,4.8240495,3.766461,1.9804801,1.0679232,b'   1759893479044966400'
"{'flux': array([4.1520557, 4.1511693, 4.1502843, ..., 1.8903801, 1.8903801,
       1.8903801], dtype=float32), 'ivar': array([0., 0., 0., ..., 0., 0., 0.], dtype=float32), 'lsf_sigma': array([0., 0., 0., ..., 0., 0., 0.], dtype=float32), 'lambda': array([ 3.7992686e+03,  3.8001436e+03,  3.8010186e+03, ...,
       -1.0000000e+00, -1.0000000e+00, -1.0000000e+00], dtype=float32), 'mask': array([ True,  True,  True, ...,  True,  True,  True])}",98.40259,30.250666,0.12794825,8.063681e-06,False,3.5827856,7.761711,14.40565,21.126274,23.835173,1.2810838,4.7092338,3.3769279,1.6308998,0.49377942,2.5873415,7.743444,14.544428,20.965624,24.55481,3.1201751,4.8240495,3.766461,1.9804801,1.0679232,b'   1759893753922873344'
"{'flux': array([2.9309454, 2.9302764, 2.929608 , ..., 1.5254394, 1.5254394,
       1.5254394], dtype=float32), 'ivar': array([0., 0., 0., ..., 0., 0., 0.], dtype=float32), 'lsf_sigma': array([0., 0., 0., ..., 0., 0., 0.], dtype=float32), 'lambda': array([ 3.7992686e+03,  3.8001436e+03,  3.8010186e+03, ...,
       -1.0000000e+00, -1.0000000e+00, -1.0000000e+00], dtype=float32), 'mask': array([ True,  True,  True, ...,  True,  True,  True])}",60.180264,22.245836,0.15874827,1.9233023e-05,False,2.9959831,7.5161185,16.869247,25.225533,32.052063,1.2810838,4.7092338,3.3769279,1.6308998,0.49377942,3.458119,7.4731326,16.692602,25.19158,32.058327,3.1201751,4.8240495,3.766461,1.9804801,1.0679232,b'   1759894028800780288'
"{'flux': array([ 0.7052975 ,  0.705131  ,  0.70496476, ..., -0.02135611,
       -0.02135611, -0.02135611], dtype=float32), 'ivar': array([0., 0., 0., ..., 0., 0., 0.], dtype=float32), 'lsf_sigma': array([0.        , 0.        , 0.        , ..., 0.76334363, 0.76334363,
       0.76334363], dtype=float32), 'lambda': array([ 3.7992686e+03,  3.8001436e+03,  3.8010186e+03, ...,
       -1.0000000e+00, -1.0000000e+00, -1.0000000e+00], dtype=float32), 'mask': array([ True,  True,  True, ...,  True,  True,  True])}",156.32483,56.799763,0.45493087,0.0001125281,False,0.379481,1.3043677,6.570399,12.481466,17.609758,1.2810838,4.7092338,3.3769279,1.6308998,0.49377942,0.38190532,1.3065789,6.4294095,12.643595,18.35772,3.1201751,4.8240495,3.766461,1.9804801,1.0679232,b'   1759894578556594176'
"{'flux': array([-0.23025262, -0.23020236, -0.23015219, ...,  0.5286788 ,
        0.5286788 ,  0.5286788 ], dtype=float32), 'ivar': array([0., 0., 0., ..., 0., 0., 0.], dtype=float32), 'lsf_sigma': array([0.        , 0.        , 0.        , ..., 0.76336306, 0.76336306,
       0.76336306], dtype=float32), 'lambda': array([ 3.7992686e+03,  3.8001436e+03,  3.8010186e+03, ...,
       -1.0000000e+00, -1.0000000e+00, -1.0000000e+00], dtype=float32), 'mask': array([ True,  True,  True, ...,  True,  True,  True])}",598.41956,171.53801,0.58590025,0.00019763072,False,0.066482626,0.22439118,2.0386698,6.973243,11.330611,1.2810838,4.7092338,3.3769279,1.6308998,0.49377942,0.0050047417,0.20869635,2.0311708,6.9755154,12.274222,3.1201751,4.8240495,3.766461,1.9804801,1.0679232,b'   1759894853434501120'
"{'flux': array([0.7942628 , 0.7940769 , 0.79389125, ..., 0.16768236, 0.16768236,
       0.16768236], dtype=float32), 'ivar': array([0., 0., 0., ..., 0., 0., 0.], dtype=float32), 'lsf_sigma': array([0.        , 0.        , 0.        , ..., 0.76910245, 0.76910245,
       0.76910245], dtype=float32), 'lambda': array([ 3.7992686e+03,  3.8001436e+03,  3.8010186e+03, ...,
       -1.0000000e+00, -1.0000000e+00, -1.0000000e+00], dtype=float32), 'mask': array([ True,  True,  True, ...,  True,  True,  True])}",215.55756,50.401512,0.45600492,0.0002065345,False,0.19663967,0.6208875,4.104398,10.233364,15.9602585,1.2810838,4.7092338,3.3769279,1.6308998,0.49377942,0.062418617,0.58921146,4.1388016,10.101297,16.38351,3.1201751,4.8240495,3.766461,1.9804801,1.0679232,b'   1759895128312408064'
"{'flux': array([9.62948 , 9.627352, 9.625226, ..., 6.985513, 6.985513, 6.985513],
      dtype=float32), 'ivar': array([0., 0., 0., ..., 0., 0., 0.], dtype=float32), 'lsf_sigma': array([0.       , 0.       , 0.       , ..., 0.7656819, 0.7656819,
       0.7656819], dtype=float32), 'lambda': array([ 3.7992686e+03,  3.8001436e+03,  3.8010186e+03, ...,
       -1.0000000e+00, -1.0000000e+00, -1.0000000e+00], dtype=float32), 'mask': array([ True,  True,  True, ...,  True,  True,  True])}",174.7308,14.703671,0.21821523,4.911459e-05,False,0.65121055,4.6639147,18.631649,32.80941,45.880627,1.2810838,4.7092338,3.3769279,1.6308998,0.49377942,1.3530053,4.5989885,18.649998,32.53049,45.471367,3.1201751,4.8240495,3.766461,1.9804801,1.0679232,b'   1759895403190315008'
"{'flux': array([ 0.7619384 ,  0.7617706 ,  0.7616031 , ..., -0.21593867,
       -0.21593867, -0.21593867], dtype=float32), 'ivar': array([0., 0., 0., ..., 0., 0., 0.], dtype=float32), 'lsf_sigma': array([0.       , 0.       , 0.       , ..., 0.7644217, 0.7644217,
       0.7644217], dtype=float32), 'lambda': array([ 3.7992686e+03,  3.8001436e+03,  3.8010186e+03, ...,
       -1.0000000e+00, -1.0000000e+00, -1.0000000e+00], dtype=float32), 'mask': array([ True,  True,  True, ...,  True,  True,  True])}",77.17989,63.419205,0.1975278,7.360443e-05,False,0.14189416,1.8707414,5.618519,8.906411,10.159977,1.2810838,4.7092338,3.3769279,1.6308998,0.49377942,0.4558943,1.8544044,5.6770525,8.650953,10.009457,3.1201751,4.8240495,3.766461,1.9804801,1.0679232,b'   1759895678068221952'
"{'flux': array([0.5550404, 0.5549093, 0.5547784, ..., 3.1892982, 3.1892982,
       3.1892982], dtype=float32), 'ivar': array([0., 0., 0., ..., 0., 0., 0.], dtype=float32), 'lsf_sigma': array([0.        , 0.        , 0.        , ..., 0.77273774, 0.77273774,
       0.77273774], dtype=float32), 'lambda': array([ 3.7992686e+03,  3.8001436e+03,  3.8010186e+03, ...,
       -1.0000000e+00, -1.0000000e+00, -1.0000000e+00], dtype=float32), 'mask': array([ True,  True,  True, ...,  True,  True,  True])}",110.56669,15.329088,0.18178645,3.1072246e-05,False,1.9194862,6.6424775,19.26522,30.907093,40.17098,1.2810838,4.7092338,3.3769279,1.6308998,0.49377942,2.430646,6.600091,19.185772,30.59044,40.519062,3.1201751,4.8240495,3.766461,1.9804801,1.0679232,b'   1759895952946128896'
"{'flux': array([0.94085443, 0.9406485 , 0.9404428 , ..., 2.423184  , 2.423184  ,
       2.423184  ], dtype=float32), 'ivar': array([0., 0., 0., ..., 0., 0., 0.], dtype=float32), 'lsf_sigma': array([0.        , 0.        , 0.        , ..., 0.77281165, 0.77281165,
       0.77281165], dtype=float32), 'lambda': array([ 3.7992686e+03,  3.8001436e+03,  3.8010186e+03, ...,
       -1.0000000e+00, -1.0000000e+00, -1.0000000e+00], dtype=float32), 'mask': array([ True,  True,  True, ...,  True,  True,  True])}",65.77702,26.358213,0.13512728,1.2272989e-05,False,3.0804865,6.8053246,15.1005945,22.529451,27.32938,1.2810838,4.7092338,3.3769279,1.6308998,0.49377942,2.5613494,6.7808185,15.105007,22.437853,27.723148,3.1201751,4.8240495,3.766461,1.9804801,1.0679232,b'   1759896502701942784'
"{'flux': array([1.6228883, 1.6225486, 1.6222097, ..., 0.3853518, 0.3853518,
       0.3853518], dtype=float32), 'ivar': array([0., 0., 0., ..., 0., 0., 0.], dtype=float32), 'lsf_sigma': array([0.      , 0.      , 0.      , ..., 0.772849, 0.772849, 0.772849],
      dtype=float32), 'lambda': array([ 3.7992686e+03,  3.8001436e+03,  3.8010186e+03, ...,
       -1.0000000e+00, -1.0000000e+00, -1.0000000e+00], dtype=float32), 'mask': array([ True,  True,  True, ...,  True,  True,  True])}",145.78465,56.105824,0.1975418,2.1447066e-05,False,2.9565349,4.723798,10.386394,15.82944,19.694399,1.2810838,4.7092338,3.3769279,1.6308998,0.49377942,2.3185325,4.6809297,10.2759495,15.740177,19.597864,3.1201751,4.8240495,3.766461,1.9804801,1.0679232,b'   1759896777579849728'
"{'flux': array([5.8726964, 5.871479 , 5.870263 , ..., 1.3875102, 1.3875102,
       1.3875102], dtype=float32), 'ivar': array([0., 0., 0., ..., 0., 0., 0.], dtype=float32), 'lsf_sigma': array([0.       , 0.       , 0.       , ..., 0.7251523, 0.7251523,
       0.7251523], dtype=float32), 'lambda': array([ 3.7992686e+03,  3.8001436e+03,  3.8010186e+03, ...,
       -1.0000000e+00, -1.0000000e+00, -1.0000000e+00], dtype=float32), 'mask': array([ True,  True,  True, ...,  True,  True,  True])}",43.24557,23.30248,0.1848652,1.17458585e-05,False,2.9468474,4.812709,10.01158,15.095902,18.032406,1.2810838,4.7092338,3.3769279,1.6308998,0.49377942,2.47905,4.810148,9.8913765,15.122014,18.254879,3.1201751,4.8240495,3.766461,1.9804801,1.0679232,b'   1759897327335663616'
"{'flux': array([2.202789 , 2.2023365, 2.201885 , ..., 1.71455  , 1.71455  ,
       1.71455  ], dtype=float32), 'ivar': array([0., 0., 0., ..., 0., 0., 0.], dtype=float32), 'lsf_sigma': array([0.       , 0.       , 0.       , ..., 0.7251844, 0.7251844,
       0.7251844], dtype=float32), 'lambda': array([ 3.7992686e+03,  3.8001436e+03,  3.8010186e+03, ...,
       -1.0000000e+00, -1.0000000e+00, -1.0000000e+00], dtype=float32), 'mask': array([ True,  True,  True, ...,  True,  True,  True])}",65.72098,23.613825,0.21851358,3.2651307e-05,False,1.6747175,3.5511,9.869805,15.805264,20.780926,1.2810838,4.7092338,3.3769279,1.6308998,0.49377942,1.5472703,3.5068061,9.794638,15.798783,20.963652,3.1201751,4.8240495,3.766461,1.9804801,1.0679232,b'   1759897602213570560'
"{'flux': array([ 0.88072526,  0.8805343 ,  0.88034356, ..., -0.23257574,
       -0.23257574, -0.23257574], dtype=float32), 'ivar': array([0., 0., 0., ..., 0., 0., 0.], dtype=float32), 'lsf_sigma': array([0.        , 0.        , 0.        , ..., 0.72841334, 0.72841334,
       0.72841334], dtype=float32), 'lambda': array([ 3.7992686e+03,  3.8001436e+03,  3.8010186e+03, ...,
       -1.0000000e+00, -1.0000000e+00, -1.0000000e+00], dtype=float32), 'mask': array([ True,  True,  True, ...,  True,  True,  True])}",43.32199,46.66687,0.063742265,5.0215418e-05,False,0.36213464,1.6018813,3.5508451,4.592749,4.834219,1.2810838,4.7092338,3.3769279,1.6308998,0.49377942,0.36178347,1.6010201,3.4411173,4.7663283,5.22554,3.1201751,4.8240495,3.766461,1.9804801,1.0679232,b'   1759897877091477504'
"{'flux': array([1.8310938, 1.8307235, 1.830354 , ..., 2.2091944, 2.2091944,
       2.2091944], dtype=float32), 'ivar': array([0., 0., 0., ..., 0., 0., 0.], dtype=float32), 'lsf_sigma': array([0.        , 0.        , 1.0514152 , ..., 0.72789896, 0.72789896,
       0.72789896], dtype=float32), 'lambda': array([ 3.7992686e+03,  3.8001436e+03,  3.8010186e+03, ...,
       -1.0000000e+00, -1.0000000e+00, -1.0000000e+00], dtype=float32), 'mask': array([ True,  True,  True, ...,  True,  True,  True])}",14.210191,36.11729,0.10307845,8.059348e-05,False,1.4299785,4.4536915,10.643951,15.236919,20.261475,1.2810838,4.7092338,3.3769279,1.6308998,0.49377942,1.4266185,4.445883,10.498369,15.45004,20.375551,3.1201751,4.8240495,3.766461,1.9804801,1.0679232,b'   1759898151969384448'
"{'flux': array([ 0.41325197,  0.41316196,  0.41307214, ..., -0.14488092,
       -0.14488092, -0.14488092], dtype=float32), 'ivar': array([0., 0., 0., ..., 0., 0., 0.], dtype=float32), 'lsf_sigma': array([0.       , 0.       , 1.0514542, ..., 0.7277461, 0.7277461,
       0.7277461], dtype=float32), 'lambda': array([ 3.7992686e+03,  3.8001436e+03,  3.8010186e+03, ...,
       -1.0000000e+00, -1.0000000e+00, -1.0000000e+00], dtype=float32), 'mask': array([ True,  True,  True, ...,  True,  True,  True])}",93.76876,39.199677,0.60863644,0.0003364502,True,-0.119678624,0.14888112,1.1809545,3.894362,6.6767817,1.2810838,4.7092338,3.3769279,1.6308998,0.49377942,-0.03826281,0.13712132,1.2020184,3.953783,6.594404,3.1201751,4.8240495,3.766461,1.9804801,1.0679232,b'   1759898426847291392'
"{'flux': array([1.9861894 , 1.9857861 , 1.9853836 , ..., 0.02567435, 0.02567435,
       0.02567435], dtype=float32), 'ivar': array([0., 0., 0., ..., 0., 0., 0.], dtype=float32), 'lsf_sigma': array([0.        , 0.        , 1.0515181 , ..., 0.73926055, 0.73926055,
       0.73926055], dtype=float32), 'lambda': array([ 3.7992686e+03,  3.8001436e+03,  3.8010186e+03, ...,
       -1.0000000e+00, -1.0000000e+00, -1.0000000e+00], dtype=float32), 'mask': array([ True,  True,  True, ...,  True,  True,  True])}",525.64044,139.3942,0.43377936,0.00025753814,False,-0.18548805,0.5650407,3.779945,9.490039,16.020739,1.2810838,4.7092338,3.3769279,1.6308998,0.49377942,0.043577008,0.54331416,3.8122227,9.334661,15.616544,3.1201751,4.8240495,3.766461,1.9804801,1.0679232,b'   1759898701725198336'
"{'flux': array([-0.07399578, -0.0739801 , -0.07396445, ..., -0.7033271 ,
       -0.7033271 , -0.7033271 ], dtype=float32), 'ivar': array([0., 0., 0., ..., 0., 0., 0.], dtype=float32), 'lsf_sigma': array([0.       , 0.       , 1.1782079, ..., 0.7392865, 0.7392865,
       0.7392865], dtype=float32), 'lambda': array([ 3.7992686e+03,  3.8001436e+03,  3.8010186e+03, ...,
       -1.0000000e+00, -1.0000000e+00, -1.0000000e+00], dtype=float32), 'mask': array([ True,  True,  True, ...,  True,  True,  True])}",172.9399,49.817894,0.6088756,0.00026117975,False,-0.12860748,0.12659469,0.87323153,2.9236503,4.9893007,1.2810838,4.7092338,3.3769279,1.6308998,0.49377942,-0.0022176127,0.11388964,0.8268603,2.9685655,5.285969,3.1201751,4.8240495,3.766461,1.9804801,1.0679232,b'   1759898976603105280'
"{'flux': array([1.2744213, 1.2741545, 1.2738885, ..., 0.3569518, 0.3569518,
       0.3569518], dtype=float32), 'ivar': array([0., 0., 0., ..., 0., 0., 0.], dtype=float32), 'lsf_sigma': array([0.       , 0.       , 1.1347015, ..., 0.       , 0.       ,
       0.       ], dtype=float32), 'lambda': array([ 3.7992686e+03,  3.8001436e+03,  3.8010186e+03, ...,
       -1.0000000e+00, -1.0000000e+00, -1.0000000e+00], dtype=float32), 'mask': array([ True,  True,  True, ...,  True,  True,  True])}",134.371,30.56364,0.21008696,8.81224e-05,False,0.96722674,2.6603386,10.6372385,17.89196,24.68342,1.2810838,4.7092338,3.3769279,1.6308998,0.49377942,0.9082957,2.6414485,10.563556,17.899836,24.345299,3.1201751,4.8240495,3.766461,1.9804801,1.0679232,b'   1759899251481012224'
"{'flux': array([0.39179274, 0.39171064, 0.39162865, ..., 5.432693  , 5.432693  ,
       5.432693  ], dtype=float32), 'ivar': array([0., 0., 0., ..., 0., 0., 0.], dtype=float32), 'lsf_sigma': array([0.      , 0.      , 1.122177, ..., 0.      , 0.      , 0.      ],
      dtype=float32), 'lambda': array([ 3.7992686e+03,  3.8001436e+03,  3.8010186e+03, ...,
       -1.0000000e+00, -1.0000000e+00, -1.0000000e+00], dtype=float32), 'mask': array([ True,  True,  True, ...,  True,  True,  True])}",76.116776,20.59934,0.16915298,1.15410585e-05,False,2.761694,7.065058,19.402933,32.79888,42.8567,1.2810838,4.7092338,3.3769279,1.6308998,0.49377942,3.4314663,7.01754,19.539871,32.75131,43.942547,3.1201751,4.8240495,3.766461,1.9804801,1.0679232,b'   1759899526358919168'
"{'flux': array([0.8676409, 0.867467 , 0.8672934, ..., 1.2522484, 1.2522484,
       1.2522484], dtype=float32), 'ivar': array([0., 0., 0., ..., 0., 0., 0.], dtype=float32), 'lsf_sigma': array([0.       , 0.       , 1.1731881, ..., 0.       , 0.       ,
       0.       ], dtype=float32), 'lambda': array([ 3.7992686e+03,  3.8001436e+03,  3.8010186e+03, ...,
       -1.0000000e+00, -1.0000000e+00, -1.0000000e+00], dtype=float32), 'mask': array([ True,  True,  True, ...,  True,  True,  True])}",400.85645,91.39127,0.5326301,0.00015996759,False,-0.11141081,0.3685912,2.9594636,9.828744,16.362877,1.2810838,4.7092338,3.3769279,1.6308998,0.49377942,-0.031506013,0.35115355,2.959946,9.909416,16.941399,3.1201751,4.8240495,3.766461,1.9804801,1.0679232,b'   1759899801236826112'
"{'flux': array([1.2031878, 1.2029276, 1.2026676, ..., 3.1551273, 3.1551273,
       3.1551273], dtype=float32), 'ivar': array([0., 0., 0., ..., 0., 0., 0.], dtype=float32), 'lsf_sigma': array([0.        , 0.        , 1.1702332 , ..., 0.72546643, 0.72546643,
       0.72546643], dtype=float32), 'lambda': array([ 3.7992686e+03,  3.8001436e+03,  3.8010186e+03, ...,
       -1.0000000e+00, -1.0000000e+00, -1.0000000e+00], dtype=float32), 'mask': array([ True,  True,  True, ...,  True,  True,  True])}",118.81795,32.40766,0.27119455,9.109546e-05,False,0.23744962,1.6067657,8.227591,16.920174,26.911528,1.2810838,4.7092338,3.3769279,1.6308998,0.49377942,0.47760454,1.5702751,8.291977,16.966158,27.14783,3.1201751,4.8240495,3.766461,1.9804801,1.0679232,b'   1759900076114733056'
"{'flux': array([10.693981 , 10.6917095, 10.689443 , ...,  5.0457077,  5.0457077,
        5.0457077], dtype=float32), 'ivar': array([0., 0., 0., ..., 0., 0., 0.], dtype=float32), 'lsf_sigma': array([0.       , 0.       , 1.1226045, ..., 0.7254726, 0.7254726,
       0.7254726], dtype=float32), 'lambda': array([ 3.7992686e+03,  3.8001436e+03,  3.8010186e+03, ...,
       -1.0000000e+00, -1.0000000e+00, -1.0000000e+00], dtype=float32), 'mask': array([ True,  True,  True, ...,  True,  True,  True])}",170.69672,17.50307,0.17140347,4.5612953e-05,False,2.4845924,5.610623,18.868683,32.32186,45.71732,1.2810838,4.7092338,3.3769279,1.6308998,0.49377942,2.051288,5.611452,18.809542,32.253277,45.800106,3.1201751,4.8240495,3.766461,1.9804801,1.0679232,b'   1759900350992640000'
"{'flux': array([1.16148  , 1.1612246, 3.6604745, ..., 1.0813906, 1.0813906,
       1.0813906], dtype=float32), 'ivar': array([0.        , 0.11169565, 0.        , ..., 0.        , 0.        ,
       0.        ], dtype=float32), 'lsf_sigma': array([0.       , 1.1172218, 1.1204908, ..., 0.728388 , 0.728388 ,
       0.728388 ], dtype=float32), 'lambda': array([ 3.7992686e+03,  3.8001436e+03,  3.8010186e+03, ...,
       -1.0000000e+00, -1.0000000e+00, -1.0000000e+00], dtype=float32), 'mask': array([ True, False,  True, ...,  True,  True,  True])}",74.33331,23.876608,0.22371969,1.3995223e-05,False,2.401857,4.7833476,11.084746,16.938175,21.69749,1.2810838,4.7092338,3.3769279,1.6308998,0.49377942,2.3613315,4.762772,10.960656,16.97392,21.655361,3.1201751,4.8240495,3.766461,1.9804801,1.0679232,b'   1759900900748453888'
"{'flux': array([1.2077193 , 1.2074476 , 0.30109102, ..., 1.1007663 , 1.1007663 ,
       1.1007663 ], dtype=float32), 'ivar': array([0.        , 0.85431874, 0.        , ..., 0.        , 0.        ,
       0.        ], dtype=float32), 'lsf_sigma': array([0.        , 1.1757493 , 1.1745784 , ..., 0.73951524, 0.73951524,
       0.73951524], dtype=float32), 'lambda': array([ 3.7992686e+03,  3.8001436e+03,  3.8010186e+03, ...,
       -1.0000000e+00, -1.0000000e+00, -1.0000000e+00], dtype=float32), 'mask': array([ True, False,  True, ...,  True,  True,  True])}",508.7336,105.73097,0.6091947,0.00026569352,False,0.1011731,0.3907132,1.8798454,5.6170983,10.012634,1.2810838,4.7092338,3.3769279,1.6308998,0.49377942,0.06645369,0.37448174,1.8621285,5.691983,9.643828,3.1201751,4.8240495,3.766461,1.9804801,1.0679232,b'   1759901175626360832'
"{'flux': array([ 5.1390266,  5.1379194,  3.3762639, ..., -0.7987133, -0.7987133,
       -0.7987133], dtype=float32), 'ivar': array([0.        , 0.10707464, 0.        , ..., 0.        , 0.        ,
       0.        ], dtype=float32), 'lsf_sigma': array([0.       , 1.1235304, 1.1215174, ..., 0.7311307, 0.7311307,
       0.7311307], dtype=float32), 'lambda': array([ 3.7992686e+03,  3.8001436e+03,  3.8010186e+03, ...,
       -1.0000000e+00, -1.0000000e+00, -1.0000000e+00], dtype=float32), 'mask': array([ True, False,  True, ...,  True,  True,  True])}",96.09203,56.66602,0.0632197,6.4714673e-06,False,3.4180224,7.1960907,11.093605,14.944307,16.94284,1.2810838,4.7092338,3.3769279,1.6308998,0.49377942,1.0295175,7.2231045,11.084859,14.787703,17.835875,3.1201751,4.8240495,3.766461,1.9804801,1.0679232,b'   1759901450504267776'
"{'flux': array([ 0.01120761,  0.01120482, -0.03513164, ...,  3.155581  ,
        3.155581  ,  3.155581  ], dtype=float32), 'ivar': array([0.        , 0.07020651, 0.        , ..., 0.        , 0.        ,
       0.        ], dtype=float32), 'lsf_sigma': array([0.        , 1.1134675 , 1.11839   , ..., 0.74139553, 0.74139553,
       0.74139553], dtype=float32), 'lambda': array([ 3.7992686e+03,  3.8001436e+03,  3.8010186e+03, ...,
       -1.0000000e+00, -1.0000000e+00, -1.0000000e+00], dtype=float32), 'mask': array([ True, False,  True, ...,  True,  True,  True])}",102.58575,26.089653,0.18546787,1.4456376e-05,False,3.1927567,7.029563,16.864609,27.21698,34.885056,1.2810838,4.7092338,3.3769279,1.6308998,0.49377942,3.8832848,6.932787,16.891197,27.319149,35.507195,3.1201751,4.8240495,3.766461,1.9804801,1.0679232,b'   1759902824893802496'
"{'flux': array([ 2.952819  ,  2.9520724 , -0.45853627, ...,  0.01807606,
        0.01807606,  0.01807606], dtype=float32), 'ivar': array([0.        , 0.08433838, 0.        , ..., 0.        , 0.        ,
       0.        ], dtype=float32), 'lsf_sigma': array([0.       , 1.1248392, 1.1237246, ..., 0.6876707, 0.6876707,
       0.6876707], dtype=float32), 'lambda': array([ 3.7992686e+03,  3.8001436e+03,  3.8010186e+03, ...,
       -1.0000000e+00, -1.0000000e+00, -1.0000000e+00], dtype=float32), 'mask': array([ True, False,  True, ...,  True,  True,  True])}",165.1018,50.73616,0.15533587,1.41385135e-05,False,3.3142307,5.5412693,8.507677,10.83044,12.020239,1.2810838,4.7092338,3.3769279,1.6308998,0.49377942,1.9122235,5.496002,8.482989,10.871556,12.53523,3.1201751,4.8240495,3.766461,1.9804801,1.0679232,b'   1759903099771709440'
"{'flux': array([3.144067 , 3.1433408, 3.5879054, ..., 1.4949441, 1.4949441,
       1.4949441], dtype=float32), 'ivar': array([0.        , 0.11254823, 0.        , ..., 0.        , 0.        ,
       0.        ], dtype=float32), 'lsf_sigma': array([0.       , 1.1333637, 1.1356939, ..., 0.6876698, 0.6876698,
       0.6876698], dtype=float32), 'lambda': array([ 3.7992686e+03,  3.8001436e+03,  3.8010186e+03, ...,
       -1.0000000e+00, -1.0000000e+00, -1.0000000e+00], dtype=float32), 'mask': array([ True, False,  True, ...,  True,  True,  True])}",85.03532,27.305584,0.18232879,1.2556103e-05,False,2.7263808,6.0504575,11.004491,14.679107,15.729868,1.2810838,4.7092338,3.3769279,1.6308998,0.49377942,2.448179,6.0085354,10.975357,14.886558,16.571865,3.1201751,4.8240495,3.766461,1.9804801,1.0679232,b'   1759903374649616384'
"{'flux': array([-3.1404285 , -3.1396523 ,  0.97079736, ...,  1.844852  ,
        1.844852  ,  1.844852  ], dtype=float32), 'ivar': array([0.        , 0.11496574, 0.        , ..., 0.        , 0.        ,
       0.        ], dtype=float32), 'lsf_sigma': array([0.       , 1.1271726, 1.1248055, ..., 0.6876885, 0.6876885,
       0.6876885], dtype=float32), 'lambda': array([ 3.7992686e+03,  3.8001436e+03,  3.8010186e+03, ...,
       -1.0000000e+00, -1.0000000e+00, -1.0000000e+00], dtype=float32), 'mask': array([ True, False,  True, ...,  True,  True,  True])}",207.14636,25.872158,0.20135032,8.6427455e-05,False,1.0709844,3.604439,12.897032,21.77187,30.740568,1.2810838,4.7092338,3.3769279,1.6308998,0.49377942,1.0574282,3.5735216,12.788951,21.93938,31.332195,3.1201751,4.8240495,3.766461,1.9804801,1.0679232,b'   1759903649527523328'
"{'flux': array([ 1.1866994 ,  1.1864134 , -0.13996352, ...,  0.7401068 ,
        0.7401068 ,  0.7401068 ], dtype=float32), 'ivar': array([0.        , 0.08959276, 0.        , ..., 0.        , 0.        ,
       0.        ], dtype=float32), 'lsf_sigma': array([0.       , 1.136985 , 1.1325682, ..., 0.       , 0.       ,
       0.       ], dtype=float32), 'lambda': array([ 3.7992686e+03,  3.8001436e+03,  3.8010186e+03, ...,
       -1.0000000e+00, -1.0000000e+00, -1.0000000e+00], dtype=float32), 'mask': array([ True, False,  True, ...,  True,  True,  True])}",57.294422,35.086536,0.18227184,1.9877976e-05,False,2.0797849,4.4644547,9.567545,14.445148,17.295355,1.2810838,4.7092338,3.3769279,1.6308998,0.49377942,2.0338814,4.4234295,9.647763,14.563228,18.097197,3.1201751,4.8240495,3.766461,1.9804801,1.0679232,b'   1759903924405430272'
"{'flux': array([3.7538939, 3.753025 , 2.7451727, ..., 1.2135623, 1.2135623,
       1.2135623], dtype=float32), 'ivar': array([0.       , 0.0867209, 0.       , ..., 0.       , 0.       ,
       0.       ], dtype=float32), 'lsf_sigma': array([0.       , 1.1219932, 1.1284987, ..., 0.       , 0.       ,
       0.       ], dtype=float32), 'lambda': array([ 3.7992686e+03,  3.8001436e+03,  3.8010186e+03, ...,
       -1.0000000e+00, -1.0000000e+00, -1.0000000e+00], dtype=float32), 'mask': array([ True, False,  True, ...,  True,  True,  True])}",121.044334,23.193277,0.18083231,5.4165648e-05,False,1.1479633,4.1445994,12.077473,19.541483,25.059744,1.2810838,4.7092338,3.3769279,1.6308998,0.49377942,1.7036831,4.1037145,12.169822,19.674452,26.0242,3.1201751,4.8240495,3.766461,1.9804801,1.0679232,b'   1759904199283337216'
"{'flux': array([4.083383 , 4.0824094, 6.281968 , ..., 5.3402743, 5.3402743,
       5.3402743], dtype=float32), 'ivar': array([0.       , 0.0700967, 0.       , ..., 0.       , 0.       ,
       0.       ], dtype=float32), 'lsf_sigma': array([0.       , 1.1212419, 1.1177046, ..., 0.       , 0.       ,
       0.       ], dtype=float32), 'lambda': array([ 3.7992686e+03,  3.8001436e+03,  3.8010186e+03, ...,
       -1.0000000e+00, -1.0000000e+00, -1.0000000e+00], dtype=float32), 'mask': array([ True, False,  True, ...,  True,  True,  True])}",157.10608,16.81279,0.20110726,2.2771503e-05,False,4.826872,7.984879,21.510881,36.050007,46.939747,1.2810838,4.7092338,3.3769279,1.6308998,0.49377942,4.0424085,7.873843,21.716028,35.84636,48.27384,3.1201751,4.8240495,3.766461,1.9804801,1.0679232,b'   1759904474161244160'
"{'flux': array([2.8232381, 2.8225708, 2.340553 , ..., 5.391588 , 5.391588 ,
       5.391588 ], dtype=float32), 'ivar': array([0.        , 0.10445589, 0.        , ..., 0.        , 0.        ,
       0.        ], dtype=float32), 'lsf_sigma': array([0.       , 1.129896 , 1.1318394, ..., 0.       , 0.       ,
       0.       ], dtype=float32), 'lambda': array([ 3.7992686e+03,  3.8001436e+03,  3.8010186e+03, ...,
       -1.0000000e+00, -1.0000000e+00, -1.0000000e+00], dtype=float32), 'mask': array([ True, False,  True, ...,  True,  True,  True])}",222.17068,17.989456,0.30303055,6.878475e-05,False,0.44162104,3.2175026,15.098785,27.303823,38.23313,1.2810838,4.7092338,3.3769279,1.6308998,0.49377942,1.0681046,3.1505208,15.111019,27.394304,38.550575,3.1201751,4.8240495,3.766461,1.9804801,1.0679232,b'   1759904749039151104'
"{'flux': array([4.070244 , 4.0692453, 5.512552 , ..., 3.8414435, 3.8414435,
       3.8414435], dtype=float32), 'ivar': array([0.       , 0.0624527, 0.       , ..., 0.       , 0.       ,
       0.       ], dtype=float32), 'lsf_sigma': array([0.       , 1.1196189, 1.1177866, ..., 0.       , 0.       ,
       0.       ], dtype=float32), 'lambda': array([ 3.7992686e+03,  3.8001436e+03,  3.8010186e+03, ...,
       -1.0000000e+00, -1.0000000e+00, -1.0000000e+00], dtype=float32), 'mask': array([ True, False,  True, ...,  True,  True,  True])}",63.132954,20.94458,0.15656134,1.646925e-05,False,3.814755,8.085626,19.653343,30.211205,37.059086,1.2810838,4.7092338,3.3769279,1.6308998,0.49377942,3.330211,8.020791,19.701147,30.098623,38.612717,3.1201751,4.8240495,3.766461,1.9804801,1.0679232,b'   1759905023917058048'
"{'flux': array([2.2988968, 2.2983727, 4.397595 , ..., 1.1167954, 1.1167954,
       1.1167954], dtype=float32), 'ivar': array([0.        , 0.07652413, 0.        , ..., 0.        , 0.        ,
       0.        ], dtype=float32), 'lsf_sigma': array([0.       , 1.1112409, 1.1112859, ..., 0.       , 0.       ,
       0.       ], dtype=float32), 'lambda': array([ 3.7992686e+03,  3.8001436e+03,  3.8010186e+03, ...,
       -1.0000000e+00, -1.0000000e+00, -1.0000000e+00], dtype=float32), 'mask': array([ True, False,  True, ...,  True,  True,  True])}",61.25553,75.25767,0.11578921,7.2177004e-06,False,3.6002867,7.4914446,12.051257,16.487812,18.167347,1.2810838,4.7092338,3.3769279,1.6308998,0.49377942,1.5030382,7.499289,12.049485,16.463974,19.857527,3.1201751,4.8240495,3.766461,1.9804801,1.0679232,b'   1759905298794964992'
"{'flux': array([-2.7339234,  2.5382943,  3.6413863, ...,  1.4066572,  1.4066572,
        1.4066572], dtype=float32), 'ivar': array([0.04269504, 0.13387977, 0.13177031, ..., 0.        , 0.        ,
       0.        ], dtype=float32), 'lsf_sigma': array([1.0511975, 1.144104 , 1.1428627, ..., 0.       , 0.       ,
       0.       ], dtype=float32), 'lambda': array([ 3.7992686e+03,  3.8001436e+03,  3.8010186e+03, ...,
       -1.0000000e+00, -1.0000000e+00, -1.0000000e+00], dtype=float32), 'mask': array([False, False, False, ...,  True,  True,  True])}",45.926865,24.992374,0.15479492,4.5040026e-05,False,0.8579756,2.5627887,7.5173655,12.135729,15.104848,1.2810838,4.7092338,3.3769279,1.6308998,0.49377942,0.90299267,2.513864,7.57416,12.506454,16.909037,3.1201751,4.8240495,3.766461,1.9804801,1.0679232,b'   1759905573672871936'
"{'flux': array([-0.9358848, -2.4825816,  2.4986537, ...,  1.660376 ,  1.660376 ,
        1.660376 ], dtype=float32), 'ivar': array([0.03135924, 0.09433047, 0.09144051, ..., 0.        , 0.        ,
       0.        ], dtype=float32), 'lsf_sigma': array([1.0512565, 1.1351687, 1.1285696, ..., 0.       , 0.       ,
       0.       ], dtype=float32), 'lambda': array([ 3.7992686e+03,  3.8001436e+03,  3.8010186e+03, ...,
       -1.0000000e+00, -1.0000000e+00, -1.0000000e+00], dtype=float32), 'mask': array([False, False, False, ...,  True,  True,  True])}",108.671814,19.331202,0.15355065,7.0056216e-05,False,1.2577662,4.1282063,11.820135,18.299314,24.107079,1.2810838,4.7092338,3.3769279,1.6308998,0.49377942,1.1296397,4.0946007,11.894237,18.532654,24.88577,3.1201751,4.8240495,3.766461,1.9804801,1.0679232,b'   1759906123428685824'
"{'flux': array([2.0740561, 3.5553808, 5.3069134, ..., 3.1088924, 3.1088924,
       3.1088924], dtype=float32), 'ivar': array([0.03116016, 0.09359639, 0.09177807, ..., 0.        , 0.        ,
       0.        ], dtype=float32), 'lsf_sigma': array([1.0512934, 1.1303345, 1.1318258, ..., 0.       , 0.       ,
       0.       ], dtype=float32), 'lambda': array([ 3.7992686e+03,  3.8001436e+03,  3.8010186e+03, ...,
       -1.0000000e+00, -1.0000000e+00, -1.0000000e+00], dtype=float32), 'mask': array([False, False, False, ...,  True,  True,  True])}",134.00227,31.134062,0.11578579,3.9519935e-05,False,0.5912891,4.0614185,12.410976,21.109806,29.937067,1.2810838,4.7092338,3.3769279,1.6308998,0.49377942,0.9567858,4.0292673,12.453877,21.413548,30.584166,3.1201751,4.8240495,3.766461,1.9804801,1.0679232,b'   1759906398306592768'
"{'flux': array([-0.19451  , -1.4119047,  9.308049 , ...,  7.5920258,  7.5920258,
        7.5920258], dtype=float32), 'ivar': array([0.06449766, 0.06472899, 0.05731037, ..., 0.        , 0.        ,
       0.        ], dtype=float32), 'lsf_sigma': array([1.1069072, 1.1065725, 1.1134288, ..., 0.       , 0.       ,
       0.       ], dtype=float32), 'lambda': array([ 3.7992686e+03,  3.8001436e+03,  3.8010186e+03, ...,
       -1.0000000e+00, -1.0000000e+00, -1.0000000e+00], dtype=float32), 'mask': array([False, False, False, ...,  True,  True,  True])}",153.41403,10.3919115,0.1489559,3.0058176e-05,False,3.359652,10.811986,32.62694,51.47012,68.08281,1.2810838,4.7092338,3.3769279,1.6308998,0.49377942,3.6167703,10.783866,32.767673,51.49151,69.627914,3.1201751,4.8240495,3.766461,1.9804801,1.0679232,b'   1759906673184499712'
"{'flux': array([ 4.1679277,  1.1237003, -1.0430282, ...,  2.0071332,  2.0071332,
        2.0071332], dtype=float32), 'ivar': array([0.05235381, 0.05236344, 0.05768467, ..., 0.        , 0.        ,
       0.        ], dtype=float32), 'lsf_sigma': array([1.1183729, 1.1137121, 1.1146141, ..., 0.       , 0.       ,
       0.       ], dtype=float32), 'lambda': array([ 3.7992686e+03,  3.8001436e+03,  3.8010186e+03, ...,
       -1.0000000e+00, -1.0000000e+00, -1.0000000e+00], dtype=float32), 'mask': array([False, False, False, ...,  True,  True,  True])}",59.088856,29.011894,0.13779078,3.295877e-05,False,2.2569602,5.8809514,13.858495,20.782822,26.1852,1.2810838,4.7092338,3.3769279,1.6308998,0.49377942,2.6522634,5.8210077,13.872194,20.657377,27.209805,3.1201751,4.8240495,3.766461,1.9804801,1.0679232,b'   1759906948062406656'
"{'flux': array([ 0.09213307, -2.5926898 , -1.6166908 , ...,  0.08499944,
        0.08499944,  0.08499944], dtype=float32), 'ivar': array([0.44192782, 0.5290136 , 0.51015925, ..., 0.        , 0.        ,
       0.        ], dtype=float32), 'lsf_sigma': array([1.1664383, 1.1668466, 1.1664662, ..., 0.       , 0.       ,
       0.       ], dtype=float32), 'lambda': array([ 3.7992686e+03,  3.8001436e+03,  3.8010186e+03, ...,
       -1.0000000e+00, -1.0000000e+00, -1.0000000e+00], dtype=float32), 'mask': array([False, False, False, ...,  True,  True,  True])}",280.20834,196.94638,0.6700842,0.00040031597,True,-0.04206181,0.11758998,0.49959427,1.5133116,2.4551027,1.2810838,4.7092338,3.3769279,1.6308998,0.49377942,-0.059067417,0.11112257,0.45835412,1.519167,2.4196026,3.1201751,4.8240495,3.766461,1.9804801,1.0679232,b'   1759907497818220544'
"{'flux': array([0.38428062, 1.4253044 , 8.542535  , ..., 4.8871393 , 4.8871393 ,
       4.8871393 ], dtype=float32), 'ivar': array([0.06678914, 0.06351613, 0.06001215, ..., 0.        , 0.        ,
       0.        ], dtype=float32), 'lsf_sigma': array([1.1125247, 1.115046 , 1.1148511, ..., 0.       , 0.       ,
       0.       ], dtype=float32), 'lambda': array([ 3.7992686e+03,  3.8001436e+03,  3.8010186e+03, ...,
       -1.0000000e+00, -1.0000000e+00, -1.0000000e+00], dtype=float32), 'mask': array([False, False, False, ...,  True,  True,  True])}",87.40562,21.201818,0.115536116,2.9608347e-05,False,2.4682527,7.2466974,16.858198,25.206068,32.96361,1.2810838,4.7092338,3.3769279,1.6308998,0.49377942,2.0834064,7.1976323,16.775585,25.45092,33.58364,3.1201751,4.8240495,3.766461,1.9804801,1.0679232,b'   1759907772696127488'
"{'flux': array([-1.0662439,  1.5069665,  1.5232136, ...,  7.5207705,  7.5207705,
        7.5207705], dtype=float32), 'ivar': array([0.08361523, 0.07942645, 0.07806703, ..., 0.        , 0.        ,
       0.        ], dtype=float32), 'lsf_sigma': array([1.1134295, 1.115996 , 1.1116449, ..., 0.       , 0.       ,
       0.       ], dtype=float32), 'lambda': array([ 3.7992686e+03,  3.8001436e+03,  3.8010186e+03, ...,
       -1.0000000e+00, -1.0000000e+00, -1.0000000e+00], dtype=float32), 'mask': array([False, False, False, ...,  True,  True,  True])}",158.19044,12.459949,0.20090951,4.1737174e-05,False,1.6434019,6.1327057,21.53873,35.753944,48.01276,1.2810838,4.7092338,3.3769279,1.6308998,0.49377942,2.2400904,6.067223,21.590372,35.75404,48.76241,3.1201751,4.8240495,3.766461,1.9804801,1.0679232,b'   1759908047574034432'
"{'flux': array([-0.32463783,  0.4080181 ,  0.0988617 , ..., -0.10650495,
       -0.10650495, -0.10650495], dtype=float32), 'ivar': array([0.16302654, 0.16514601, 0.174374  , ..., 0.        , 0.        ,
       0.        ], dtype=float32), 'lsf_sigma': array([1.0803066, 1.0786945, 1.0778167, ..., 0.       , 0.       ,
       0.       ], dtype=float32), 'lambda': array([ 3.7992686e+03,  3.8001436e+03,  3.8010186e+03, ...,
       -1.0000000e+00, -1.0000000e+00, -1.0000000e+00], dtype=float32), 'mask': array([False, False, False, ...,  True,  True,  True])}",52.281425,41.73479,0.10868,3.7582453e-05,False,0.9374854,3.3734112,7.2567835,10.893013,12.819477,1.2810838,4.7092338,3.3769279,1.6308998,0.49377942,0.9022213,3.3473399,7.336572,10.721253,13.409602,3.1201751,4.8240495,3.766461,1.9804801,1.0679232,b'   1759908322451941376'
"{'flux': array([-0.8017668,  1.0693871,  1.955428 , ...,  3.8887231,  3.8887231,
        3.8887231], dtype=float32), 'ivar': array([0.03932325, 0.0871895 , 0.08786348, ..., 0.        , 0.        ,
       0.        ], dtype=float32), 'lsf_sigma': array([1.0482312, 1.0952153, 1.0944943, ..., 0.       , 0.       ,
       0.       ], dtype=float32), 'lambda': array([ 3.7992686e+03,  3.8001436e+03,  3.8010186e+03, ...,
       -1.0000000e+00, -1.0000000e+00, -1.0000000e+00], dtype=float32), 'mask': array([False, False, False, ...,  True,  True,  True])}",81.86658,33.355057,0.12656507,7.613709e-06,False,4.149875,7.900614,13.617448,19.258802,22.091787,1.2810838,4.7092338,3.3769279,1.6308998,0.49377942,2.8334932,7.9125867,13.580916,19.337914,23.2468,3.1201751,4.8240495,3.766461,1.9804801,1.0679232,b'   1759908597329848320'
"{'flux': array([4.3352118 , 4.3341837 , 2.4123647 , ..., 0.21840113, 0.21840113,
       0.21840113], dtype=float32), 'ivar': array([0.        , 0.18463573, 0.        , ..., 0.        , 0.        ,
       0.        ], dtype=float32), 'lsf_sigma': array([0.       , 1.0734417, 1.0722694, ..., 0.       , 0.       ,
       0.       ], dtype=float32), 'lambda': array([ 3.7992686e+03,  3.8001436e+03,  3.8010186e+03, ...,
       -1.0000000e+00, -1.0000000e+00, -1.0000000e+00], dtype=float32), 'mask': array([ True, False,  True, ...,  True,  True,  True])}",77.90839,26.817003,0.18236533,1.2749396e-05,False,2.1455376,5.0827103,9.465578,12.983059,14.604346,1.2810838,4.7092338,3.3769279,1.6308998,0.49377942,2.0046623,5.0697503,9.393197,13.064973,14.836549,3.1201751,4.8240495,3.766461,1.9804801,1.0679232,b'   1759909147085662208'
"{'flux': array([2.0675836, 2.0671043, 3.7158022, ..., 8.071943 , 8.071943 ,
       8.071943 ], dtype=float32), 'ivar': array([0.        , 0.06594565, 0.        , ..., 0.        , 0.        ,
       0.        ], dtype=float32), 'lsf_sigma': array([0.       , 1.0872337, 1.083971 , ..., 0.       , 0.       ,
       0.       ], dtype=float32), 'lambda': array([ 3.7992686e+03,  3.8001436e+03,  3.8010186e+03, ...,
       -1.0000000e+00, -1.0000000e+00, -1.0000000e+00], dtype=float32), 'mask': array([ True, False,  True, ...,  True,  True,  True])}",140.3876,9.580152,0.13245466,2.6735022e-05,False,3.5103664,13.283049,33.807915,50.355915,66.07316,1.2810838,4.7092338,3.3769279,1.6308998,0.49377942,3.6724625,13.24322,33.909225,50.320858,67.35683,3.1201751,4.8240495,3.766461,1.9804801,1.0679232,b'   1759909421963569152'
"{'flux': array([2.6907156, 2.6901338, 5.2722926, ..., 3.593339 , 3.593339 ,
       3.593339 ], dtype=float32), 'ivar': array([0.       , 0.0979462, 0.       , ..., 0.       , 0.       ,
       0.       ], dtype=float32), 'lsf_sigma': array([0.       , 1.0923598, 1.0980413, ..., 0.       , 0.       ,
       0.       ], dtype=float32), 'lambda': array([ 3.7992686e+03,  3.8001436e+03,  3.8010186e+03, ...,
       -1.0000000e+00, -1.0000000e+00, -1.0000000e+00], dtype=float32), 'mask': array([ True, False,  True, ...,  True,  True,  True])}",67.52042,30.826284,0.1676678,3.0278761e-05,False,1.8162475,4.0058455,10.848282,18.537777,26.56075,1.2810838,4.7092338,3.3769279,1.6308998,0.49377942,1.982327,3.9384282,10.948276,18.638197,26.178608,3.1201751,4.8240495,3.766461,1.9804801,1.0679232,b'   1759909696841476096'
"{'flux': array([1.2250348, 1.2247449, 1.7138581, ..., 6.0082808, 6.0082808,
       6.0082808], dtype=float32), 'ivar': array([0.        , 0.07796548, 0.        , ..., 0.        , 0.        ,
       0.        ], dtype=float32), 'lsf_sigma': array([0.       , 1.0926795, 1.0923741, ..., 0.       , 0.       ,
       0.       ], dtype=float32), 'lambda': array([ 3.7992686e+03,  3.8001436e+03,  3.8010186e+03, ...,
       -1.0000000e+00, -1.0000000e+00, -1.0000000e+00], dtype=float32), 'mask': array([ True, False,  True, ...,  True,  True,  True])}",162.09265,15.118241,0.1089482,4.570937e-05,False,2.215767,9.132704,23.303923,35.513073,48.28394,1.2810838,4.7092338,3.3769279,1.6308998,0.49377942,2.742868,9.097179,23.286385,35.349396,48.51582,3.1201751,4.8240495,3.766461,1.9804801,1.0679232,b'   1759909971719383040'
"{'flux': array([3.1127524, 3.1120024, 1.7858222, ..., 2.5005684, 2.5005684,
       2.5005684], dtype=float32), 'ivar': array([0.        , 0.15206756, 0.        , ..., 0.        , 0.        ,
       0.        ], dtype=float32), 'lsf_sigma': array([0.       , 1.0677208, 1.0668429, ..., 0.       , 0.       ,
       0.       ], dtype=float32), 'lambda': array([ 3.7992686e+03,  3.8001436e+03,  3.8010186e+03, ...,
       -1.0000000e+00, -1.0000000e+00, -1.0000000e+00], dtype=float32), 'mask': array([ True, False,  True, ...,  True,  True,  True])}",414.00906,71.769806,0.19986719,2.4502247e-05,False,0.77590245,2.5924888,7.065033,11.432993,14.781719,1.2810838,4.7092338,3.3769279,1.6308998,0.49377942,0.9141731,2.6000752,6.957377,11.525034,15.492329,3.1201751,4.8240495,3.766461,1.9804801,1.0679232,b'   1759910521475196928'
"{'flux': array([3.0847487, 3.0840359, 1.325089 , ..., 8.599183 , 8.599183 ,
       8.599183 ], dtype=float32), 'ivar': array([0.        , 0.08989918, 0.        , ..., 0.        , 0.        ,
       0.        ], dtype=float32), 'lsf_sigma': array([0.       , 1.0953113, 1.0948454, ..., 0.       , 0.       ,
       0.       ], dtype=float32), 'lambda': array([ 3.7992686e+03,  3.8001436e+03,  3.8010186e+03, ...,
       -1.0000000e+00, -1.0000000e+00, -1.0000000e+00], dtype=float32), 'mask': array([ True, False,  True, ...,  True,  True,  True])}",180.53566,14.447725,0.1034131,3.88817e-05,False,3.109126,10.444161,26.519682,39.973366,53.660954,1.2810838,4.7092338,3.3769279,1.6308998,0.49377942,2.9506533,10.3955765,26.525822,39.8605,54.08096,3.1201751,4.8240495,3.766461,1.9804801,1.0679232,b'   1759910796353103872'
"{'flux': array([-0.5286886 , -1.0759982 , -1.3536106 , ...,  0.83874065,
        0.83874065,  0.83874065], dtype=float32), 'ivar': array([1.9577963, 2.0757506, 2.1928105, ..., 0.       , 0.       ,
       0.       ], dtype=float32), 'lsf_sigma': array([1.0848503, 1.0845916, 1.0843359, ..., 0.       , 0.       ,
       0.       ], dtype=float32), 'lambda': array([ 3.7992686e+03,  3.8001436e+03,  3.8010186e+03, ...,
       -1.0000000e+00, -1.0000000e+00, -1.0000000e+00], dtype=float32), 'mask': array([False, False, False, ...,  True,  True,  True])}",68.99723,45.003517,0.62005234,0.00020826196,False,0.02604121,0.07447324,0.5883488,2.7573767,4.611991,1.2810838,4.7092338,3.3769279,1.6308998,0.49377942,-0.042894743,0.070688635,0.60011446,2.9078507,5.193872,3.1201751,4.8240495,3.766461,1.9804801,1.0679232,b'   1759913820010080256'
"{'flux': array([-1.7828801 , -0.04202383,  0.7686552 , ...,  0.11856642,
        0.11856642,  0.11856642], dtype=float32), 'ivar': array([1.9250753, 1.7729392, 1.6087351, ..., 0.       , 0.       ,
       0.       ], dtype=float32), 'lsf_sigma': array([1.0848265, 1.0845101, 1.0841869, ..., 0.       , 0.       ,
       0.       ], dtype=float32), 'lambda': array([ 3.7992686e+03,  3.8001436e+03,  3.8010186e+03, ...,
       -1.0000000e+00, -1.0000000e+00, -1.0000000e+00], dtype=float32), 'mask': array([False, False, False, ...,  True,  True,  True])}",850.0,-3.0,0.72874117,0.0001589111,False,0.007830584,0.051497426,0.22470611,0.8855623,1.8611809,1.2810838,4.7092338,3.3769279,1.6308998,0.49377942,0.013608726,0.04277328,0.21953219,0.8895718,1.7336994,3.1201751,4.8240495,3.766461,1.9804801,1.0679232,b'   1759914369765894144'
"{'flux': array([-3.8324573 , -3.750581  ,  0.03564746, ...,  2.219641  ,
        2.219641  ,  2.219641  ], dtype=float32), 'ivar': array([0.11859553, 0.12450924, 0.12081351, ..., 0.        , 0.        ,
       0.        ], dtype=float32), 'lsf_sigma': array([1.0773132, 1.0773991, 1.0769987, ..., 0.       , 0.       ,
       0.       ], dtype=float32), 'lambda': array([ 3.7992686e+03,  3.8001436e+03,  3.8010186e+03, ...,
       -1.0000000e+00, -1.0000000e+00, -1.0000000e+00], dtype=float32), 'mask': array([False, False, False, ...,  True,  True,  True])}",850.0,-3.0,0.06393691,9.823425e-06,False,1.9463782,5.2045646,9.931906,15.219906,17.52907,1.2810838,4.7092338,3.3769279,1.6308998,0.49377942,1.4299498,5.1930876,9.898455,14.866385,18.828157,3.1201751,4.8240495,3.766461,1.9804801,1.0679232,b'   1759914644643801088'
"{'flux': array([-1.7388692 ,  0.52152747, -0.22680496, ...,  0.22388019,
        0.22388019,  0.22388019], dtype=float32), 'ivar': array([0.4435621 , 0.34860075, 0.36644262, ..., 0.        , 0.        ,
       0.        ], dtype=float32), 'lsf_sigma': array([1.0837656, 1.0830829, 1.0829273, ..., 0.       , 0.       ,
       0.       ], dtype=float32), 'lambda': array([ 3.7992686e+03,  3.8001436e+03,  3.8010186e+03, ...,
       -1.0000000e+00, -1.0000000e+00, -1.0000000e+00], dtype=float32), 'mask': array([False, False, False, ...,  True,  True,  True])}",0.0,0.0,4.624291,0.0010860963,True,0.042077333,0.08273816,0.34061512,1.2668326,2.7165926,1.2810838,4.7092338,3.3769279,1.6308998,0.49377942,0.06937097,0.051560655,0.37848234,1.3167325,2.7341757,3.1201751,4.8240495,3.766461,1.9804801,1.0679232,b'   1759915744155428864'
"{'flux': array([-3.8036342,  0.4350732,  4.2461467, ...,  8.142135 ,  8.142135 ,
        8.142135 ], dtype=float32), 'ivar': array([0.1201406 , 0.11721404, 0.11228429, ..., 0.        , 0.        ,
       0.        ], dtype=float32), 'lsf_sigma': array([1.0756732, 1.0752107, 1.073882 , ..., 0.       , 0.       ,
       0.       ], dtype=float32), 'lambda': array([ 3.7992686e+03,  3.8001436e+03,  3.8010186e+03, ...,
       -1.0000000e+00, -1.0000000e+00, -1.0000000e+00], dtype=float32), 'mask': array([False, False, False, ...,  True,  True,  True])}",196.58762,14.771189,0.18181106,3.699253e-05,False,3.197322,9.163604,27.974615,44.089127,59.72304,1.2810838,4.7092338,3.3769279,1.6308998,0.49377942,3.1991975,9.134183,27.935007,44.057922,58.75741,3.1201751,4.8240495,3.766461,1.9804801,1.0679232,b'   1759916019033335808'
"{'flux': array([1.5162326, 1.5158558, 1.5154797, ..., 2.9346027, 2.9346027,
       2.9346027], dtype=float32), 'ivar': array([0., 0., 0., ..., 0., 0., 0.], dtype=float32), 'lsf_sigma': array([0., 0., 0., ..., 0., 0., 0.], dtype=float32), 'lambda': array([ 3.7992686e+03,  3.8001436e+03,  3.8010186e+03, ...,
       -1.0000000e+00, -1.0000000e+00, -1.0000000e+00], dtype=float32), 'mask': array([ True,  True,  True, ...,  True,  True,  True])}",123.89267,26.662964,0.20238884,6.527056e-05,False,0.780382,3.0440094,9.806282,17.298872,24.39363,1.2810838,4.7092338,3.3769279,1.6308998,0.49377942,0.6587005,2.9664505,9.853245,17.471466,25.625708,3.1201751,4.8240495,3.766461,1.9804801,1.0679232,b'   1759924815126358016'
"{'flux': array([4.233074 , 4.232013 , 4.230954 , ..., 3.1107051, 3.1107051,
       3.1107051], dtype=float32), 'ivar': array([0., 0., 0., ..., 0., 0., 0.], dtype=float32), 'lsf_sigma': array([0., 0., 0., ..., 0., 0., 0.], dtype=float32), 'lambda': array([ 3.7992686e+03,  3.8001436e+03,  3.8010186e+03, ...,
       -1.0000000e+00, -1.0000000e+00, -1.0000000e+00], dtype=float32), 'mask': array([ True,  True,  True, ...,  True,  True,  True])}",850.0,-3.0,0.22566047,1.0953339e-05,False,2.4106226,5.298817,10.228706,13.703252,13.705707,1.2810838,4.7092338,3.3769279,1.6308998,0.49377942,2.1592984,5.2569814,10.384847,13.89525,14.821698,3.1201751,4.8240495,3.766461,1.9804801,1.0679232,b'   1759925090004264960'
"{'flux': array([2.3913198, 2.3906863, 2.3900537, ..., 2.2421346, 2.2421346,
       2.2421346], dtype=float32), 'ivar': array([0., 0., 0., ..., 0., 0., 0.], dtype=float32), 'lsf_sigma': array([0., 0., 0., ..., 0., 0., 0.], dtype=float32), 'lambda': array([ 3.7992686e+03,  3.8001436e+03,  3.8010186e+03, ...,
       -1.0000000e+00, -1.0000000e+00, -1.0000000e+00], dtype=float32), 'mask': array([ True,  True,  True, ...,  True,  True,  True])}",90.95603,23.56128,0.15879773,6.635594e-05,False,4.21431,4.4793053,8.242142,12.374599,15.774358,1.2810838,4.7092338,3.3769279,1.6308998,0.49377942,-0.16988762,3.2072525,8.415555,12.766248,17.077595,3.1201751,4.8240495,3.766461,1.9804801,1.0679232,b'   1759925364882171904'
"{'flux': array([-0.3514615 , -0.35137078, -0.35128018, ...,  2.1300318 ,
        2.1300318 ,  2.1300318 ], dtype=float32), 'ivar': array([0., 0., 0., ..., 0., 0., 0.], dtype=float32), 'lsf_sigma': array([0., 0., 0., ..., 0., 0., 0.], dtype=float32), 'lambda': array([ 3.7992686e+03,  3.8001436e+03,  3.8010186e+03, ...,
       -1.0000000e+00, -1.0000000e+00, -1.0000000e+00], dtype=float32), 'mask': array([ True,  True,  True, ...,  True,  True,  True])}",125.378624,23.747395,0.14856504,3.733417e-05,False,1.2049445,3.870125,9.994805,15.570859,19.377571,1.2810838,4.7092338,3.3769279,1.6308998,0.49377942,1.5030055,3.8057785,10.119907,15.785464,20.940426,3.1201751,4.8240495,3.766461,1.9804801,1.0679232,b'   1759925639760078848'
"{'flux': array([0.9117731 , 0.9115347 , 0.91129667, ..., 4.3585696 , 4.3585696 ,
       4.3585696 ], dtype=float32), 'ivar': array([0., 0., 0., ..., 0., 0., 0.], dtype=float32), 'lsf_sigma': array([0., 0., 0., ..., 0., 0., 0.], dtype=float32), 'lambda': array([ 3.7992686e+03,  3.8001436e+03,  3.8010186e+03, ...,
       -1.0000000e+00, -1.0000000e+00, -1.0000000e+00], dtype=float32), 'mask': array([ True,  True,  True, ...,  True,  True,  True])}",45.847244,23.11328,0.1549437,1.0942834e-05,False,3.071964,7.2220383,16.265833,26.430054,34.30285,1.2810838,4.7092338,3.3769279,1.6308998,0.49377942,4.306454,7.1864343,16.134363,26.49498,34.668755,3.1201751,4.8240495,3.766461,1.9804801,1.0679232,b'   1759925914637985792'
"{'flux': array([1.4499607, 1.4495832, 1.4492062, ..., 7.5494223, 7.5494223,
       7.5494223], dtype=float32), 'ivar': array([0., 0., 0., ..., 0., 0., 0.], dtype=float32), 'lsf_sigma': array([0., 0., 0., ..., 0., 0., 0.], dtype=float32), 'lambda': array([ 3.7992686e+03,  3.8001436e+03,  3.8010186e+03, ...,
       -1.0000000e+00, -1.0000000e+00, -1.0000000e+00], dtype=float32), 'mask': array([ True,  True,  True, ...,  True,  True,  True])}",182.82097,15.949441,0.12921542,4.4442244e-05,False,2.9784656,10.394256,29.946331,46.275646,63.647545,1.2810838,4.7092338,3.3769279,1.6308998,0.49377942,2.8245451,10.399206,29.965292,46.458492,63.42351,3.1201751,4.8240495,3.766461,1.9804801,1.0679232,b'   1759926464393799680'
"{'flux': array([-3.8887517, -3.8877668, -3.886783 , ...,  4.409677 ,  4.409677 ,
        4.409677 ], dtype=float32), 'ivar': array([0., 0., 0., ..., 0., 0., 0.], dtype=float32), 'lsf_sigma': array([0., 0., 0., ..., 0., 0., 0.], dtype=float32), 'lambda': array([ 3.7992686e+03,  3.8001436e+03,  3.8010186e+03, ...,
       -1.0000000e+00, -1.0000000e+00, -1.0000000e+00], dtype=float32), 'mask': array([ True,  True,  True, ...,  True,  True,  True])}",107.719315,17.044924,0.20123714,5.389245e-05,False,0.9590901,4.4186883,14.320929,21.993046,28.341888,1.2810838,4.7092338,3.3769279,1.6308998,0.49377942,1.2435265,4.378976,14.31635,22.301548,28.871237,3.1201751,4.8240495,3.766461,1.9804801,1.0679232,b'   1759926739271706624'
"{'flux': array([2.4607656, 2.46014  , 2.4595153, ..., 4.6295276, 4.6295276,
       4.6295276], dtype=float32), 'ivar': array([0., 0., 0., ..., 0., 0., 0.], dtype=float32), 'lsf_sigma': array([0., 0., 0., ..., 0., 0., 0.], dtype=float32), 'lambda': array([ 3.7992686e+03,  3.8001436e+03,  3.8010186e+03, ...,
       -1.0000000e+00, -1.0000000e+00, -1.0000000e+00], dtype=float32), 'mask': array([ True,  True,  True, ...,  True,  True,  True])}",136.0452,45.96828,0.1574371,9.245968e-05,False,2.016266,4.3802776,12.188206,18.9159,25.396456,1.2810838,4.7092338,3.3769279,1.6308998,0.49377942,1.352366,4.3575377,12.144151,18.995281,25.396624,3.1201751,4.8240495,3.766461,1.9804801,1.0679232,b'   1759927014149613568'
"{'flux': array([1.1940088, 1.1937027, 1.193397 , ..., 3.1172323, 3.1172323,
       3.1172323], dtype=float32), 'ivar': array([0., 0., 0., ..., 0., 0., 0.], dtype=float32), 'lsf_sigma': array([0., 0., 0., ..., 0., 0., 0.], dtype=float32), 'lambda': array([ 3.7992686e+03,  3.8001436e+03,  3.8010186e+03, ...,
       -1.0000000e+00, -1.0000000e+00, -1.0000000e+00], dtype=float32), 'mask': array([ True,  True,  True, ...,  True,  True,  True])}",112.02566,32.583584,0.14496247,1.5336907e-05,False,2.0828302,5.029742,10.792418,15.164191,17.226307,1.2810838,4.7092338,3.3769279,1.6308998,0.49377942,1.5539699,4.999846,10.67042,15.361842,18.518951,3.1201751,4.8240495,3.766461,1.9804801,1.0679232,b'   1759927289027520512'
"{'flux': array([-2.6446416, -2.6439705, -2.6433005, ...,  4.273358 ,  4.273358 ,
        4.273358 ], dtype=float32), 'ivar': array([0., 0., 0., ..., 0., 0., 0.], dtype=float32), 'lsf_sigma': array([0., 0., 0., ..., 0., 0., 0.], dtype=float32), 'lambda': array([ 3.7992686e+03,  3.8001436e+03,  3.8010186e+03, ...,
       -1.0000000e+00, -1.0000000e+00, -1.0000000e+00], dtype=float32), 'mask': array([ True,  True,  True, ...,  True,  True,  True])}",100.16822,26.119186,0.15723696,9.4357034e-05,False,1.1563946,3.878304,10.879062,16.913244,22.198154,1.2810838,4.7092338,3.3769279,1.6308998,0.49377942,1.2665197,3.8456123,10.780469,16.775797,22.162016,3.1201751,4.8240495,3.766461,1.9804801,1.0679232,b'   1759928113661241344'
"{'flux': array([2.5635867, 2.5629532, 2.5623202, ..., 4.5787473, 4.5787473,
       4.5787473], dtype=float32), 'ivar': array([0., 0., 0., ..., 0., 0., 0.], dtype=float32), 'lsf_sigma': array([0., 0., 0., ..., 0., 0., 0.], dtype=float32), 'lambda': array([ 3.7992686e+03,  3.8001436e+03,  3.8010186e+03, ...,
       -1.0000000e+00, -1.0000000e+00, -1.0000000e+00], dtype=float32), 'mask': array([ True,  True,  True, ...,  True,  True,  True])}",138.64519,18.20063,0.18112312,7.287924e-05,False,0.79453,4.583295,14.913566,23.787846,30.344135,1.2810838,4.7092338,3.3769279,1.6308998,0.49377942,1.1813753,4.53712,14.926248,23.794493,31.38817,3.1201751,4.8240495,3.766461,1.9804801,1.0679232,b'   1759928388539148288'
"{'flux': array([2.6257212, 2.6250498, 2.6243792, ..., 2.1011617, 2.1011617,
       2.1011617], dtype=float32), 'ivar': array([0., 0., 0., ..., 0., 0., 0.], dtype=float32), 'lsf_sigma': array([0., 0., 0., ..., 0., 0., 0.], dtype=float32), 'lambda': array([ 3.7992686e+03,  3.8001436e+03,  3.8010186e+03, ...,
       -1.0000000e+00, -1.0000000e+00, -1.0000000e+00], dtype=float32), 'mask': array([ True,  True,  True, ...,  True,  True,  True])}",151.15822,38.624363,0.15640503,1.2113519e-05,False,1.9088908,4.655325,8.910169,11.838081,11.735056,1.2810838,4.7092338,3.3769279,1.6308998,0.49377942,1.7188522,4.660917,8.855632,11.943101,12.872756,3.1201751,4.8240495,3.766461,1.9804801,1.0679232,b'   1759928663417055232'
"{'flux': array([ 2.871076 ,  2.8703501,  2.8696253, ..., 11.306897 , 11.306897 ,
       11.306897 ], dtype=float32), 'ivar': array([0., 0., 0., ..., 0., 0., 0.], dtype=float32), 'lsf_sigma': array([0., 0., 0., ..., 0., 0., 0.], dtype=float32), 'lambda': array([ 3.7992686e+03,  3.8001436e+03,  3.8010186e+03, ...,
       -1.0000000e+00, -1.0000000e+00, -1.0000000e+00], dtype=float32), 'mask': array([ True,  True,  True, ...,  True,  True,  True])}",153.7572,14.3159895,0.155025,1.9522187e-05,False,4.879822,14.580575,37.95883,59.53829,77.169014,1.2810838,4.7092338,3.3769279,1.6308998,0.49377942,5.210602,14.499884,38.135605,59.307518,78.0856,3.1201751,4.8240495,3.766461,1.9804801,1.0679232,b'   1759928938294962176'
"{'flux': array([10.205427 , 10.202883 , 10.200343 , ...,  6.2741766,  6.2741766,
        6.2741766], dtype=float32), 'ivar': array([0., 0., 0., ..., 0., 0., 0.], dtype=float32), 'lsf_sigma': array([0., 0., 0., ..., 0., 0., 0.], dtype=float32), 'lambda': array([ 3.7992686e+03,  3.8001436e+03,  3.8010186e+03, ...,
       -1.0000000e+00, -1.0000000e+00, -1.0000000e+00], dtype=float32), 'mask': array([ True,  True,  True, ...,  True,  True,  True])}",64.04614,11.893528,0.20050333,2.8343873e-05,False,3.3781993,11.566744,27.65501,38.84093,45.173317,1.2810838,4.7092338,3.3769279,1.6308998,0.49377942,2.8780916,11.418569,27.752455,38.903343,46.04652,3.1201751,4.8240495,3.766461,1.9804801,1.0679232,b'   1759930037806589952'
"{'flux': array([0.29567343, 0.29559422, 0.29551506, ..., 0.31145874, 0.31145874,
       0.31145874], dtype=float32), 'ivar': array([0., 0., 0., ..., 0., 0., 0.], dtype=float32), 'lsf_sigma': array([0., 0., 0., ..., 0., 0., 0.], dtype=float32), 'lambda': array([ 3.7992686e+03,  3.8001436e+03,  3.8010186e+03, ...,
       -1.0000000e+00, -1.0000000e+00, -1.0000000e+00], dtype=float32), 'mask': array([ True,  True,  True, ...,  True,  True,  True])}",0.0,0.0,0.909152,3.3814096e-05,True,0.012903895,0.04198818,0.09898051,0.26956278,0.31018642,1.2810838,4.7092338,3.3769279,1.6308998,0.49377942,0.015746009,0.033369444,0.109130956,0.30839887,0.35103363,3.1201751,4.8240495,3.766461,1.9804801,1.0679232,b'   1759936909754263552'
"{'flux': array([ 1.6621133,  1.6616774,  1.661242 , ..., 10.206903 , 10.206903 ,
       10.206903 ], dtype=float32), 'ivar': array([0., 0., 0., ..., 0., 0., 0.], dtype=float32), 'lsf_sigma': array([0., 0., 0., ..., 0., 0., 0.], dtype=float32), 'lambda': array([ 3.7992686e+03,  3.8001436e+03,  3.8010186e+03, ...,
       -1.0000000e+00, -1.0000000e+00, -1.0000000e+00], dtype=float32), 'mask': array([ True,  True,  True, ...,  True,  True,  True])}",167.18695,17.276361,0.15584724,3.9565926e-05,False,3.2311382,9.95735,29.161163,46.89761,62.685104,1.2810838,4.7092338,3.3769279,1.6308998,0.49377942,3.281876,9.952122,29.269836,46.68754,63.200516,3.1201751,4.8240495,3.766461,1.9804801,1.0679232,b'   1759937184632170496'
"{'flux': array([-0.37981632, -0.37971258, -0.379609  , ...,  2.1717165 ,
        2.1717165 ,  2.1717165 ], dtype=float32), 'ivar': array([0., 0., 0., ..., 0., 0., 0.], dtype=float32), 'lsf_sigma': array([0., 0., 0., ..., 0., 0., 0.], dtype=float32), 'lambda': array([ 3.7992686e+03,  3.8001436e+03,  3.8010186e+03, ...,
       -1.0000000e+00, -1.0000000e+00, -1.0000000e+00], dtype=float32), 'mask': array([ True,  True,  True, ...,  True,  True,  True])}",284.58087,68.20873,0.51023453,0.00016866614,True,-0.047820296,0.3250468,2.4742856,7.6447034,12.304858,1.2810838,4.7092338,3.3769279,1.6308998,0.49377942,0.0058560437,0.2992554,2.5719032,7.542524,12.75024,3.1201751,4.8240495,3.766461,1.9804801,1.0679232,b'   1759937734387984384'
"{'flux': array([ 0.6114466 ,  0.6112905 ,  0.61113477, ..., -1.0661513 ,
       -1.0661513 , -1.0661513 ], dtype=float32), 'ivar': array([0., 0., 0., ..., 0., 0., 0.], dtype=float32), 'lsf_sigma': array([0., 0., 0., ..., 0., 0., 0.], dtype=float32), 'lambda': array([ 3.7992686e+03,  3.8001436e+03,  3.8010186e+03, ...,
       -1.0000000e+00, -1.0000000e+00, -1.0000000e+00], dtype=float32), 'mask': array([ True,  True,  True, ...,  True,  True,  True])}",0.0,0.0,0.003822685,1.0531944e-05,True,0.5219283,0.9080444,1.5093979,2.8171372,1.222605,1.2810838,4.7092338,3.3769279,1.6308998,0.49377942,0.4583072,0.8744371,1.5435828,2.1103969,1.8657871,3.1201751,4.8240495,3.766461,1.9804801,1.0679232,b'   1759938009265891328'
"{'flux': array([3.815319 , 3.8143191, 3.813321 , ..., 9.7228155, 9.7228155,
       9.7228155], dtype=float32), 'ivar': array([0., 0., 0., ..., 0., 0., 0.], dtype=float32), 'lsf_sigma': array([0., 0., 0., ..., 0., 0., 0.], dtype=float32), 'lambda': array([ 3.7992686e+03,  3.8001436e+03,  3.8010186e+03, ...,
       -1.0000000e+00, -1.0000000e+00, -1.0000000e+00], dtype=float32), 'mask': array([ True,  True,  True, ...,  True,  True,  True])}",150.63463,12.517393,0.15483606,2.6598325e-05,False,2.945739,10.281467,29.003103,45.430153,59.95649,1.2810838,4.7092338,3.3769279,1.6308998,0.49377942,3.0136309,10.218821,29.150171,45.44085,60.22007,3.1201751,4.8240495,3.766461,1.9804801,1.0679232,b'   1759938284143798272'
"{'flux': array([1.5628386, 1.5624194, 1.5620008, ..., 7.7014813, 7.7014813,
       7.7014813], dtype=float32), 'ivar': array([0., 0., 0., ..., 0., 0., 0.], dtype=float32), 'lsf_sigma': array([0., 0., 0., ..., 0., 0., 0.], dtype=float32), 'lambda': array([ 3.7992686e+03,  3.8001436e+03,  3.8010186e+03, ...,
       -1.0000000e+00, -1.0000000e+00, -1.0000000e+00], dtype=float32), 'mask': array([ True,  True,  True, ...,  True,  True,  True])}",181.7058,24.04181,0.1856538,6.3784595e-05,False,1.2299066,4.615615,16.443012,27.572842,37.282192,1.2810838,4.7092338,3.3769279,1.6308998,0.49377942,1.1272985,4.5598865,16.441576,27.25109,37.5161,3.1201751,4.8240495,3.766461,1.9804801,1.0679232,b'   1759939383655426048'
"{'flux': array([0.19867423, 0.19861947, 0.19856478, ..., 8.005834  , 8.005834  ,
       8.005834  ], dtype=float32), 'ivar': array([0., 0., 0., ..., 0., 0., 0.], dtype=float32), 'lsf_sigma': array([0., 0., 0., ..., 0., 0., 0.], dtype=float32), 'lambda': array([ 3.7992686e+03,  3.8001436e+03,  3.8010186e+03, ...,
       -1.0000000e+00, -1.0000000e+00, -1.0000000e+00], dtype=float32), 'mask': array([ True,  True,  True, ...,  True,  True,  True])}",132.94342,9.778209,0.15588242,2.9717734e-05,False,2.6183605,10.198877,31.862486,49.886173,65.47613,1.2810838,4.7092338,3.3769279,1.6308998,0.49377942,2.7825603,10.169156,31.868076,49.5102,65.10107,3.1201751,4.8240495,3.766461,1.9804801,1.0679232,b'   1759947355114727424'
"{'flux': array([11.038437, 11.037096, 11.035757, ...,  5.426517,  5.426517,
        5.426517], dtype=float32), 'ivar': array([0., 0., 0., ..., 0., 0., 0.], dtype=float32), 'lsf_sigma': array([0., 0., 0., ..., 0., 0., 0.], dtype=float32), 'lambda': array([ 3.7992686e+03,  3.8001436e+03,  3.8010186e+03, ...,
       -1.0000000e+00, -1.0000000e+00, -1.0000000e+00], dtype=float32), 'mask': array([ True,  True,  True, ...,  True,  True,  True])}",0.0,0.0,-7.495298e-05,9.990749e-06,False,16.826628,30.061968,45.377728,56.12841,65.97597,0.9195241,1.3421078,1.2894171,0.89629865,0.4371409,16.604229,30.165932,45.250553,56.3283,64.140114,1.5586703,1.33748,1.3750813,0.95974547,0.5097324,b'   1874623669699897344'
"{'flux': array([ 0.5179607,  0.5178933,  0.5178259, ..., 10.9141865, 10.9141865,
       10.9141865], dtype=float32), 'ivar': array([0., 0., 0., ..., 0., 0., 0.], dtype=float32), 'lsf_sigma': array([0., 0., 0., ..., 0., 0., 0.], dtype=float32), 'lambda': array([ 3.7992686e+03,  3.8001436e+03,  3.8010186e+03, ...,
       -1.0000000e+00, -1.0000000e+00, -1.0000000e+00], dtype=float32), 'mask': array([ True,  True,  True, ...,  True,  True,  True])}",110.51234,6.777897,0.13333076,2.1101365e-05,False,3.7632987,15.938042,45.126892,70.66603,98.45663,0.9195241,1.3421078,1.2894171,0.89629865,0.4371409,3.7207036,16.029394,45.03713,70.7255,97.738556,1.5586703,1.33748,1.3750813,0.95974547,0.5097324,b'   1874623944577804288'
"{'flux': array([11.332334, 11.330895, 11.329458, ..., 57.28246 , 57.28246 ,
       57.28246 ], dtype=float32), 'ivar': array([0., 0., 0., ..., 0., 0., 0.], dtype=float32), 'lsf_sigma': array([0., 0., 0., ..., 0., 0., 0.], dtype=float32), 'lambda': array([ 3.7992686e+03,  3.8001436e+03,  3.8010186e+03, ...,
       -1.0000000e+00, -1.0000000e+00, -1.0000000e+00], dtype=float32), 'mask': array([ True,  True,  True, ...,  True,  True,  True])}",0.0,0.0,-0.0004007485,7.915903e-06,False,24.951952,109.447945,254.15985,363.67117,450.6428,0.9195241,1.3421078,1.2894171,0.89629865,0.4371409,29.694117,109.54189,253.7273,363.87198,445.33853,1.5586703,1.33748,1.3750813,0.95974547,0.5097324,b'   1874624219455711232'
"{'flux': array([ 6.977822 ,  6.9770975,  6.9763746, ..., 11.8920555, 11.8920555,
       11.8920555], dtype=float32), 'ivar': array([0., 0., 0., ..., 0., 0., 0.], dtype=float32), 'lsf_sigma': array([0.       , 0.       , 0.       , ..., 0.7861914, 0.7861914,
       0.7861914], dtype=float32), 'lambda': array([ 3.7992686e+03,  3.8001436e+03,  3.8010186e+03, ...,
       -1.0000000e+00, -1.0000000e+00, -1.0000000e+00], dtype=float32), 'mask': array([ True,  True,  True, ...,  True,  True,  True])}",0.0,38.36809,0.016709767,1.9281131e-05,False,9.536685,26.282225,52.204216,72.969124,91.07424,0.9195241,1.3421078,1.2894171,0.89629865,0.4371409,10.786542,26.132475,52.26197,72.88505,89.80045,1.5586703,1.33748,1.3750813,0.95974547,0.5097324,b'   1874624494333618176'
"{'flux': array([ 41.66733 ,  41.662132,  41.656933, ..., 206.0326  , 206.0326  ,
       206.0326  ], dtype=float32), 'ivar': array([0., 0., 0., ..., 0., 0., 0.], dtype=float32), 'lsf_sigma': array([0.        , 0.        , 0.        , ..., 0.78624797, 0.78624797,
       0.78624797], dtype=float32), 'lambda': array([ 3.7992686e+03,  3.8001436e+03,  3.8010186e+03, ...,
       -1.0000000e+00, -1.0000000e+00, -1.0000000e+00], dtype=float32), 'mask': array([ True,  True,  True, ...,  True,  True,  True])}",174.91132,2.0478148,0.012649788,4.9654036e-06,False,61.13316,259.37064,650.392,1026.4905,1408.2179,0.9195241,1.3421078,1.2894171,0.89629865,0.4371409,55.494976,260.99734,647.6569,1025.576,1411.5436,1.5586703,1.33748,1.3750813,0.95974547,0.5097324,b'   1874624769211525120'
"{'flux': array([12.68036  , 12.678862 , 12.677366 , ...,  1.4254763,  1.4254763,
        1.4254763], dtype=float32), 'ivar': array([0., 0., 0., ..., 0., 0., 0.], dtype=float32), 'lsf_sigma': array([0., 0., 0., ..., 0., 0., 0.], dtype=float32), 'lambda': array([ 3.7992686e+03,  3.8001436e+03,  3.8010186e+03, ...,
       -1.0000000e+00, -1.0000000e+00, -1.0000000e+00], dtype=float32), 'mask': array([ True,  True,  True, ...,  True,  True,  True])}",0.0,0.0,-0.00038394818,2.8799846e-05,False,14.065298,21.3434,23.889772,23.12099,20.263142,0.9195241,1.3421078,1.2894171,0.89629865,0.4371409,12.451944,21.22251,24.127213,23.02925,20.418758,1.5586703,1.33748,1.3750813,0.95974547,0.5097324,b'   1874625044089432064'
"{'flux': array([6.2181063, 6.217359 , 6.216613 , ..., 9.717167 , 9.717167 ,
       9.717167 ], dtype=float32), 'ivar': array([0., 0., 0., ..., 0., 0., 0.], dtype=float32), 'lsf_sigma': array([0., 0., 0., ..., 0., 0., 0.], dtype=float32), 'lambda': array([ 3.7992686e+03,  3.8001436e+03,  3.8010186e+03, ...,
       -1.0000000e+00, -1.0000000e+00, -1.0000000e+00], dtype=float32), 'mask': array([ True,  True,  True, ...,  True,  True,  True])}",41.847374,10.885362,0.040670585,5.610905e-06,False,10.867885,22.924368,43.400066,62.958755,75.07878,0.9195241,1.3421078,1.2894171,0.89629865,0.4371409,9.305375,23.073786,43.465977,62.88366,75.51444,1.5586703,1.33748,1.3750813,0.95974547,0.5097324,b'   1874625318967339008'
"{'flux': array([ 5.461235,  5.460561,  5.459887, ..., 16.519629, 16.519629,
       16.519629], dtype=float32), 'ivar': array([0., 0., 0., ..., 0., 0., 0.], dtype=float32), 'lsf_sigma': array([0., 0., 0., ..., 0., 0., 0.], dtype=float32), 'lambda': array([ 3.7992686e+03,  3.8001436e+03,  3.8010186e+03, ...,
       -1.0000000e+00, -1.0000000e+00, -1.0000000e+00], dtype=float32), 'mask': array([ True,  True,  True, ...,  True,  True,  True])}",220.47517,8.819544,0.1334963,2.5379719e-05,False,4.156889,14.898518,51.48114,86.40518,123.87655,0.9195241,1.3421078,1.2894171,0.89629865,0.4371409,3.8278658,14.976274,51.511753,86.30449,123.98252,1.5586703,1.33748,1.3750813,0.95974547,0.5097324,b'   1874625868723152896'
"{'flux': array([ 8.284742,  8.283751,  8.28276 , ..., 18.091393, 18.091393,
       18.091393], dtype=float32), 'ivar': array([0., 0., 0., ..., 0., 0., 0.], dtype=float32), 'lsf_sigma': array([0., 0., 0., ..., 0., 0., 0.], dtype=float32), 'lambda': array([ 3.7992686e+03,  3.8001436e+03,  3.8010186e+03, ...,
       -1.0000000e+00, -1.0000000e+00, -1.0000000e+00], dtype=float32), 'mask': array([ True,  True,  True, ...,  True,  True,  True])}",56.88678,5.7134843,0.047093585,1.0812623e-05,False,9.945295,27.279173,66.08157,103.15126,133.67175,0.9195241,1.3421078,1.2894171,0.89629865,0.4371409,7.7767444,27.626062,65.67701,103.038666,133.48177,1.5586703,1.33748,1.3750813,0.95974547,0.5097324,b'   1874626143601059840'
"{'flux': array([ 54.588646,  54.58143 ,  54.57422 , ..., 157.61542 , 157.61542 ,
       157.61542 ], dtype=float32), 'ivar': array([0., 0., 0., ..., 0., 0., 0.], dtype=float32), 'lsf_sigma': array([0., 0., 0., ..., 0., 0., 0.], dtype=float32), 'lambda': array([ 3.7992686e+03,  3.8001436e+03,  3.8010186e+03, ...,
       -1.0000000e+00, -1.0000000e+00, -1.0000000e+00], dtype=float32), 'mask': array([ True,  True,  True, ...,  True,  True,  True])}",0.0,0.0,-5.53964e-05,7.6243764e-06,False,56.56215,308.9522,728.96674,1018.1839,1220.2996,0.9195241,1.3421078,1.2894171,0.89629865,0.4371409,56.652935,308.86356,729.77496,1016.23224,1212.9384,1.5586703,1.33748,1.3750813,0.95974547,0.5097324,b'   1874626693356873728'
"{'flux': array([14.731616, 14.729706, 14.727797, ..., 33.412224, 33.412224,
       33.412224], dtype=float32), 'ivar': array([0., 0., 0., ..., 0., 0., 0.], dtype=float32), 'lsf_sigma': array([0.       , 0.       , 0.       , ..., 0.7871458, 0.7871458,
       0.7871458], dtype=float32), 'lambda': array([ 3.7992686e+03,  3.8001436e+03,  3.8010186e+03, ...,
       -1.0000000e+00, -1.0000000e+00, -1.0000000e+00], dtype=float32), 'mask': array([ True,  True,  True, ...,  True,  True,  True])}",68.950424,3.4917939,0.018216847,9.675256e-06,False,13.257351,42.072803,107.43981,168.979,230.26846,0.9195241,1.3421078,1.2894171,0.89629865,0.4371409,8.768683,42.602013,106.48817,169.43878,231.01947,1.5586703,1.33748,1.3750813,0.95974547,0.5097324,b'   1874626968234780672'
"{'flux': array([ 13.281076,  13.279449,  13.277824, ..., 221.7007  , 221.7007  ,
       221.7007  ], dtype=float32), 'ivar': array([0., 0., 0., ..., 0., 0., 0.], dtype=float32), 'lsf_sigma': array([0., 0., 0., ..., 0., 0., 0.], dtype=float32), 'lambda': array([ 3.7992686e+03,  3.8001436e+03,  3.8010186e+03, ...,
       -1.0000000e+00, -1.0000000e+00, -1.0000000e+00], dtype=float32), 'mask': array([ True,  True,  True, ...,  True,  True,  True])}",0.0,0.0,5.173667e-05,8.358315e-06,False,12.177745,92.32003,400.87274,973.7226,1576.4918,0.9195241,1.3421078,1.2894171,0.89629865,0.4371409,10.499859,92.22122,402.26053,966.44116,1566.8687,1.5586703,1.33748,1.3750813,0.95974547,0.5097324,b'   1874627243112687616'
"{'flux': array([25.98126 , 25.978022, 25.974792, ..., 10.987776, 10.987776,
       10.987776], dtype=float32), 'ivar': array([0., 0., 0., ..., 0., 0., 0.], dtype=float32), 'lsf_sigma': array([0., 0., 0., ..., 0., 0., 0.], dtype=float32), 'lambda': array([ 3.7992686e+03,  3.8001436e+03,  3.8010186e+03, ...,
       -1.0000000e+00, -1.0000000e+00, -1.0000000e+00], dtype=float32), 'mask': array([ True,  True,  True, ...,  True,  True,  True])}",0.0,0.0,-4.1530115e-05,1.1017765e-05,False,28.004023,51.892933,81.31947,95.47941,101.24353,0.9195241,1.3421078,1.2894171,0.89629865,0.4371409,24.894318,52.117153,81.00886,95.77491,98.664856,1.5586703,1.33748,1.3750813,0.95974547,0.5097324,b'   1874627517990594560'
"{'flux': array([13.331267, 13.329583, 13.327904, ..., 34.578354, 34.578354,
       34.578354], dtype=float32), 'ivar': array([0., 0., 0., ..., 0., 0., 0.], dtype=float32), 'lsf_sigma': array([0., 0., 0., ..., 0., 0., 0.], dtype=float32), 'lambda': array([ 3.7992686e+03,  3.8001436e+03,  3.8010186e+03, ...,
       -1.0000000e+00, -1.0000000e+00, -1.0000000e+00], dtype=float32), 'mask': array([ True,  True,  True, ...,  True,  True,  True])}",64.258156,3.001121,0.01720256,8.026709e-06,False,15.104179,50.245495,121.97655,189.05386,254.52641,0.9195241,1.3421078,1.2894171,0.89629865,0.4371409,11.74109,50.625645,121.304115,189.55545,253.04878,1.5586703,1.33748,1.3750813,0.95974547,0.5097324,b'   1874627792868501504'
"{'flux': array([32.631023, 32.626984, 32.622955, ..., 29.298523, 29.298523,
       29.298523], dtype=float32), 'ivar': array([0., 0., 0., ..., 0., 0., 0.], dtype=float32), 'lsf_sigma': array([0., 0., 0., ..., 0., 0., 0.], dtype=float32), 'lambda': array([ 3.7992686e+03,  3.8001436e+03,  3.8010186e+03, ...,
       -1.0000000e+00, -1.0000000e+00, -1.0000000e+00], dtype=float32), 'mask': array([ True,  True,  True, ...,  True,  True,  True])}",0.0,0.0,-0.0003624005,9.508116e-06,False,34.88512,93.73619,172.30708,217.81148,243.56622,0.9195241,1.3421078,1.2894171,0.89629865,0.4371409,31.114918,93.99058,171.97453,218.17722,240.17693,1.5586703,1.33748,1.3750813,0.95974547,0.5097324,b'   1874628067746408448'
"{'flux': array([15.979551, 15.977713, 15.975873, ..., 43.152214, 43.152214,
       43.152214], dtype=float32), 'ivar': array([0., 0., 0., ..., 0., 0., 0.], dtype=float32), 'lsf_sigma': array([0., 0., 0., ..., 0., 0., 0.], dtype=float32), 'lambda': array([ 3.7992686e+03,  3.8001436e+03,  3.8010186e+03, ...,
       -1.0000000e+00, -1.0000000e+00, -1.0000000e+00], dtype=float32), 'mask': array([ True,  True,  True, ...,  True,  True,  True])}",65.80817,2.6273906,0.020948999,7.97883e-06,False,19.1353,68.08679,161.86589,246.56006,325.92862,0.9195241,1.3421078,1.2894171,0.89629865,0.4371409,16.633942,68.414116,161.23007,246.90633,326.2428,1.5586703,1.33748,1.3750813,0.95974547,0.5097324,b'   1874628342624315392'
"{'flux': array([ 8.268488,  8.267478,  8.266471, ..., 18.180058, 18.180058,
       18.180058], dtype=float32), 'ivar': array([0., 0., 0., ..., 0., 0., 0.], dtype=float32), 'lsf_sigma': array([0., 0., 0., ..., 0., 0., 0.], dtype=float32), 'lambda': array([ 3.7992686e+03,  3.8001436e+03,  3.8010186e+03, ...,
       -1.0000000e+00, -1.0000000e+00, -1.0000000e+00], dtype=float32), 'mask': array([ True,  True,  True, ...,  True,  True,  True])}",86.80285,5.2204022,0.04805074,1.377084e-05,False,8.567025,25.418507,61.858067,97.88663,131.80757,0.9195241,1.3421078,1.2894171,0.89629865,0.4371409,7.459107,25.618343,61.511013,97.84417,131.78224,1.5586703,1.33748,1.3750813,0.95974547,0.5097324,b'   1874628617502222336'
"{'flux': array([19.916544, 19.914011, 19.91148 , ..., 64.69192 , 64.69192 ,
       64.69192 ], dtype=float32), 'ivar': array([0., 0., 0., ..., 0., 0., 0.], dtype=float32), 'lsf_sigma': array([0., 0., 0., ..., 0., 0., 0.], dtype=float32), 'lambda': array([ 3.7992686e+03,  3.8001436e+03,  3.8010186e+03, ...,
       -1.0000000e+00, -1.0000000e+00, -1.0000000e+00], dtype=float32), 'mask': array([ True,  True,  True, ...,  True,  True,  True])}",151.69954,3.0067832,0.046763513,7.9726415e-06,False,22.40275,79.959076,209.12842,333.13782,457.79037,0.9195241,1.3421078,1.2894171,0.89629865,0.4371409,18.44212,80.58787,208.22585,332.5957,460.2954,1.5586703,1.33748,1.3750813,0.95974547,0.5097324,b'   1874628892380129280'
"{'flux': array([42.254906, 42.24903 , 42.24316 , ..., 14.100613, 14.100613,
       14.100613], dtype=float32), 'ivar': array([0., 0., 0., ..., 0., 0., 0.], dtype=float32), 'lsf_sigma': array([0., 0., 0., ..., 0., 0., 0.], dtype=float32), 'lambda': array([ 3.7992686e+03,  3.8001436e+03,  3.8010186e+03, ...,
       -1.0000000e+00, -1.0000000e+00, -1.0000000e+00], dtype=float32), 'mask': array([ True,  True,  True, ...,  True,  True,  True])}",0.0,0.0,-8.662366e-05,1.0488285e-05,False,52.57629,89.04264,120.28756,133.57854,140.1554,0.9195241,1.3421078,1.2894171,0.89629865,0.4371409,46.168365,88.48826,121.126396,132.34549,140.7041,1.5586703,1.33748,1.3750813,0.95974547,0.5097324,b'   1874630541647570944'
"{'flux': array([16.584002, 16.581678, 16.579361, ..., 92.288635, 92.288635,
       92.288635], dtype=float32), 'ivar': array([0., 0., 0., ..., 0., 0., 0.], dtype=float32), 'lsf_sigma': array([0., 0., 0., ..., 0., 0., 0.], dtype=float32), 'lambda': array([ 3.7992686e+03,  3.8001436e+03,  3.8010186e+03, ...,
       -1.0000000e+00, -1.0000000e+00, -1.0000000e+00], dtype=float32), 'mask': array([ True,  True,  True, ...,  True,  True,  True])}",120.339966,2.2764208,0.016954137,5.8599467e-06,False,25.854189,111.667946,285.25818,454.7497,629.80804,0.9195241,1.3421078,1.2894171,0.89629865,0.4371409,21.419083,112.61871,283.64935,455.06897,629.3258,1.5586703,1.33748,1.3750813,0.95974547,0.5097324,b'   1874630816525477888'
"{'flux': array([50.10982 , 50.102737, 50.095665, ..., 90.111984, 90.111984,
       90.111984], dtype=float32), 'ivar': array([0., 0., 0., ..., 0., 0., 0.], dtype=float32), 'lsf_sigma': array([0., 0., 0., ..., 0., 0., 0.], dtype=float32), 'lambda': array([ 3.7992686e+03,  3.8001436e+03,  3.8010186e+03, ...,
       -1.0000000e+00, -1.0000000e+00, -1.0000000e+00], dtype=float32), 'mask': array([ True,  True,  True, ...,  True,  True,  True])}",0.0,0.0,-7.330342e-05,6.639327e-06,False,49.74088,214.89967,460.72702,617.46094,727.764,0.9195241,1.3421078,1.2894171,0.89629865,0.4371409,49.28511,214.26251,462.10675,615.23596,725.0924,1.5586703,1.33748,1.3750813,0.95974547,0.5097324,b'   1874631091403384832'
"{'flux': array([8.351778, 8.350688, 8.349601, ..., 7.31248 , 7.31248 , 7.31248 ],
      dtype=float32), 'ivar': array([0., 0., 0., ..., 0., 0., 0.], dtype=float32), 'lsf_sigma': array([0., 0., 0., ..., 0., 0., 0.], dtype=float32), 'lambda': array([ 3.7992686e+03,  3.8001436e+03,  3.8010186e+03, ...,
       -1.0000000e+00, -1.0000000e+00, -1.0000000e+00], dtype=float32), 'mask': array([ True,  True,  True, ...,  True,  True,  True])}",0.0,0.0,-9.80201e-05,1.3923489e-05,False,10.912635,26.806425,47.834637,59.30864,67.09549,0.9195241,1.3421078,1.2894171,0.89629865,0.4371409,9.79203,26.896072,47.591537,59.561058,65.51485,1.5586703,1.33748,1.3750813,0.95974547,0.5097324,b'   1874631366281291776'
"{'flux': array([ 0.50887024,  0.50879836,  0.50872666, ..., 20.723782  ,
       20.723782  , 20.723782  ], dtype=float32), 'ivar': array([0., 0., 0., ..., 0., 0., 0.], dtype=float32), 'lsf_sigma': array([0., 0., 0., ..., 0., 0., 0.], dtype=float32), 'lambda': array([ 3.7992686e+03,  3.8001436e+03,  3.8010186e+03, ...,
       -1.0000000e+00, -1.0000000e+00, -1.0000000e+00], dtype=float32), 'mask': array([ True,  True,  True, ...,  True,  True,  True])}",118.1716,6.681094,0.048023324,1.3290446e-05,False,4.6913414,21.253798,60.2548,103.07276,150.52887,0.9195241,1.3421078,1.2894171,0.89629865,0.4371409,4.714018,21.508486,59.939224,103.07469,151.11353,1.5586703,1.33748,1.3750813,0.95974547,0.5097324,b'   1874631916037105664'
"{'flux': array([10.021284, 10.019898, 10.018515, ..., 16.60796 , 16.60796 ,
       16.60796 ], dtype=float32), 'ivar': array([0., 0., 0., ..., 0., 0., 0.], dtype=float32), 'lsf_sigma': array([0., 0., 0., ..., 0., 0., 0.], dtype=float32), 'lambda': array([ 3.7992686e+03,  3.8001436e+03,  3.8010186e+03, ...,
       -1.0000000e+00, -1.0000000e+00, -1.0000000e+00], dtype=float32), 'mask': array([ True,  True,  True, ...,  True,  True,  True])}",100.51955,8.668554,0.046577476,7.3392584e-06,False,15.663155,34.340454,64.17692,95.50305,121.85259,0.9195241,1.3421078,1.2894171,0.89629865,0.4371409,15.849911,34.378616,63.85989,95.477104,120.5262,1.5586703,1.33748,1.3750813,0.95974547,0.5097324,b'   1874632190915012608'
"{'flux': array([4.8509817, 4.8503065, 4.8496323, ..., 5.6580515, 5.6580515,
       5.6580515], dtype=float32), 'ivar': array([0., 0., 0., ..., 0., 0., 0.], dtype=float32), 'lsf_sigma': array([0., 0., 0., ..., 0., 0., 0.], dtype=float32), 'lambda': array([ 3.7992686e+03,  3.8001436e+03,  3.8010186e+03, ...,
       -1.0000000e+00, -1.0000000e+00, -1.0000000e+00], dtype=float32), 'mask': array([ True,  True,  True, ...,  True,  True,  True])}",0.0,0.0,-0.00012230451,1.723567e-05,False,11.925076,26.634212,42.364758,50.61605,55.862263,0.9195241,1.3421078,1.2894171,0.89629865,0.4371409,11.28822,26.68028,42.44072,50.623978,55.081146,1.5586703,1.33748,1.3750813,0.95974547,0.5097324,b'   1874634389938268160'
"{'flux': array([17.999535, 17.99769 , 17.995852, ..., 42.115017, 42.115017,
       42.115017], dtype=float32), 'ivar': array([0., 0., 0., ..., 0., 0., 0.], dtype=float32), 'lsf_sigma': array([0., 0., 0., ..., 0., 0., 0.], dtype=float32), 'lambda': array([ 3.7992686e+03,  3.8001436e+03,  3.8010186e+03, ...,
       -1.0000000e+00, -1.0000000e+00, -1.0000000e+00], dtype=float32), 'mask': array([ True,  True,  True, ...,  True,  True,  True])}",0.0,0.0,3.3382173e-07,7.0196243e-06,False,26.65202,112.483826,227.83386,294.2837,337.56442,0.9195241,1.3421078,1.2894171,0.89629865,0.4371409,29.087847,111.82648,228.7088,293.18762,337.23996,1.5586703,1.33748,1.3750813,0.95974547,0.5097324,b'   1874634939694082048'
"{'flux': array([ 6.199754 ,  6.1991367,  6.19852  , ..., 40.295662 , 40.295662 ,
       40.295662 ], dtype=float32), 'ivar': array([0., 0., 0., ..., 0., 0., 0.], dtype=float32), 'lsf_sigma': array([0., 0., 0., ..., 0., 0., 0.], dtype=float32), 'lambda': array([ 3.7992686e+03,  3.8001436e+03,  3.8010186e+03, ...,
       -1.0000000e+00, -1.0000000e+00, -1.0000000e+00], dtype=float32), 'mask': array([ True,  True,  True, ...,  True,  True,  True])}",62.55122,2.7600856,0.015021094,8.305426e-06,False,14.274031,56.010292,133.90189,203.50981,273.47025,0.9195241,1.3421078,1.2894171,0.89629865,0.4371409,12.885905,56.32387,132.98015,204.02681,272.58502,1.5586703,1.33748,1.3750813,0.95974547,0.5097324,b'   1874635214571988992'
"{'flux': array([ 36.693726,  36.689568,  36.685417, ..., 157.77173 , 157.77173 ,
       157.77173 ], dtype=float32), 'ivar': array([0., 0., 0., ..., 0., 0., 0.], dtype=float32), 'lsf_sigma': array([0.       , 0.       , 0.       , ..., 0.7187626, 0.7187626,
       0.7187626], dtype=float32), 'lambda': array([ 3.7992686e+03,  3.8001436e+03,  3.8010186e+03, ...,
       -1.0000000e+00, -1.0000000e+00, -1.0000000e+00], dtype=float32), 'mask': array([ True,  True,  True, ...,  True,  True,  True])}",183.45557,2.2513561,0.021185497,5.6422937e-06,False,44.83486,194.44691,500.9742,796.1082,1106.8998,0.9195241,1.3421078,1.2894171,0.89629865,0.4371409,38.201366,196.15564,497.27505,794.89136,1114.5728,1.5586703,1.33748,1.3750813,0.95974547,0.5097324,b'   1874635489449895936'
"{'flux': array([105.85874 , 105.84681 , 105.834885, ...,  81.02698 ,  81.02698 ,
        81.02698 ], dtype=float32), 'ivar': array([0., 0., 0., ..., 0., 0., 0.], dtype=float32), 'lsf_sigma': array([0.      , 0.      , 0.      , ..., 0.718866, 0.718866, 0.718866],
      dtype=float32), 'lambda': array([ 3.7992686e+03,  3.8001436e+03,  3.8010186e+03, ...,
       -1.0000000e+00, -1.0000000e+00, -1.0000000e+00], dtype=float32), 'mask': array([ True,  True,  True, ...,  True,  True,  True])}",0.0,0.0,-0.00015020947,1.0114882e-05,False,118.63266,279.17728,461.64322,563.30035,618.80615,0.9195241,1.3421078,1.2894171,0.89629865,0.4371409,111.46354,278.97055,462.04257,560.8781,612.17395,1.5586703,1.33748,1.3750813,0.95974547,0.5097324,b'   1874636039205709824'
"{'flux': array([13.873364, 13.871731, 13.8701  , ..., 68.35301 , 68.35301 ,
       68.35301 ], dtype=float32), 'ivar': array([0., 0., 0., ..., 0., 0., 0.], dtype=float32), 'lsf_sigma': array([0., 0., 0., ..., 0., 0., 0.], dtype=float32), 'lambda': array([ 3.7992686e+03,  3.8001436e+03,  3.8010186e+03, ...,
       -1.0000000e+00, -1.0000000e+00, -1.0000000e+00], dtype=float32), 'mask': array([ True,  True,  True, ...,  True,  True,  True])}",124.79715,2.6538723,0.020069022,7.1809295e-06,False,17.842518,81.0977,214.85704,343.48764,478.49902,0.9195241,1.3421078,1.2894171,0.89629865,0.4371409,14.042754,82.25013,212.78616,344.03397,479.39597,1.5586703,1.33748,1.3750813,0.95974547,0.5097324,b'   1874636314083616768'
"{'flux': array([56.159595, 56.154213, 56.148834, ..., 58.892937, 58.892937,
       58.892937], dtype=float32), 'ivar': array([0., 0., 0., ..., 0., 0., 0.], dtype=float32), 'lsf_sigma': array([0., 0., 0., ..., 0., 0., 0.], dtype=float32), 'lambda': array([ 3.7992686e+03,  3.8001436e+03,  3.8010186e+03, ...,
       -1.0000000e+00, -1.0000000e+00, -1.0000000e+00], dtype=float32), 'mask': array([ True,  True,  True, ...,  True,  True,  True])}",0.0,0.0,-6.898379e-05,7.896585e-06,False,75.95131,161.55154,291.1427,385.14343,450.56497,0.9195241,1.3421078,1.2894171,0.89629865,0.4371409,71.80356,162.38995,288.85745,385.28894,449.55872,1.5586703,1.33748,1.3750813,0.95974547,0.5097324,b'   1874636588961523712'
"{'flux': array([20.27191 , 20.269554, 20.267202, ..., 26.587322, 26.587322,
       26.587322], dtype=float32), 'ivar': array([0., 0., 0., ..., 0., 0., 0.], dtype=float32), 'lsf_sigma': array([0., 0., 0., ..., 0., 0., 0.], dtype=float32), 'lambda': array([ 3.7992686e+03,  3.8001436e+03,  3.8010186e+03, ...,
       -1.0000000e+00, -1.0000000e+00, -1.0000000e+00], dtype=float32), 'mask': array([ True,  True,  True, ...,  True,  True,  True])}",0.0,0.0,-0.00027830544,7.692749e-06,False,23.388914,80.181175,154.35106,194.78719,221.12654,0.9195241,1.3421078,1.2894171,0.89629865,0.4371409,26.705597,79.72221,154.47388,194.60297,219.5278,1.5586703,1.33748,1.3750813,0.95974547,0.5097324,b'   1874636863839430656'
"{'flux': array([113.71924 , 113.706566, 113.693924, ...,  29.181183,  29.181183,
        29.181183], dtype=float32), 'ivar': array([0., 0., 0., ..., 0., 0., 0.], dtype=float32), 'lsf_sigma': array([0., 0., 0., ..., 0., 0., 0.], dtype=float32), 'lambda': array([ 3.7992686e+03,  3.8001436e+03,  3.8010186e+03, ...,
       -1.0000000e+00, -1.0000000e+00, -1.0000000e+00], dtype=float32), 'mask': array([ True,  True,  True, ...,  True,  True,  True])}",0.0,0.0,-0.00027634177,4.2661623e-06,True,174.76648,267.70404,272.43356,257.26242,249.55696,0.9195241,1.3421078,1.2894171,0.89629865,0.4371409,170.50829,264.31104,275.8414,253.82036,251.18852,1.5586703,1.33748,1.3750813,0.95974547,0.5097324,b'   1874637138717337600'
"{'flux': array([ 6.79089  ,  6.7902174,  6.789545 , ..., 19.359919 , 19.359919 ,
       19.359919 ], dtype=float32), 'ivar': array([0., 0., 0., ..., 0., 0., 0.], dtype=float32), 'lsf_sigma': array([0., 0., 0., ..., 0., 0., 0.], dtype=float32), 'lambda': array([ 3.7992686e+03,  3.8001436e+03,  3.8010186e+03, ...,
       -1.0000000e+00, -1.0000000e+00, -1.0000000e+00], dtype=float32), 'mask': array([ True,  True,  True, ...,  True,  True,  True])}",53.44989,5.3508863,0.01594098,1.2943651e-05,False,8.241885,31.812414,73.11952,109.443886,144.15363,0.9195241,1.3421078,1.2894171,0.89629865,0.4371409,8.796052,31.906696,72.75535,109.541664,142.72063,1.5586703,1.33748,1.3750813,0.95974547,0.5097324,b'   1874637688473151488'
"{'flux': array([15.544603 , 15.543084 , 15.541569 , ...,  7.4977584,  7.4977584,
        7.4977584], dtype=float32), 'ivar': array([0., 0., 0., ..., 0., 0., 0.], dtype=float32), 'lsf_sigma': array([0., 0., 0., ..., 0., 0., 0.], dtype=float32), 'lambda': array([ 3.7992686e+03,  3.8001436e+03,  3.8010186e+03, ...,
       -1.0000000e+00, -1.0000000e+00, -1.0000000e+00], dtype=float32), 'mask': array([ True,  True,  True, ...,  True,  True,  True])}",0.0,0.0,8.48775e-05,1.6661272e-05,False,10.645435,24.455027,40.339558,48.44375,54.312096,0.9195241,1.3421078,1.2894171,0.89629865,0.4371409,9.679163,24.46882,40.274673,48.406395,52.39886,1.5586703,1.33748,1.3750813,0.95974547,0.5097324,b'   1874637963351058432'
"{'flux': array([21.821585, 21.819614, 21.817646, ..., 65.16224 , 65.16224 ,
       65.16224 ], dtype=float32), 'ivar': array([0., 0., 0., ..., 0., 0., 0.], dtype=float32), 'lsf_sigma': array([0., 0., 0., ..., 0., 0., 0.], dtype=float32), 'lambda': array([ 3.7992686e+03,  3.8001436e+03,  3.8010186e+03, ...,
       -1.0000000e+00, -1.0000000e+00, -1.0000000e+00], dtype=float32), 'mask': array([ True,  True,  True, ...,  True,  True,  True])}",69.16654,2.0969567,0.016402714,5.9427402e-06,False,29.354414,106.32351,236.72249,348.44482,457.38074,0.9195241,1.3421078,1.2894171,0.89629865,0.4371409,29.942633,106.31014,235.95224,349.4105,454.0022,1.5586703,1.33748,1.3750813,0.95974547,0.5097324,b'   1874638238228965376'
"{'flux': array([74.57253, 74.56487, 74.55723, ..., 44.99841, 44.99841, 44.99841],
      dtype=float32), 'ivar': array([0., 0., 0., ..., 0., 0., 0.], dtype=float32), 'lsf_sigma': array([0., 0., 0., ..., 0., 0., 0.], dtype=float32), 'lambda': array([ 3.7992686e+03,  3.8001436e+03,  3.8010186e+03, ...,
       -1.0000000e+00, -1.0000000e+00, -1.0000000e+00], dtype=float32), 'mask': array([ True,  True,  True, ...,  True,  True,  True])}",0.0,0.0,-1.4389009e-06,8.742044e-06,False,92.176186,179.3371,275.71906,321.11203,345.98938,0.9195241,1.3421078,1.2894171,0.89629865,0.4371409,84.67521,179.97392,274.51318,321.77353,339.82794,1.5586703,1.33748,1.3750813,0.95974547,0.5097324,b'   1874638513106872320'
"{'flux': array([14.223609, 14.222306, 14.221005, ..., 24.404383, 24.404383,
       24.404383], dtype=float32), 'ivar': array([0., 0., 0., ..., 0., 0., 0.], dtype=float32), 'lsf_sigma': array([0., 0., 0., ..., 0., 0., 0.], dtype=float32), 'lambda': array([ 3.7992686e+03,  3.8001436e+03,  3.8010186e+03, ...,
       -1.0000000e+00, -1.0000000e+00, -1.0000000e+00], dtype=float32), 'mask': array([ True,  True,  True, ...,  True,  True,  True])}",0.0,0.0,-9.6313874e-05,7.712013e-06,False,9.513748,54.887367,124.20945,167.90216,199.25711,0.9195241,1.3421078,1.2894171,0.89629865,0.4371409,10.695344,54.830425,124.12275,167.7975,197.41154,1.5586703,1.33748,1.3750813,0.95974547,0.5097324,b'   1874638787984779264'
"{'flux': array([14.332294 , 14.330782 , 14.32927  , ..., 10.2811365, 10.2811365,
       10.2811365], dtype=float32), 'ivar': array([0., 0., 0., ..., 0., 0., 0.], dtype=float32), 'lsf_sigma': array([0., 0., 0., ..., 0., 0., 0.], dtype=float32), 'lambda': array([ 3.7992686e+03,  3.8001436e+03,  3.8010186e+03, ...,
       -1.0000000e+00, -1.0000000e+00, -1.0000000e+00], dtype=float32), 'mask': array([ True,  True,  True, ...,  True,  True,  True])}",0.0,0.0,-0.00013007228,1.3442186e-05,False,15.418521,35.842102,60.399715,72.191444,80.067154,0.9195241,1.3421078,1.2894171,0.89629865,0.4371409,14.228005,35.909397,60.137917,72.59104,77.70445,1.5586703,1.33748,1.3750813,0.95974547,0.5097324,b'   1874639062862686208'
"{'flux': array([50.505493, 50.500248, 50.495003, ..., 19.483532, 19.483532,
       19.483532], dtype=float32), 'ivar': array([0., 0., 0., ..., 0., 0., 0.], dtype=float32), 'lsf_sigma': array([0., 0., 0., ..., 0., 0., 0.], dtype=float32), 'lambda': array([ 3.7992686e+03,  3.8001436e+03,  3.8010186e+03, ...,
       -1.0000000e+00, -1.0000000e+00, -1.0000000e+00], dtype=float32), 'mask': array([ True,  True,  True, ...,  True,  True,  True])}",0.0,0.0,-0.00015013794,7.181491e-06,False,81.2872,133.17299,151.89706,153.40552,153.8649,0.9195241,1.3421078,1.2894171,0.89629865,0.4371409,78.637596,131.9389,153.40701,151.7879,154.66455,1.5586703,1.33748,1.3750813,0.95974547,0.5097324,b'   1874639337740593152'
"{'flux': array([16.178263, 16.17636 , 16.17446 , ...,  8.453273,  8.453273,
        8.453273], dtype=float32), 'ivar': array([0., 0., 0., ..., 0., 0., 0.], dtype=float32), 'lsf_sigma': array([0., 0., 0., ..., 0., 0., 0.], dtype=float32), 'lambda': array([ 3.7992686e+03,  3.8001436e+03,  3.8010186e+03, ...,
       -1.0000000e+00, -1.0000000e+00, -1.0000000e+00], dtype=float32), 'mask': array([ True,  True,  True, ...,  True,  True,  True])}",0.0,0.0,-0.00018633335,1.3819348e-05,False,11.813706,29.018448,51.1319,63.06494,70.96217,0.9195241,1.3421078,1.2894171,0.89629865,0.4371409,11.156127,29.127304,50.941814,63.352924,68.898735,1.5586703,1.33748,1.3750813,0.95974547,0.5097324,b'   1874639612618500096'
"{'flux': array([19.218224, 19.216188, 19.214153, ..., 11.534602, 11.534602,
       11.534602], dtype=float32), 'ivar': array([0., 0., 0., ..., 0., 0., 0.], dtype=float32), 'lsf_sigma': array([0., 0., 0., ..., 0., 0., 0.], dtype=float32), 'lambda': array([ 3.7992686e+03,  3.8001436e+03,  3.8010186e+03, ...,
       -1.0000000e+00, -1.0000000e+00, -1.0000000e+00], dtype=float32), 'mask': array([ True,  True,  True, ...,  True,  True,  True])}",53.61771,12.472814,0.0110121295,4.5076977e-06,False,19.566414,35.60779,54.901024,66.75384,81.436226,0.9195241,1.3421078,1.2894171,0.89629865,0.4371409,19.287342,35.26909,54.21728,66.447624,81.05186,1.5586703,1.33748,1.3750813,0.95974547,0.5097324,b'   1874639887496407040'
"{'flux': array([12.274431, 12.273003, 12.271574, ..., 23.366447, 23.366447,
       23.366447], dtype=float32), 'ivar': array([0., 0., 0., ..., 0., 0., 0.], dtype=float32), 'lsf_sigma': array([0., 0., 0., ..., 0., 0., 0.], dtype=float32), 'lambda': array([ 3.7992686e+03,  3.8001436e+03,  3.8010186e+03, ...,
       -1.0000000e+00, -1.0000000e+00, -1.0000000e+00], dtype=float32), 'mask': array([ True,  True,  True, ...,  True,  True,  True])}",0.0,0.0,-0.00013090887,9.958865e-06,False,9.514425,34.217426,88.81919,133.98756,171.76521,0.9195241,1.3421078,1.2894171,0.89629865,0.4371409,10.266561,34.254753,88.354675,134.58968,168.09091,1.5586703,1.33748,1.3750813,0.95974547,0.5097324,b'   1874640162374313984'
"{'flux': array([18.321705, 18.319395, 18.317091, ..., 23.223597, 23.223597,
       23.223597], dtype=float32), 'ivar': array([0., 0., 0., ..., 0., 0., 0.], dtype=float32), 'lsf_sigma': array([0., 0., 0., ..., 0., 0., 0.], dtype=float32), 'lambda': array([ 3.7992686e+03,  3.8001436e+03,  3.8010186e+03, ...,
       -1.0000000e+00, -1.0000000e+00, -1.0000000e+00], dtype=float32), 'mask': array([ True,  True,  True, ...,  True,  True,  True])}",0.0,0.0,2.5130357e-05,7.3814904e-06,False,11.570726,51.926903,111.17489,146.48703,170.7534,0.9195241,1.3421078,1.2894171,0.89629865,0.4371409,12.704867,51.848015,111.044754,146.77348,170.0046,1.5586703,1.33748,1.3750813,0.95974547,0.5097324,b'   1874640437252220928'
"{'flux': array([ 9.556158,  9.554979,  9.553804, ..., 21.432066, 21.432066,
       21.432066], dtype=float32), 'ivar': array([0., 0., 0., ..., 0., 0., 0.], dtype=float32), 'lsf_sigma': array([0., 0., 0., ..., 0., 0., 0.], dtype=float32), 'lambda': array([ 3.7992686e+03,  3.8001436e+03,  3.8010186e+03, ...,
       -1.0000000e+00, -1.0000000e+00, -1.0000000e+00], dtype=float32), 'mask': array([ True,  True,  True, ...,  True,  True,  True])}",54.016487,5.010752,0.020310553,1.28100855e-05,False,8.073411,30.61073,72.36097,110.37348,148.58607,0.9195241,1.3421078,1.2894171,0.89629865,0.4371409,7.97816,30.721222,72.164986,110.55116,148.20238,1.5586703,1.33748,1.3750813,0.95974547,0.5097324,b'   1874640712130127872'
"{'flux': array([16.327076, 16.325048, 16.323029, ...,  8.655775,  8.655775,
        8.655775], dtype=float32), 'ivar': array([0., 0., 0., ..., 0., 0., 0.], dtype=float32), 'lsf_sigma': array([0., 0., 0., ..., 0., 0., 0.], dtype=float32), 'lambda': array([ 3.7992686e+03,  3.8001436e+03,  3.8010186e+03, ...,
       -1.0000000e+00, -1.0000000e+00, -1.0000000e+00], dtype=float32), 'mask': array([ True,  True,  True, ...,  True,  True,  True])}",0.0,0.0,7.146106e-05,1.6032927e-05,False,13.6037445,27.891258,45.018375,54.77049,61.894047,0.9195241,1.3421078,1.2894171,0.89629865,0.4371409,12.414584,28.000444,44.91741,54.883686,60.93149,1.5586703,1.33748,1.3750813,0.95974547,0.5097324,b'   1874640987008034816'
"{'flux': array([ 5.3211927,  5.320535 ,  5.319878 , ..., 19.769123 , 19.769123 ,
       19.769123 ], dtype=float32), 'ivar': array([0., 0., 0., ..., 0., 0., 0.], dtype=float32), 'lsf_sigma': array([0., 0., 0., ..., 0., 0., 0.], dtype=float32), 'lambda': array([ 3.7992686e+03,  3.8001436e+03,  3.8010186e+03, ...,
       -1.0000000e+00, -1.0000000e+00, -1.0000000e+00], dtype=float32), 'mask': array([ True,  True,  True, ...,  True,  True,  True])}",38.51865,4.300539,0.01654751,1.1167567e-05,False,7.0367537,28.033295,64.29516,95.340546,126.58807,0.9195241,1.3421078,1.2894171,0.89629865,0.4371409,7.1209836,28.110397,64.04135,95.68997,126.06634,1.5586703,1.33748,1.3750813,0.95974547,0.5097324,b'   1874641536763848704'
"{'flux': array([9.350406 , 9.349254 , 9.3481045, ..., 6.969435 , 6.969435 ,
       6.969435 ], dtype=float32), 'ivar': array([0., 0., 0., ..., 0., 0., 0.], dtype=float32), 'lsf_sigma': array([0., 0., 0., ..., 0., 0., 0.], dtype=float32), 'lambda': array([ 3.7992686e+03,  3.8001436e+03,  3.8010186e+03, ...,
       -1.0000000e+00, -1.0000000e+00, -1.0000000e+00], dtype=float32), 'mask': array([ True,  True,  True, ...,  True,  True,  True])}",0.0,0.0,-0.00020641336,1.233021e-05,False,9.714399,24.031675,39.51838,47.813305,55.036423,0.9195241,1.3421078,1.2894171,0.89629865,0.4371409,9.475497,24.028593,39.467472,47.855774,53.54288,1.5586703,1.33748,1.3750813,0.95974547,0.5097324,b'   1874642086519662592'
"{'flux': array([37.538284, 37.533848, 37.52942 , ..., 94.777176, 94.777176,
       94.777176], dtype=float32), 'ivar': array([0., 0., 0., ..., 0., 0., 0.], dtype=float32), 'lsf_sigma': array([0., 0., 0., ..., 0., 0., 0.], dtype=float32), 'lambda': array([ 3.7992686e+03,  3.8001436e+03,  3.8010186e+03, ...,
       -1.0000000e+00, -1.0000000e+00, -1.0000000e+00], dtype=float32), 'mask': array([ True,  True,  True, ...,  True,  True,  True])}",0.0,0.0,0.00020299965,8.860437e-06,False,47.39165,183.63133,423.17072,587.0389,698.26105,0.9195241,1.3421078,1.2894171,0.89629865,0.4371409,44.199844,183.85965,422.11905,588.6743,694.42883,1.5586703,1.33748,1.3750813,0.95974547,0.5097324,b'   1874642361397569536'
"{'flux': array([ 54.56666 ,  54.56018 ,  54.553707, ..., 136.25697 , 136.25697 ,
       136.25697 ], dtype=float32), 'ivar': array([0., 0., 0., ..., 0., 0., 0.], dtype=float32), 'lsf_sigma': array([0., 0., 0., ..., 0., 0., 0.], dtype=float32), 'lambda': array([ 3.7992686e+03,  3.8001436e+03,  3.8010186e+03, ...,
       -1.0000000e+00, -1.0000000e+00, -1.0000000e+00], dtype=float32), 'mask': array([ True,  True,  True, ...,  True,  True,  True])}",0.0,0.0,-0.000106436964,1.1644395e-05,False,62.516792,255.6645,601.2013,832.75507,978.23694,0.9195241,1.3421078,1.2894171,0.89629865,0.4371409,56.4294,256.27444,593.4507,842.8347,960.408,1.5586703,1.33748,1.3750813,0.95974547,0.5097324,b'   1874642636275476480'
"{'flux': array([56.80116 , 56.793457, 56.785763, ..., 48.127083, 48.127083,
       48.127083], dtype=float32), 'ivar': array([0., 0., 0., ..., 0., 0., 0.], dtype=float32), 'lsf_sigma': array([0., 0., 0., ..., 0., 0., 0.], dtype=float32), 'lambda': array([ 3.7992686e+03,  3.8001436e+03,  3.8010186e+03, ...,
       -1.0000000e+00, -1.0000000e+00, -1.0000000e+00], dtype=float32), 'mask': array([ True,  True,  True, ...,  True,  True,  True])}",0.0,0.0,0.0004409979,8.596713e-06,False,89.957794,161.58762,262.39172,320.3927,357.5641,0.9195241,1.3421078,1.2894171,0.89629865,0.4371409,80.8399,162.87558,260.22815,322.15286,352.26883,1.5586703,1.33748,1.3750813,0.95974547,0.5097324,b'   1874642911153383424'
"{'flux': array([11.821904, 11.820398, 11.818894, ..., 29.71693 , 29.71693 ,
       29.71693 ], dtype=float32), 'ivar': array([0., 0., 0., ..., 0., 0., 0.], dtype=float32), 'lsf_sigma': array([0., 0., 0., ..., 0., 0., 0.], dtype=float32), 'lambda': array([ 3.7992686e+03,  3.8001436e+03,  3.8010186e+03, ...,
       -1.0000000e+00, -1.0000000e+00, -1.0000000e+00], dtype=float32), 'mask': array([ True,  True,  True, ...,  True,  True,  True])}",87.28659,4.6196394,0.040444687,1.1630195e-05,False,13.065362,37.457348,88.298,138.29216,186.0941,0.9195241,1.3421078,1.2894171,0.89629865,0.4371409,12.532692,37.66309,87.936325,138.2799,185.22246,1.5586703,1.33748,1.3750813,0.95974547,0.5097324,b'   1874643186031290368'
"{'flux': array([33.02657, 33.02222, 33.01788, ..., 10.28567, 10.28567, 10.28567],
      dtype=float32), 'ivar': array([0., 0., 0., ..., 0., 0., 0.], dtype=float32), 'lsf_sigma': array([0., 0., 0., ..., 0., 0., 0.], dtype=float32), 'lambda': array([ 3.7992686e+03,  3.8001436e+03,  3.8010186e+03, ...,
       -1.0000000e+00, -1.0000000e+00, -1.0000000e+00], dtype=float32), 'mask': array([ True,  True,  True, ...,  True,  True,  True])}",0.0,0.0,-0.0002496714,1.0279332e-05,False,60.4149,89.33736,91.34278,87.04484,85.26737,0.9195241,1.3421078,1.2894171,0.89629865,0.4371409,58.286217,88.63785,92.44448,85.91044,86.12766,1.5586703,1.33748,1.3750813,0.95974547,0.5097324,b'   1874643460909197312'
"{'flux': array([58.59822 , 58.590073, 58.581924, ..., 23.740324, 23.740324,
       23.740324], dtype=float32), 'ivar': array([0., 0., 0., ..., 0., 0., 0.], dtype=float32), 'lsf_sigma': array([0.       , 0.       , 1.1675651, ..., 0.       , 0.       ,
       0.       ], dtype=float32), 'lambda': array([ 3.7992686e+03,  3.8001436e+03,  3.8010186e+03, ...,
       -1.0000000e+00, -1.0000000e+00, -1.0000000e+00], dtype=float32), 'mask': array([ True,  True,  True, ...,  True,  True,  True])}",0.0,0.0,-0.00019381268,4.6444525e-06,False,152.87859,200.74898,200.88129,185.30023,179.01955,0.9195241,1.3421078,1.2894171,0.89629865,0.4371409,138.26807,200.55814,201.55975,184.37888,177.5564,1.5586703,1.33748,1.3750813,0.95974547,0.5097324,b'   1874643735787104256'
"{'flux': array([ 9.5149555,  9.513618 ,  9.512282 , ..., 33.907253 , 33.907253 ,
       33.907253 ], dtype=float32), 'ivar': array([0., 0., 0., ..., 0., 0., 0.], dtype=float32), 'lsf_sigma': array([0.       , 0.       , 1.1677876, ..., 0.       , 0.       ,
       0.       ], dtype=float32), 'lambda': array([ 3.7992686e+03,  3.8001436e+03,  3.8010186e+03, ...,
       -1.0000000e+00, -1.0000000e+00, -1.0000000e+00], dtype=float32), 'mask': array([ True,  True,  True, ...,  True,  True,  True])}",152.93333,4.6437716,0.04858676,1.2896951e-05,False,7.7959137,33.75456,96.526306,157.86447,223.3395,0.9195241,1.3421078,1.2894171,0.89629865,0.4371409,5.501612,34.35456,95.72413,157.82585,224.57034,1.5586703,1.33748,1.3750813,0.95974547,0.5097324,b'   1874644560420825088'
"{'flux': array([ 4.826728 ,  4.826097 ,  4.8254666, ..., 31.995344 , 31.995344 ,
       31.995344 ], dtype=float32), 'ivar': array([0., 0., 0., ..., 0., 0., 0.], dtype=float32), 'lsf_sigma': array([0.       , 0.       , 1.2409033, ..., 0.       , 0.       ,
       0.       ], dtype=float32), 'lambda': array([ 3.7992686e+03,  3.8001436e+03,  3.8010186e+03, ...,
       -1.0000000e+00, -1.0000000e+00, -1.0000000e+00], dtype=float32), 'mask': array([ True,  True,  True, ...,  True,  True,  True])}",50.168407,5.6721544,0.023071613,1.3835739e-05,False,7.9359264,26.842695,77.8047,136.2956,206.86447,0.9195241,1.3421078,1.2894171,0.89629865,0.4371409,6.583465,27.358364,76.93623,136.6289,206.52032,1.5586703,1.33748,1.3750813,0.95974547,0.5097324,b'   1874645110176638976'
"{'flux': array([202.31818, 202.29219, 202.26622, ..., 218.70862, 218.70862,
       218.70862], dtype=float32), 'ivar': array([0., 0., 0., ..., 0., 0., 0.], dtype=float32), 'lsf_sigma': array([0.       , 0.       , 1.2396574, ..., 0.       , 0.       ,
       0.       ], dtype=float32), 'lambda': array([ 3.7992686e+03,  3.8001436e+03,  3.8010186e+03, ...,
       -1.0000000e+00, -1.0000000e+00, -1.0000000e+00], dtype=float32), 'mask': array([ True,  True,  True, ...,  True,  True,  True])}",0.0,0.0,-3.8719558e-05,7.694004e-06,False,254.07861,748.8281,1272.9037,1502.7568,1632.9316,0.9195241,1.3421078,1.2894171,0.89629865,0.4371409,250.9201,750.02094,1268.056,1504.2479,1611.023,1.5586703,1.33748,1.3750813,0.95974547,0.5097324,b'   1874645385054545920'
"{'flux': array([ 18.196861,  18.1952  ,  18.193539, ..., 107.46078 , 107.46078 ,
       107.46078 ], dtype=float32), 'ivar': array([0., 0., 0., ..., 0., 0., 0.], dtype=float32), 'lsf_sigma': array([0.       , 0.       , 1.2346761, ..., 0.       , 0.       ,
       0.       ], dtype=float32), 'lambda': array([ 3.7992686e+03,  3.8001436e+03,  3.8010186e+03, ...,
       -1.0000000e+00, -1.0000000e+00, -1.0000000e+00], dtype=float32), 'mask': array([ True,  True,  True, ...,  True,  True,  True])}",89.62829,1.6939186,0.017792994,4.950726e-06,False,43.805122,157.15245,359.65356,534.23004,706.80457,0.9195241,1.3421078,1.2894171,0.89629865,0.4371409,40.23085,157.72554,358.23132,535.00037,705.8418,1.5586703,1.33748,1.3750813,0.95974547,0.5097324,b'   1874645659932452864'
"{'flux': array([1.5403335, 1.5401974, 4.2962923, ..., 8.287936 , 8.287936 ,
       8.287936 ], dtype=float32), 'ivar': array([0.        , 0.04307307, 0.        , ..., 0.        , 0.        ,
       0.        ], dtype=float32), 'lsf_sigma': array([0.       , 1.2533584, 1.2338604, ..., 0.       , 0.       ,
       0.       ], dtype=float32), 'lambda': array([ 3.7992686e+03,  3.8001436e+03,  3.8010186e+03, ...,
       -1.0000000e+00, -1.0000000e+00, -1.0000000e+00], dtype=float32), 'mask': array([ True, False,  True, ...,  True,  True,  True])}",0.0,0.0,-0.00020083213,1.6292888e-05,False,9.281492,25.044739,42.49752,51.194725,55.80431,0.9195241,1.3421078,1.2894171,0.89629865,0.4371409,8.977095,25.010765,42.49489,50.952602,55.296677,1.5586703,1.33748,1.3750813,0.95974547,0.5097324,b'   1874645934810359808'
"{'flux': array([ 1.0638273,  1.0637386,  5.781762 , ..., 11.103299 , 11.103299 ,
       11.103299 ], dtype=float32), 'ivar': array([0.      , 0.053454, 0.      , ..., 0.      , 0.      , 0.      ],
      dtype=float32), 'lsf_sigma': array([0.       , 1.2534413, 1.2349662, ..., 0.       , 0.       ,
       0.       ], dtype=float32), 'lambda': array([ 3.7992686e+03,  3.8001436e+03,  3.8010186e+03, ...,
       -1.0000000e+00, -1.0000000e+00, -1.0000000e+00], dtype=float32), 'mask': array([ True, False,  True, ...,  True,  True,  True])}",850.0,-3.0,0.063622154,6.5890576e-06,False,8.702758,27.912052,52.367245,69.69568,80.91247,0.9195241,1.3421078,1.2894171,0.89629865,0.4371409,11.0270605,27.643143,52.23333,69.90757,78.01875,1.5586703,1.33748,1.3750813,0.95974547,0.5097324,b'   1874646209688266752'
"{'flux': array([3.4732478, 3.4729843, 7.6349416, ..., 8.717734 , 8.717734 ,
       8.717734 ], dtype=float32), 'ivar': array([0.        , 0.04735767, 0.        , ..., 0.        , 0.        ,
       0.        ], dtype=float32), 'lsf_sigma': array([0.       , 1.2534797, 1.2350267, ..., 0.       , 0.       ,
       0.       ], dtype=float32), 'lambda': array([ 3.7992686e+03,  3.8001436e+03,  3.8010186e+03, ...,
       -1.0000000e+00, -1.0000000e+00, -1.0000000e+00], dtype=float32), 'mask': array([ True, False,  True, ...,  True,  True,  True])}",53.05049,18.948517,0.059573878,5.008527e-06,False,13.217735,28.813421,41.526405,56.296413,60.3138,0.9195241,1.3421078,1.2894171,0.89629865,0.4371409,4.8593826,28.891026,41.702675,55.142914,62.778908,1.5586703,1.33748,1.3750813,0.95974547,0.5097324,b'   1874646484566173696'
"{'flux': array([14.0237875, 14.022582 , 15.95061  , ..., 27.35069  , 27.35069  ,
       27.35069  ], dtype=float32), 'ivar': array([0.        , 0.05666121, 0.        , ..., 0.        , 0.        ,
       0.        ], dtype=float32), 'lsf_sigma': array([0.       , 1.2536207, 1.2365999, ..., 0.       , 0.       ,
       0.       ], dtype=float32), 'lambda': array([ 3.7992686e+03,  3.8001436e+03,  3.8010186e+03, ...,
       -1.0000000e+00, -1.0000000e+00, -1.0000000e+00], dtype=float32), 'mask': array([ True, False,  True, ...,  True,  True,  True])}",169.55061,7.1099877,0.14662345,1.06250045e-05,False,24.048426,57.80579,107.57092,165.05226,195.7429,0.9195241,1.3421078,1.2894171,0.89629865,0.4371409,30.570204,57.549583,107.69567,164.0618,192.54137,1.5586703,1.33748,1.3750813,0.95974547,0.5097324,b'   1874646759444080640'
"{'flux': array([0.5532585, 0.5532105, 4.788361 , ..., 9.978011 , 9.978011 ,
       9.978011 ], dtype=float32), 'ivar': array([0.        , 0.05513739, 0.        , ..., 0.        , 0.        ,
       0.        ], dtype=float32), 'lsf_sigma': array([0.       , 1.2536522, 1.2326812, ..., 0.       , 0.       ,
       0.       ], dtype=float32), 'lambda': array([ 3.7992686e+03,  3.8001436e+03,  3.8010186e+03, ...,
       -1.0000000e+00, -1.0000000e+00, -1.0000000e+00], dtype=float32), 'mask': array([ True, False,  True, ...,  True,  True,  True])}",0.0,0.0,-5.1388e-05,1.3650657e-05,False,9.602301,27.131056,46.411526,56.204796,61.990902,0.9195241,1.3421078,1.2894171,0.89629865,0.4371409,9.917998,27.14256,46.33033,56.221294,60.802986,1.5586703,1.33748,1.3750813,0.95974547,0.5097324,b'   1874647034321987584'
"{'flux': array([25.76149 , 25.759172, 32.141567, ..., 13.914661, 13.914661,
       13.914661], dtype=float32), 'ivar': array([0.        , 0.08275408, 0.        , ..., 0.        , 0.        ,
       0.        ], dtype=float32), 'lsf_sigma': array([0.       , 1.2345914, 1.233933 , ..., 0.       , 0.       ,
       0.       ], dtype=float32), 'lambda': array([ 3.7992686e+03,  3.8001436e+03,  3.8010186e+03, ...,
       -1.0000000e+00, -1.0000000e+00, -1.0000000e+00], dtype=float32), 'mask': array([ True, False,  True, ...,  True,  True,  True])}",0.0,0.0,-0.0002641187,6.894795e-06,False,91.81717,124.71277,117.02452,105.46713,99.53921,0.9195241,1.3421078,1.2894171,0.89629865,0.4371409,86.93049,123.793304,118.188644,104.07779,100.86823,1.5586703,1.33748,1.3750813,0.95974547,0.5097324,b'   1874647309199894528'
"{'flux': array([30.122814, 30.120077, 40.523766, ..., 36.822994, 36.822994,
       36.822994], dtype=float32), 'ivar': array([0.        , 0.08459641, 0.        , ..., 0.        , 0.        ,
       0.        ], dtype=float32), 'lsf_sigma': array([0.       , 1.2339331, 1.2326595, ..., 0.       , 0.       ,
       0.       ], dtype=float32), 'lambda': array([ 3.7992686e+03,  3.8001436e+03,  3.8010186e+03, ...,
       -1.0000000e+00, -1.0000000e+00, -1.0000000e+00], dtype=float32), 'mask': array([ True, False,  True, ...,  True,  True,  True])}",0.0,0.0,2.9614497e-05,1.07050855e-05,False,81.5883,153.12477,227.26384,259.60184,273.97726,0.9195241,1.3421078,1.2894171,0.89629865,0.4371409,75.748695,153.63438,226.58957,259.9749,270.3829,1.5586703,1.33748,1.3750813,0.95974547,0.5097324,b'   1874647584077801472'
"{'flux': array([-0.26866505, -0.26864335,  0.69297266, ..., 12.538221  ,
       12.538221  , 12.538221  ], dtype=float32), 'ivar': array([0.        , 0.16478263, 0.        , ..., 0.        , 0.        ,
       0.        ], dtype=float32), 'lsf_sigma': array([0.       , 1.2326024, 1.2292625, ..., 0.       , 0.       ,
       0.       ], dtype=float32), 'lambda': array([ 3.7992686e+03,  3.8001436e+03,  3.8010186e+03, ...,
       -1.0000000e+00, -1.0000000e+00, -1.0000000e+00], dtype=float32), 'mask': array([ True, False,  True, ...,  True,  True,  True])}",118.70723,7.974374,0.10687568,2.340481e-05,False,3.408651,14.057562,38.995674,61.248447,84.77591,0.9195241,1.3421078,1.2894171,0.89629865,0.4371409,3.3674774,14.103579,38.899006,61.0753,84.42069,1.5586703,1.33748,1.3750813,0.95974547,0.5097324,b'   1874647858955708416'
"{'flux': array([-3.8064075, -3.8060505, -0.6189102, ..., 19.958838 , 19.958838 ,
       19.958838 ], dtype=float32), 'ivar': array([0.        , 0.15871488, 0.        , ..., 0.        , 0.        ,
       0.        ], dtype=float32), 'lsf_sigma': array([0.       , 1.2348051, 1.2288833, ..., 0.       , 0.       ,
       0.       ], dtype=float32), 'lambda': array([ 3.7992686e+03,  3.8001436e+03,  3.8010186e+03, ...,
       -1.0000000e+00, -1.0000000e+00, -1.0000000e+00], dtype=float32), 'mask': array([ True, False,  True, ...,  True,  True,  True])}",296.84988,9.089882,0.15450118,2.4410081e-05,False,4.3596687,17.439964,57.176163,95.37414,135.84683,0.9195241,1.3421078,1.2894171,0.89629865,0.4371409,5.459707,17.424398,57.188034,95.279144,135.59721,1.5586703,1.33748,1.3750813,0.95974547,0.5097324,b'   1874648133833615360'
"{'flux': array([ 0.8074642 , -0.52153116,  0.7085296 , ..., 21.22239   ,
       21.22239   , 21.22239   ], dtype=float32), 'ivar': array([0.0583875 , 0.16897827, 0.23293571, ..., 0.        , 0.        ,
       0.        ], dtype=float32), 'lsf_sigma': array([1.2543216, 1.2341635, 1.2304063, ..., 0.       , 0.       ,
       0.       ], dtype=float32), 'lambda': array([ 3.7992686e+03,  3.8001436e+03,  3.8010186e+03, ...,
       -1.0000000e+00, -1.0000000e+00, -1.0000000e+00], dtype=float32), 'mask': array([False, False, False, ...,  True,  True,  True])}",139.90158,6.157935,0.09898489,1.1451983e-05,False,6.34312,22.384382,61.548676,101.300095,141.89392,0.9195241,1.3421078,1.2894171,0.89629865,0.4371409,7.515952,22.383915,61.408897,101.38529,141.81853,1.5586703,1.33748,1.3750813,0.95974547,0.5097324,b'   1874648408711522304'
"{'flux': array([ 19.718643,  16.513388,  15.854677, ..., 122.26299 , 122.26299 ,
       122.26299 ], dtype=float32), 'ivar': array([0.03508792, 0.09919526, 0.18055828, ..., 0.        , 0.        ,
       0.        ], dtype=float32), 'lsf_sigma': array([1.2543439, 1.2349099, 1.2271307, ..., 0.       , 0.       ,
       0.       ], dtype=float32), 'lambda': array([ 3.7992686e+03,  3.8001436e+03,  3.8010186e+03, ...,
       -1.0000000e+00, -1.0000000e+00, -1.0000000e+00], dtype=float32), 'mask': array([False, False, False, ...,  True,  True,  True])}",97.01093,1.6616143,0.014342255,5.14583e-06,False,42.276123,160.20392,386.25998,587.7516,791.4825,0.9195241,1.3421078,1.2894171,0.89629865,0.4371409,36.697,161.44077,383.27142,588.5945,791.438,1.5586703,1.33748,1.3750813,0.95974547,0.5097324,b'   1874648683589429248'
"{'flux': array([-1.7341639,  2.7197313,  6.450472 , ..., 30.670454 , 30.670454 ,
       30.670454 ], dtype=float32), 'ivar': array([0.05460254, 0.14583777, 0.24675727, ..., 0.        , 0.        ,
       0.        ], dtype=float32), 'lsf_sigma': array([1.2544163, 1.233762 , 1.22706  , ..., 0.       , 0.       ,
       0.       ], dtype=float32), 'lambda': array([ 3.7992686e+03,  3.8001436e+03,  3.8010186e+03, ...,
       -1.0000000e+00, -1.0000000e+00, -1.0000000e+00], dtype=float32), 'mask': array([False, False, False, ...,  True,  True,  True])}",103.72611,3.5871599,0.04804369,1.0188144e-05,False,11.4351015,39.183826,97.76048,150.03244,201.2586,0.9195241,1.3421078,1.2894171,0.89629865,0.4371409,10.374081,39.543633,97.075905,150.12471,201.41191,1.5586703,1.33748,1.3750813,0.95974547,0.5097324,b'   1874648958467336192'
"{'flux': array([0.16023631, 4.7945127 , 6.584243  , ..., 8.465744  , 8.465744  ,
       8.465744  ], dtype=float32), 'ivar': array([0.04879786, 0.13521254, 0.22250053, ..., 0.        , 0.        ,
       0.        ], dtype=float32), 'lsf_sigma': array([1.2544839, 1.2329662, 1.2263957, ..., 0.       , 0.       ,
       0.       ], dtype=float32), 'lambda': array([ 3.7992686e+03,  3.8001436e+03,  3.8010186e+03, ...,
       -1.0000000e+00, -1.0000000e+00, -1.0000000e+00], dtype=float32), 'mask': array([False, False, False, ...,  True,  True,  True])}",0.0,0.0,-2.8745682e-05,1.4435352e-05,False,10.293214,27.05815,45.30046,54.657692,59.286987,0.9195241,1.3421078,1.2894171,0.89629865,0.4371409,10.455923,27.077164,45.434772,54.383404,58.49189,1.5586703,1.33748,1.3750813,0.95974547,0.5097324,b'   1874649233345243136'
"{'flux': array([ 2.6129918,  4.105184 ,  5.54246  , ..., 26.221354 , 26.221354 ,
       26.221354 ], dtype=float32), 'ivar': array([0.14424595, 0.13782321, 0.22808738, ..., 0.        , 0.        ,
       0.        ], dtype=float32), 'lsf_sigma': array([1.234113 , 1.2342718, 1.2274729, ..., 0.       , 0.       ,
       0.       ], dtype=float32), 'lambda': array([ 3.7992686e+03,  3.8001436e+03,  3.8010186e+03, ...,
       -1.0000000e+00, -1.0000000e+00, -1.0000000e+00], dtype=float32), 'mask': array([False, False, False, ...,  True,  True,  True])}",166.86768,4.9864626,0.08529358,1.2652027e-05,False,8.682526,33.73688,91.79894,142.99911,196.04948,0.9195241,1.3421078,1.2894171,0.89629865,0.4371409,7.349296,33.98265,91.4717,143.20972,196.35081,1.5586703,1.33748,1.3750813,0.95974547,0.5097324,b'   1874649508223150080'
"{'flux': array([ 6.405622 ,  7.6738577, 10.76241  , ..., 10.551348 , 10.551348 ,
       10.551348 ], dtype=float32), 'ivar': array([0.06936654, 0.1735578 , 0.19101995, ..., 0.        , 0.        ,
       0.        ], dtype=float32), 'lsf_sigma': array([1.2189238, 1.2296995, 1.2282368, ..., 0.       , 0.       ,
       0.       ], dtype=float32), 'lambda': array([ 3.7992686e+03,  3.8001436e+03,  3.8010186e+03, ...,
       -1.0000000e+00, -1.0000000e+00, -1.0000000e+00], dtype=float32), 'mask': array([False, False, False, ...,  True,  True,  True])}",0.0,0.0,-0.00015873593,1.3692588e-05,False,18.182764,37.687176,60.804916,71.67762,77.06059,0.9195241,1.3421078,1.2894171,0.89629865,0.4371409,16.108076,37.806705,60.555267,71.86161,75.38391,1.5586703,1.33748,1.3750813,0.95974547,0.5097324,b'   1874649783101057024'
"{'flux': array([24.67574 , 24.673239, 31.22971 , ..., 20.9779  , 20.9779  ,
       20.9779  ], dtype=float32), 'ivar': array([0.        , 0.09482832, 0.        , ..., 0.        , 0.        ,
       0.        ], dtype=float32), 'lsf_sigma': array([0.       , 1.2342166, 1.231332 , ..., 0.       , 0.       ,
       0.       ], dtype=float32), 'lambda': array([ 3.7992686e+03,  3.8001436e+03,  3.8010186e+03, ...,
       -1.0000000e+00, -1.0000000e+00, -1.0000000e+00], dtype=float32), 'mask': array([ True, False,  True, ...,  True,  True,  True])}",0.0,0.0,-0.0002606117,7.282367e-06,False,82.010796,132.21053,151.03584,151.33829,149.39212,0.9195241,1.3421078,1.2894171,0.89629865,0.4371409,77.95574,131.1999,152.32494,149.48203,150.73947,1.5586703,1.33748,1.3750813,0.95974547,0.5097324,b'   1874650332856870912'
"{'flux': array([20.4752  , 20.473196, 27.423979, ..., 13.292199, 13.292199,
       13.292199], dtype=float32), 'ivar': array([0.        , 0.09330358, 0.        , ..., 0.        , 0.        ,
       0.        ], dtype=float32), 'lsf_sigma': array([0.       , 1.234873 , 1.2299764, ..., 0.       , 0.       ,
       0.       ], dtype=float32), 'lambda': array([ 3.7992686e+03,  3.8001436e+03,  3.8010186e+03, ...,
       -1.0000000e+00, -1.0000000e+00, -1.0000000e+00], dtype=float32), 'mask': array([ True, False,  True, ...,  True,  True,  True])}",0.0,0.0,-0.00026633654,7.666939e-06,False,69.44386,101.77247,102.29689,97.56011,94.40139,0.9195241,1.3421078,1.2894171,0.89629865,0.4371409,66.062614,100.83418,104.31166,96.46161,95.207985,1.5586703,1.33748,1.3750813,0.95974547,0.5097324,b'   1874650607734777856'
"{'flux': array([ 2.1670113,  1.5150115,  2.4209545, ..., 23.546637 , 23.546637 ,
       23.546637 ], dtype=float32), 'ivar': array([0.05191719, 0.14285272, 0.24746816, ..., 0.        , 0.        ,
       0.        ], dtype=float32), 'lsf_sigma': array([1.2548778, 1.2366871, 1.2280089, ..., 0.       , 0.       ,
       0.       ], dtype=float32), 'lambda': array([ 3.7992686e+03,  3.8001436e+03,  3.8010186e+03, ...,
       -1.0000000e+00, -1.0000000e+00, -1.0000000e+00], dtype=float32), 'mask': array([ True, False, False, ...,  True,  True,  True])}",150.31363,5.4978275,0.07352387,1.2978849e-05,False,5.632012,25.421898,70.929924,114.92066,159.66055,0.9195241,1.3421078,1.2894171,0.89629865,0.4371409,4.9235625,25.67001,70.67962,114.371254,160.24092,1.5586703,1.33748,1.3750813,0.95974547,0.5097324,b'   1874650882612684800'
"{'flux': array([-5.5569034, -3.6592786,  1.1474466, ..., 11.850234 , 11.850234 ,
       11.850234 ], dtype=float32), 'ivar': array([0.05830491, 0.15173706, 0.263513  , ..., 0.        , 0.        ,
       0.        ], dtype=float32), 'lsf_sigma': array([1.2406708, 1.2240026, 1.216879 , ..., 0.       , 0.       ,
       0.       ], dtype=float32), 'lambda': array([ 3.7992686e+03,  3.8001436e+03,  3.8010186e+03, ...,
       -1.0000000e+00, -1.0000000e+00, -1.0000000e+00], dtype=float32), 'mask': array([ True, False, False, ...,  True,  True,  True])}",43.33522,7.572867,0.02058422,1.9103794e-05,False,5.0628037,17.793737,38.878674,56.926846,75.3957,0.9195241,1.3421078,1.2894171,0.89629865,0.4371409,5.6434674,17.817728,38.833786,57.017704,73.438774,1.5586703,1.33748,1.3750813,0.95974547,0.5097324,b'   1874651157490591744'
"{'flux': array([3.5172431, 5.9619894, 7.646483 , ..., 8.6311245, 8.6311245,
       8.6311245], dtype=float32), 'ivar': array([0.04814155, 0.13017869, 0.18228334, ..., 0.        , 0.        ,
       0.        ], dtype=float32), 'lsf_sigma': array([1.2406992, 1.2230147, 1.2181114, ..., 0.       , 0.       ,
       0.       ], dtype=float32), 'lambda': array([ 3.7992686e+03,  3.8001436e+03,  3.8010186e+03, ...,
       -1.0000000e+00, -1.0000000e+00, -1.0000000e+00], dtype=float32), 'mask': array([ True, False, False, ...,  True,  True,  True])}",0.0,0.0,-0.00021092291,1.293104e-05,False,10.86717,24.786726,42.006096,52.415703,58.530254,0.9195241,1.3421078,1.2894171,0.89629865,0.4371409,10.329201,24.918022,41.932915,52.266705,58.13371,1.5586703,1.33748,1.3750813,0.95974547,0.5097324,b'   1874651432368498688'
"{'flux': array([ 5.515836,  9.635748, 14.172232, ..., 23.453577, 23.453577,
       23.453577], dtype=float32), 'ivar': array([0.03408806, 0.13210265, 0.33902374, ..., 0.        , 0.        ,
       0.        ], dtype=float32), 'lsf_sigma': array([1.240732 , 1.2200626, 1.2131654, ..., 0.       , 0.       ,
       0.       ], dtype=float32), 'lambda': array([ 3.7992686e+03,  3.8001436e+03,  3.8010186e+03, ...,
       -1.0000000e+00, -1.0000000e+00, -1.0000000e+00], dtype=float32), 'mask': array([ True, False, False, ...,  True,  True,  True])}",0.0,0.0,-0.00024398006,1.03290295e-05,False,20.886961,56.88515,109.67661,143.84549,165.75383,0.9195241,1.3421078,1.2894171,0.89629865,0.4371409,18.985615,57.222126,109.123184,143.86446,163.84724,1.5586703,1.33748,1.3750813,0.95974547,0.5097324,b'   1874651707246405632'
"{'flux': array([ 9.386263, 13.515992, 16.984623, ..., 16.590406, 16.590406,
       16.590406], dtype=float32), 'ivar': array([0.04371655, 0.11212243, 0.18760341, ..., 0.        , 0.        ,
       0.        ], dtype=float32), 'lsf_sigma': array([1.240802 , 1.2229563, 1.2168301, ..., 0.       , 0.       ,
       0.       ], dtype=float32), 'lambda': array([ 3.7992686e+03,  3.8001436e+03,  3.8010186e+03, ...,
       -1.0000000e+00, -1.0000000e+00, -1.0000000e+00], dtype=float32), 'mask': array([ True, False, False, ...,  True,  True,  True])}",0.0,0.0,-2.3661669e-05,9.897408e-06,False,30.62731,60.460537,91.0736,106.34228,114.9064,0.9195241,1.3421078,1.2894171,0.89629865,0.4371409,29.077854,60.65532,91.00313,106.20903,112.80398,1.5586703,1.33748,1.3750813,0.95974547,0.5097324,b'   1874651982124312576'
"{'flux': array([ 2.9361713,  5.878115 , 12.306307 , ...,  9.283494 ,  9.283494 ,
        9.283494 ], dtype=float32), 'ivar': array([0.12109096, 0.12075419, 0.19712849, ..., 0.        , 0.        ,
       0.        ], dtype=float32), 'lsf_sigma': array([1.223629 , 1.2226415, 1.2167552, ..., 0.       , 0.       ,
       0.       ], dtype=float32), 'lambda': array([ 3.7992686e+03,  3.8001436e+03,  3.8010186e+03, ...,
       -1.0000000e+00, -1.0000000e+00, -1.0000000e+00], dtype=float32), 'mask': array([ True, False, False, ...,  True,  True,  True])}",0.0,0.0,-0.00022891599,1.4726597e-05,False,17.943167,34.009212,51.618633,60.227936,64.55663,0.9195241,1.3421078,1.2894171,0.89629865,0.4371409,16.766424,34.196674,51.614307,60.29214,63.881004,1.5586703,1.33748,1.3750813,0.95974547,0.5097324,b'   1874652257002219520'
"{'flux': array([ 4.0673833,  8.3471775, 16.075214 , ...,  5.667077 ,  5.667077 ,
        5.667077 ], dtype=float32), 'ivar': array([0.07236665, 0.12311482, 0.19159023, ..., 0.        , 0.        ,
       0.        ], dtype=float32), 'lsf_sigma': array([1.2098333, 1.2217911, 1.2168643, ..., 0.       , 0.       ,
       0.       ], dtype=float32), 'lambda': array([ 3.7992686e+03,  3.8001436e+03,  3.8010186e+03, ...,
       -1.0000000e+00, -1.0000000e+00, -1.0000000e+00], dtype=float32), 'mask': array([ True, False, False, ...,  True,  True,  True])}",0.0,0.0,-0.00027685607,1.3889725e-05,False,33.261528,48.734295,47.291763,43.915867,42.31084,0.9195241,1.3421078,1.2894171,0.89629865,0.4371409,32.218346,48.37527,47.95118,43.14734,43.463943,1.5586703,1.33748,1.3750813,0.95974547,0.5097324,b'   1874652531880126464'
"{'flux': array([ 0.653967 ,  2.272578 ,  4.3929205, ..., 17.757692 , 17.757692 ,
       17.757692 ], dtype=float32), 'ivar': array([0.08345939, 0.11662477, 0.18050674, ..., 0.        , 0.        ,
       0.        ], dtype=float32), 'lsf_sigma': array([1.2275724, 1.2220532, 1.2169389, ..., 0.       , 0.       ,
       0.       ], dtype=float32), 'lambda': array([ 3.7992686e+03,  3.8001436e+03,  3.8010186e+03, ...,
       -1.0000000e+00, -1.0000000e+00, -1.0000000e+00], dtype=float32), 'mask': array([ True, False, False, ...,  True,  True,  True])}",0.0,0.0,-3.5708978e-05,8.907607e-06,False,9.449629,40.390545,81.85141,104.8089,118.9055,0.9195241,1.3421078,1.2894171,0.89629865,0.4371409,10.579433,40.27007,82.00747,104.52225,119.27624,1.5586703,1.33748,1.3750813,0.95974547,0.5097324,b'   1874652806758033408'
"{'flux': array([-4.6347976, -4.6342044,  0.51904  , ..., 15.706043 , 15.706043 ,
       15.706043 ], dtype=float32), 'ivar': array([0.        , 0.14884035, 0.        , ..., 0.        , 0.        ,
       0.        ], dtype=float32), 'lsf_sigma': array([0.       , 1.2237252, 1.2190386, ..., 0.       , 0.       ,
       0.       ], dtype=float32), 'lambda': array([ 3.7992686e+03,  3.8001436e+03,  3.8010186e+03, ...,
       -1.0000000e+00, -1.0000000e+00, -1.0000000e+00], dtype=float32), 'mask': array([ True, False,  True, ...,  True,  True,  True])}",0.0,0.0,5.1641367e-05,9.168931e-06,False,2.0933259,16.044931,52.28839,81.625946,104.47577,0.9195241,1.3421078,1.2894171,0.89629865,0.4371409,1.5054376,16.292004,51.92402,81.84447,102.29008,1.5586703,1.33748,1.3750813,0.95974547,0.5097324,b'   1874653081635940352'
"{'flux': array([5.3272343, 5.326599 , 6.4981236, ..., 8.12655  , 8.12655  ,
       8.12655  ], dtype=float32), 'ivar': array([0.       , 0.1286713, 0.       , ..., 0.       , 0.       ,
       0.       ], dtype=float32), 'lsf_sigma': array([0.       , 1.2225244, 1.2197332, ..., 0.       , 0.       ,
       0.       ], dtype=float32), 'lambda': array([ 3.7992686e+03,  3.8001436e+03,  3.8010186e+03, ...,
       -1.0000000e+00, -1.0000000e+00, -1.0000000e+00], dtype=float32), 'mask': array([ True, False,  True, ...,  True,  True,  True])}",0.0,0.0,-0.00010550769,1.2666743e-05,False,11.940032,27.296415,45.50692,55.251087,60.404663,0.9195241,1.3421078,1.2894171,0.89629865,0.4371409,11.066081,27.392706,45.49038,55.08976,59.82688,1.5586703,1.33748,1.3750813,0.95974547,0.5097324,b'   1874653356513847296'
"{'flux': array([19.79366 , 19.791208, 27.296432, ..., 14.766768, 14.766768,
       14.766768], dtype=float32), 'ivar': array([0.        , 0.06890973, 0.        , ..., 0.        , 0.        ,
       0.        ], dtype=float32), 'lsf_sigma': array([0.       , 1.2280251, 1.2209549, ..., 0.       , 0.       ,
       0.       ], dtype=float32), 'lambda': array([ 3.7992686e+03,  3.8001436e+03,  3.8010186e+03, ...,
       -1.0000000e+00, -1.0000000e+00, -1.0000000e+00], dtype=float32), 'mask': array([ True, False,  True, ...,  True,  True,  True])}",0.0,0.0,-6.662938e-05,7.350242e-06,False,81.35619,117.586075,115.82018,107.48167,105.21703,0.9195241,1.3421078,1.2894171,0.89629865,0.4371409,77.187256,116.763245,116.82808,106.120895,105.51102,1.5586703,1.33748,1.3750813,0.95974547,0.5097324,b'   1874653906269661184'
"{'flux': array([ 42.02739 ,  42.02204 ,  41.114174, ..., 252.71227 , 252.71227 ,
       252.71227 ], dtype=float32), 'ivar': array([0.        , 0.08084681, 0.        , ..., 0.        , 0.        ,
       0.        ], dtype=float32), 'lsf_sigma': array([0.       , 1.2236745, 1.2196282, ..., 0.       , 0.       ,
       0.       ], dtype=float32), 'lambda': array([ 3.7992686e+03,  3.8001436e+03,  3.8010186e+03, ...,
       -1.0000000e+00, -1.0000000e+00, -1.0000000e+00], dtype=float32), 'mask': array([ True, False,  True, ...,  True,  True,  True])}",240.89503,2.2881882,0.015284244,5.7517113e-06,False,62.23524,284.2444,725.5178,1150.6965,1618.411,0.9195241,1.3421078,1.2894171,0.89629865,0.4371409,56.79403,286.61923,721.3012,1145.6353,1629.3989,1.5586703,1.33748,1.3750813,0.95974547,0.5097324,b'   1874654181147568128'
"{'flux': array([-0.6601557 ,  0.84689844,  3.2111735 , ..., 21.732443  ,
       21.732443  , 21.732443  ], dtype=float32), 'ivar': array([0.05279241, 0.13648133, 0.2477611 , ..., 0.        , 0.        ,
       0.        ], dtype=float32), 'lsf_sigma': array([1.2413125, 1.2239379, 1.217599 , ..., 0.       , 0.       ,
       0.       ], dtype=float32), 'lambda': array([ 3.7992686e+03,  3.8001436e+03,  3.8010186e+03, ...,
       -1.0000000e+00, -1.0000000e+00, -1.0000000e+00], dtype=float32), 'mask': array([ True, False, False, ...,  True,  True,  True])}",47.892387,4.4776316,0.016340818,1.1782589e-05,False,8.820891,29.9041,68.27696,101.102844,134.05232,0.9195241,1.3421078,1.2894171,0.89629865,0.4371409,8.300363,30.083204,68.01879,101.203094,133.02045,1.5586703,1.33748,1.3750813,0.95974547,0.5097324,b'   1874654456025475072'
"{'flux': array([4.3033123, 1.4081837, 7.4586396, ..., 9.368556 , 9.368556 ,
       9.368556 ], dtype=float32), 'ivar': array([0.04461517, 0.11734174, 0.19988167, ..., 0.        , 0.        ,
       0.        ], dtype=float32), 'lsf_sigma': array([1.2413365, 1.2235413, 1.2170525, ..., 0.       , 0.       ,
       0.       ], dtype=float32), 'lambda': array([ 3.7992686e+03,  3.8001436e+03,  3.8010186e+03, ...,
       -1.0000000e+00, -1.0000000e+00, -1.0000000e+00], dtype=float32), 'mask': array([ True, False, False, ...,  True,  True,  True])}",0.0,0.0,1.1327747e-05,1.6267191e-05,False,12.5465145,27.937914,47.035007,57.61495,64.2533,0.9195241,1.3421078,1.2894171,0.89629865,0.4371409,12.431639,28.186466,46.85299,57.88084,63.387817,1.5586703,1.33748,1.3750813,0.95974547,0.5097324,b'   1874654730903382016'
"{'flux': array([-1.5453962,  3.8199465,  6.2073636, ...,  9.522881 ,  9.522881 ,
        9.522881 ], dtype=float32), 'ivar': array([0.04584413, 0.10899957, 0.19300874, ..., 0.        , 0.        ,
       0.        ], dtype=float32), 'lsf_sigma': array([1.241402 , 1.2242802, 1.2176222, ..., 0.       , 0.       ,
       0.       ], dtype=float32), 'lambda': array([ 3.7992686e+03,  3.8001436e+03,  3.8010186e+03, ...,
       -1.0000000e+00, -1.0000000e+00, -1.0000000e+00], dtype=float32), 'mask': array([ True, False, False, ...,  True,  True,  True])}",0.0,0.0,-0.00020364323,1.5172367e-05,False,12.375665,26.317589,44.022335,53.624813,61.463787,0.9195241,1.3421078,1.2894171,0.89629865,0.4371409,11.058887,26.564697,43.89878,53.70931,60.50589,1.5586703,1.33748,1.3750813,0.95974547,0.5097324,b'   1874655005781288960'
"{'flux': array([ 8.490478,  6.622877, 10.895817, ...,  7.710846,  7.710846,
        7.710846], dtype=float32), 'ivar': array([0.04305781, 0.11109931, 0.18937135, ..., 0.        , 0.        ,
       0.        ], dtype=float32), 'lsf_sigma': array([1.241435 , 1.2241149, 1.2175739, ..., 0.       , 0.       ,
       0.       ], dtype=float32), 'lambda': array([ 3.7992686e+03,  3.8001436e+03,  3.8010186e+03, ...,
       -1.0000000e+00, -1.0000000e+00, -1.0000000e+00], dtype=float32), 'mask': array([ True, False, False, ...,  True,  True,  True])}",0.0,0.0,-0.00034814546,1.8703942e-05,False,15.985779,30.764746,46.263348,54.03745,59.55421,0.9195241,1.3421078,1.2894171,0.89629865,0.4371409,15.573371,30.983004,46.11554,53.912434,57.88818,1.5586703,1.33748,1.3750813,0.95974547,0.5097324,b'   1874655280659195904'
"{'flux': array([21.158455, 25.91382 , 39.776882, ..., 19.381077, 19.381077,
       19.381077], dtype=float32), 'ivar': array([0.03598903, 0.0848835 , 0.13099866, ..., 0.        , 0.        ,
       0.        ], dtype=float32), 'lsf_sigma': array([1.241447 , 1.2236573, 1.2139208, ..., 0.       , 0.       ,
       0.       ], dtype=float32), 'lambda': array([ 3.7992686e+03,  3.8001436e+03,  3.8010186e+03, ...,
       -1.0000000e+00, -1.0000000e+00, -1.0000000e+00], dtype=float32), 'mask': array([ True, False, False, ...,  True,  True,  True])}",0.0,0.0,-0.00030051565,6.563137e-06,False,81.93796,131.37318,142.77339,138.79004,136.8033,0.9195241,1.3421078,1.2894171,0.89629865,0.4371409,78.20485,130.48734,144.09258,136.9343,138.38734,1.5586703,1.33748,1.3750813,0.95974547,0.5097324,b'   1874655555537102848'
"{'flux': array([5.121285 , 0.7060907, 5.614762 , ..., 7.418004 , 7.418004 ,
       7.418004 ], dtype=float32), 'ivar': array([0.04710326, 0.12332128, 0.21202557, ..., 0.        , 0.        ,
       0.        ], dtype=float32), 'lsf_sigma': array([1.2414685, 1.2238646, 1.2174122, ..., 0.       , 0.       ,
       0.       ], dtype=float32), 'lambda': array([ 3.7992686e+03,  3.8001436e+03,  3.8010186e+03, ...,
       -1.0000000e+00, -1.0000000e+00, -1.0000000e+00], dtype=float32), 'mask': array([ True, False, False, ...,  True,  True,  True])}",0.0,0.0,-0.00027167486,1.8556397e-05,False,11.370284,22.440334,36.11481,43.162827,48.52152,0.9195241,1.3421078,1.2894171,0.89629865,0.4371409,10.63071,22.685877,35.881954,43.305206,47.04971,1.5586703,1.33748,1.3750813,0.95974547,0.5097324,b'   1874655830415009792'
"{'flux': array([ 2.005747 ,  2.2125645,  4.8669376, ..., 20.315115 , 20.315115 ,
       20.315115 ], dtype=float32), 'ivar': array([0.05294235, 0.14116387, 0.25074226, ..., 0.        , 0.        ,
       0.        ], dtype=float32), 'lsf_sigma': array([1.2415489, 1.2241386, 1.2177056, ..., 0.       , 0.       ,
       0.       ], dtype=float32), 'lambda': array([ 3.7992686e+03,  3.8001436e+03,  3.8010186e+03, ...,
       -1.0000000e+00, -1.0000000e+00, -1.0000000e+00], dtype=float32), 'mask': array([ True, False, False, ...,  True,  True,  True])}",37.797714,4.967387,0.01818978,1.3031334e-05,False,8.144597,28.112991,65.13203,97.089554,129.26219,0.9195241,1.3421078,1.2894171,0.89629865,0.4371409,7.5119114,28.298431,64.73233,97.18388,128.09796,1.5586703,1.33748,1.3750813,0.95974547,0.5097324,b'   1874656105292916736'
"{'flux': array([ 9.927921, 10.341892, 16.369307, ..., 36.146267, 36.146267,
       36.146267], dtype=float32), 'ivar': array([0.0458623 , 0.12444179, 0.20434424, ..., 0.        , 0.        ,
       0.        ], dtype=float32), 'lsf_sigma': array([1.2346368, 1.2558559, 1.263463 , ..., 0.       , 0.       ,
       0.       ], dtype=float32), 'lambda': array([ 3.7992686e+03,  3.8001436e+03,  3.8010186e+03, ...,
       -1.0000000e+00, -1.0000000e+00, -1.0000000e+00], dtype=float32), 'mask': array([ True, False, False, ...,  True,  True,  True])}",0.0,0.0,0.047173638,1.9311625e-05,False,22.629114,54.17965,113.99899,177.2127,231.15857,0.9195241,1.3421078,1.2894171,0.89629865,0.4371409,25.220673,52.23932,115.475815,175.1068,233.46103,1.5586703,1.33748,1.3750813,0.95974547,0.5097324,b'   1874656655048730624'
"{'flux': array([3.8406389 , 0.56801844, 7.462372  , ..., 8.604147  , 8.604147  ,
       8.604147  ], dtype=float32), 'ivar': array([0.05099623, 0.14349222, 0.22959313, ..., 0.        , 0.        ,
       0.        ], dtype=float32), 'lsf_sigma': array([1.2346822, 1.2572216, 1.2643727, ..., 0.       , 0.       ,
       0.       ], dtype=float32), 'lambda': array([ 3.7992686e+03,  3.8001436e+03,  3.8010186e+03, ...,
       -1.0000000e+00, -1.0000000e+00, -1.0000000e+00], dtype=float32), 'mask': array([ True, False, False, ...,  True,  True,  True])}",0.0,0.0,-2.3574787e-06,1.3088385e-05,False,12.051554,29.008324,47.424446,56.41471,60.128456,0.9195241,1.3421078,1.2894171,0.89629865,0.4371409,11.489162,29.251835,47.264683,56.06789,59.029774,1.5586703,1.33748,1.3750813,0.95974547,0.5097324,b'   1874656929926637568'
"{'flux': array([-0.20285761, -1.6168405 ,  9.459523  , ...,  7.9606624 ,
        7.9606624 ,  7.9606624 ], dtype=float32), 'ivar': array([0.05082398, 0.14911842, 0.23204598, ..., 0.        , 0.        ,
       0.        ], dtype=float32), 'lsf_sigma': array([1.234706 , 1.2575837, 1.2637291, ..., 0.       , 0.       ,
       0.       ], dtype=float32), 'lambda': array([ 3.7992686e+03,  3.8001436e+03,  3.8010186e+03, ...,
       -1.0000000e+00, -1.0000000e+00, -1.0000000e+00], dtype=float32), 'mask': array([ True, False, False, ...,  True,  True,  True])}",0.0,0.0,-0.00024243358,1.4986082e-05,False,13.585818,26.663584,41.711903,49.036385,52.948296,0.9195241,1.3421078,1.2894171,0.89629865,0.4371409,12.042386,26.899273,41.549046,48.77185,52.001392,1.5586703,1.33748,1.3750813,0.95974547,0.5097324,b'   1874657204804544512'
